Hospital_ID,Department_ID,Date,Total_Beds,Occupied_Beds,Available_Beds,Equipment_Count,Equipment_In_Use,Staff_Available,Staff_Allocated,Resource_Status
H004,D007,2025-01-29,34,13,21,38.0,14.0,14.0,11.0,Normal
H006,D009,2025-11-14,19,12,7,9.0,1.0,17.0,2.0,Normal
H006,D008,2025-04-04,11,4,7,20.0,18.0,11.0,4.0,Normal
H005,D009,2025-09-21,24,2,22,35.0,17.0,22.0,5.0,Limited
H001,D001,2025-03-20,42,9,33,20.0,2.0,17.0,8.0,Limited
H007,D002,2025-06-10,21,12,9,6.0,5.0,17.0,13.0,Normal
H001,D006,2025-02-01,22,13,9,29.0,13.0,5.0,3.0,Normal
H003,D001,2025-09-07,57,45,12,18.0,15.0,8.0,1.0,High Utilization
H002,D002,2025-06-27,58,33,25,5.0,2.0,12.0,9.0,Normal
H005,D009,2025-10-06,27,5,22,11.0,11.0,10.0,2.0,Limited
H004,D008,2025-07-01,40,13,27,5.0,3.0,8.0,1.0,Normal
H002,D001,2025-06-07,49,1,48,5.0,3.0,17.0,13.0,Limited
H006,D005,2025-11-07,34,0,34,12.0,0.0,10.0,3.0,Limited
H001,D004,2025-07-05,51,10,41,11.0,5.0,9.0,5.0,Limited
H004,D010,2025-05-15,41,1,40,35.0,16.0,24.0,21.0,Limited
H002,D010,2025-02-17,41,40,1,15.0,13.0,27.0,20.0,Critical
H005,D010,2025-09-12,57,37,20,9.0,1.0,25.0,12.0,Normal
H006,D002,2025-09-08,22,16,6,18.0,7.0,24.0,22.0,Normal
H007,D009,2025-12-18,27,25,2,8.0,0.0,30.0,4.0,Critical
H005,D003,2025-03-03,17,2,15,15.0,15.0,28.0,14.0,Limited
H007,D005,2025-12-21,28,3,25,32.0,13.0,15.0,13.0,Limited
H003,D006,2025-05-08,38,13,25,16.0,12.0,6.0,4.0,Normal
H007,D009,2025-08-03,40,15,25,31.0,17.0,12.0,10.0,Normal
H004,D007,2025-12-20,54,45,9,5.0,5.0,29.0,0.0,High Utilization
H006,D004,2025-05-14,14,7,7,20.0,2.0,13.0,1.0,Normal
H003,D006,2025-07-04,38,25,13,11.0,3.0,17.0,9.0,Normal
H007,D005,2025-03-17,17,9,8,13.0,7.0,20.0,17.0,Normal
H001,D010,2025-02-17,41,7,34,19.0,18.0,11.0,8.0,Limited
H007,D005,2025-10-01,50,27,23,25.0,13.0,20.0,6.0,Normal
H004,D010,2025-10-19,18,1,17,9.0,3.0,29.0,6.0,Limited
H002,D007,2025-12-17,44,15,29,30.0,0.0,18.0,12.0,Normal
H001,D003,2025-11-21,57,28,29,28.0,18.0,9.0,5.0,Normal
H007,D008,2025-04-18,28,7,21,8.0,6.0,20.0,9.0,Limited
H006,D002,2025-03-24,14,11,3,7.0,5.0,10.0,0.0,High Utilization
H004,D001,2025-03-17,57,43,14,32.0,29.0,25.0,6.0,High Utilization
H002,D003,2025-06-19,17,16,1,5.0,5.0,29.0,26.0,Critical
H007,D007,2025-02-14,24,0,24,29.0,3.0,10.0,1.0,Limited
H007,D010,2025-10-31,42,26,16,13.0,2.0,5.0,3.0,Normal
H002,D009,2025-03-19,45,14,31,5.0,0.0,23.0,8.0,Normal
H004,D005,2025-04-21,30,26,4,29.0,21.0,25.0,7.0,High Utilization
H007,D005,2025-12-24,44,13,31,24.0,24.0,24.0,21.0,Limited
H001,D001,2025-10-08,13,8,5,32.0,4.0,6.0,2.0,Normal
H001,D006,2025-10-21,50,20,30,15.0,6.0,12.0,6.0,Normal
H005,D007,2025-08-01,20,11,9,6.0,6.0,16.0,15.0,Normal
H004,D004,2025-09-22,45,23,22,19.0,1.0,12.0,4.0,Normal
H007,D009,2025-01-20,10,0,10,9.0,8.0,25.0,4.0,Limited
H002,D001,2025-09-16,36,6,30,29.0,5.0,17.0,9.0,Limited
H007,D005,2025-03-04,51,4,47,22.0,3.0,18.0,16.0,Limited
H004,D002,2025-12-08,44,22,22,40.0,23.0,8.0,2.0,Normal
H005,D006,2025-01-22,12,0,12,11.0,11.0,24.0,15.0,Limited
H007,D009,2025-08-07,22,5,17,14.0,14.0,10.0,1.0,Limited
H006,D007,2025-06-13,15,12,3,22.0,8.0,30.0,27.0,High Utilization
H005,D003,2025-09-18,23,9,14,15.0,4.0,23.0,16.0,Normal
H003,D001,2025-12-22,60,45,15,11.0,4.0,23.0,23.0,High Utilization
H001,D007,2025-11-25,18,18,0,40.0,8.0,15.0,2.0,Critical
H007,D009,2025-06-23,38,28,10,13.0,10.0,18.0,0.0,Normal
H002,D006,2025-11-23,31,30,1,24.0,7.0,14.0,7.0,Critical
H004,D007,2025-05-03,14,11,3,33.0,23.0,13.0,2.0,High Utilization
H001,D006,2025-04-15,18,14,4,18.0,18.0,28.0,23.0,High Utilization
H007,D008,2025-07-24,45,13,32,39.0,16.0,11.0,2.0,Limited
H007,D007,2025-07-24,45,34,11,15.0,7.0,22.0,22.0,High Utilization
H005,D002,2025-03-13,34,28,6,10.0,6.0,23.0,14.0,High Utilization
H003,D005,2025-02-07,23,11,12,13.0,1.0,14.0,11.0,Normal
H002,D002,2025-03-31,45,39,6,37.0,20.0,8.0,1.0,High Utilization
H005,D003,2025-10-12,59,16,43,18.0,1.0,8.0,3.0,Limited
H002,D007,2025-03-04,13,12,1,22.0,12.0,30.0,0.0,Critical
H005,D007,2025-11-24,30,1,29,23.0,23.0,23.0,5.0,Limited
H001,D009,2025-07-08,21,0,21,40.0,11.0,16.0,16.0,Limited
H005,D010,2025-12-18,36,6,30,16.0,5.0,29.0,9.0,Limited
H004,D001,2025-04-11,50,49,1,24.0,9.0,11.0,10.0,Critical
H007,D007,2025-04-10,14,10,4,23.0,1.0,23.0,3.0,Normal
H007,D006,2025-05-15,46,23,23,12.0,1.0,5.0,2.0,Normal
H004,D003,2025-10-14,44,21,23,12.0,0.0,8.0,0.0,Normal
H002,D008,2025-04-16,32,7,25,23.0,4.0,28.0,7.0,Limited
H002,D006,2025-02-28,12,10,2,26.0,18.0,12.0,0.0,High Utilization
H003,D006,2025-01-31,32,26,6,14.0,10.0,16.0,14.0,High Utilization
H005,D001,2025-11-27,34,11,23,17.0,3.0,23.0,6.0,Normal
H004,D009,2025-08-27,12,4,8,8.0,8.0,6.0,3.0,Normal
H002,D006,2025-07-15,24,10,14,18.0,15.0,11.0,10.0,Normal
H005,D010,2025-06-23,11,6,5,24.0,24.0,28.0,0.0,Normal
H007,D003,2025-01-15,28,2,26,38.0,29.0,28.0,14.0,Limited
H007,D001,2025-09-19,44,16,28,19.0,18.0,23.0,11.0,Normal
H005,D009,2025-07-08,36,17,19,6.0,3.0,5.0,0.0,Normal
H003,D003,2025-01-29,11,5,6,40.0,10.0,6.0,4.0,Normal
H003,D001,2025-07-01,14,4,10,28.0,20.0,27.0,0.0,Limited
H006,D009,2025-04-03,31,12,19,18.0,15.0,25.0,3.0,Normal
H003,D002,2025-03-20,21,18,3,28.0,20.0,24.0,6.0,High Utilization
H007,D003,2025-01-05,12,8,4,14.0,5.0,19.0,2.0,Normal
H002,D009,2025-10-31,27,25,2,29.0,24.0,14.0,12.0,Critical
H001,D003,2025-05-06,49,28,21,16.0,5.0,12.0,4.0,Normal
H005,D008,2025-09-02,15,2,13,23.0,2.0,21.0,15.0,Limited
H001,D004,2025-10-26,33,9,24,35.0,26.0,8.0,3.0,Limited
H004,D008,2025-10-20,31,24,7,10.0,7.0,15.0,15.0,High Utilization
H002,D010,2025-02-16,37,31,6,13.0,2.0,27.0,23.0,High Utilization
H004,D008,2025-07-03,35,6,29,14.0,11.0,8.0,0.0,Limited
H003,D002,2025-12-13,35,27,8,34.0,30.0,14.0,5.0,High Utilization
H004,D003,2025-04-09,59,19,40,33.0,8.0,23.0,21.0,Normal
H001,D001,2025-03-23,39,4,35,20.0,9.0,29.0,27.0,Limited
H007,D005,2025-06-16,46,27,19,21.0,13.0,16.0,4.0,Normal
H001,D010,2025-12-23,15,0,15,13.0,11.0,12.0,4.0,Limited
H007,D003,2025-06-25,50,3,47,5.0,5.0,23.0,10.0,Limited
H002,D004,2025-11-15,17,4,13,24.0,2.0,17.0,9.0,Limited
H003,D009,2025-10-25,39,9,30,37.0,0.0,8.0,8.0,Limited
H006,D002,2025-06-12,54,15,39,8.0,4.0,21.0,5.0,Limited
H004,D001,2025-03-15,36,32,4,29.0,13.0,19.0,19.0,High Utilization
H003,D004,2025-06-05,19,1,18,9.0,1.0,23.0,14.0,Limited
H006,D009,2025-04-26,46,34,12,7.0,5.0,12.0,7.0,Normal
H004,D010,2025-03-19,41,11,30,25.0,2.0,17.0,1.0,Limited
H003,D004,2025-11-21,11,2,9,38.0,3.0,10.0,1.0,Limited
H003,D010,2025-07-16,15,2,13,18.0,9.0,26.0,7.0,Limited
H001,D001,2025-07-18,21,7,14,8.0,5.0,5.0,2.0,Normal
H004,D004,2025-07-29,23,8,15,34.0,20.0,12.0,5.0,Normal
H007,D001,2025-03-04,21,15,6,33.0,25.0,19.0,5.0,Normal
H003,D006,2025-03-13,23,23,0,37.0,15.0,16.0,13.0,Critical
H007,D006,2025-05-01,25,11,14,9.0,1.0,16.0,5.0,Normal
H004,D009,2025-08-22,19,10,9,23.0,16.0,19.0,15.0,Normal
H003,D007,2025-02-09,16,0,16,14.0,6.0,30.0,22.0,Limited
H004,D001,2025-09-29,10,7,3,35.0,12.0,16.0,8.0,Normal
H007,D005,2025-06-16,31,10,21,30.0,2.0,20.0,4.0,Normal
H003,D001,2025-07-06,29,9,20,7.0,1.0,12.0,7.0,Normal
H001,D009,2025-06-26,50,39,11,40.0,25.0,26.0,10.0,High Utilization
H003,D001,2025-03-27,41,31,10,10.0,2.0,8.0,0.0,High Utilization
H003,D004,2025-09-03,22,0,22,11.0,4.0,5.0,4.0,Limited
H005,D004,2025-06-02,17,13,4,33.0,33.0,25.0,10.0,High Utilization
H004,D009,2025-12-11,12,9,3,34.0,22.0,21.0,12.0,High Utilization
H004,D006,2025-01-17,47,14,33,21.0,4.0,30.0,7.0,Limited
H004,D001,2025-07-20,11,3,8,8.0,4.0,21.0,4.0,Limited
H006,D008,2025-05-20,17,5,12,32.0,3.0,17.0,4.0,Limited
H007,D005,2025-03-14,15,14,1,18.0,17.0,30.0,18.0,Critical
H003,D009,2025-05-25,45,10,35,36.0,25.0,29.0,22.0,Limited
H005,D006,2025-03-17,27,4,23,8.0,5.0,10.0,6.0,Limited
H006,D003,2025-03-26,50,20,30,34.0,13.0,10.0,1.0,Normal
H007,D005,2025-11-18,48,35,13,14.0,0.0,30.0,11.0,Normal
H002,D002,2025-09-30,46,10,36,35.0,31.0,16.0,14.0,Limited
H007,D006,2025-07-11,30,13,17,29.0,10.0,19.0,5.0,Normal
H003,D008,2025-05-21,52,3,49,12.0,6.0,17.0,7.0,Limited
H005,D009,2025-03-04,49,31,18,17.0,12.0,30.0,30.0,Normal
H002,D005,2025-04-03,52,26,26,22.0,0.0,5.0,4.0,Normal
H001,D001,2025-01-26,14,2,12,37.0,14.0,27.0,8.0,Limited
H005,D006,2025-10-21,28,20,8,30.0,19.0,17.0,4.0,Normal
H003,D001,2025-01-24,11,3,8,10.0,5.0,5.0,3.0,Limited
H002,D006,2025-03-13,49,25,24,20.0,2.0,7.0,5.0,Normal
H007,D007,2025-11-15,28,16,12,20.0,4.0,21.0,12.0,Normal
H004,D003,2025-12-30,60,6,54,34.0,31.0,15.0,14.0,Limited
H007,D008,2025-08-14,37,36,1,12.0,12.0,16.0,14.0,Critical
H002,D004,2025-03-27,24,0,24,5.0,4.0,18.0,3.0,Limited
H002,D007,2025-08-26,26,16,10,11.0,6.0,9.0,6.0,Normal
H005,D010,2025-11-15,53,18,35,28.0,28.0,9.0,9.0,Normal
H004,D001,2025-01-07,51,22,29,35.0,27.0,8.0,8.0,Normal
H005,D008,2025-08-26,48,21,27,19.0,19.0,27.0,9.0,Normal
H001,D010,2025-12-18,18,9,9,22.0,15.0,21.0,17.0,Normal
H001,D001,2025-06-10,41,1,40,15.0,15.0,11.0,10.0,Limited
H001,D006,2025-07-20,54,53,1,18.0,11.0,20.0,4.0,Critical
H002,D004,2025-02-17,12,9,3,6.0,5.0,24.0,0.0,High Utilization
H003,D004,2025-01-23,18,15,3,14.0,14.0,28.0,27.0,High Utilization
H003,D010,2025-05-17,21,17,4,13.0,3.0,11.0,4.0,High Utilization
H004,D001,2025-05-20,22,7,15,40.0,5.0,11.0,2.0,Normal
H007,D010,2025-12-23,45,20,25,28.0,28.0,7.0,5.0,Normal
H002,D006,2025-06-29,19,6,13,22.0,21.0,21.0,9.0,Normal
H003,D002,2025-06-18,59,4,55,34.0,3.0,25.0,4.0,Limited
H001,D001,2025-05-26,36,14,22,35.0,19.0,19.0,11.0,Normal
H006,D003,2025-06-05,28,6,22,19.0,2.0,27.0,5.0,Limited
H004,D006,2025-11-01,22,18,4,8.0,7.0,7.0,3.0,High Utilization
H007,D003,2025-03-24,57,57,0,26.0,6.0,23.0,16.0,Critical
H001,D008,2025-08-20,54,21,33,23.0,1.0,18.0,7.0,Normal
H006,D001,2025-05-03,22,1,21,40.0,0.0,10.0,5.0,Limited
H007,D004,2025-09-02,55,5,50,16.0,9.0,29.0,19.0,Limited
H006,D005,2025-04-25,60,29,31,19.0,10.0,27.0,17.0,Normal
H005,D009,2025-07-28,25,21,4,27.0,15.0,11.0,4.0,High Utilization
H004,D001,2025-03-30,13,10,3,32.0,7.0,30.0,2.0,High Utilization
H003,D004,2025-10-14,40,32,8,19.0,6.0,10.0,10.0,High Utilization
H004,D006,2025-07-02,45,25,20,13.0,4.0,19.0,10.0,Normal
H006,D010,2025-11-25,25,14,11,7.0,3.0,22.0,22.0,Normal
H001,D002,2025-05-17,40,36,4,22.0,2.0,10.0,6.0,Critical
H002,D001,2025-04-30,22,17,5,21.0,8.0,20.0,5.0,High Utilization
H005,D008,2025-05-29,41,17,24,14.0,9.0,6.0,2.0,Normal
H007,D006,2025-10-21,13,12,1,5.0,0.0,8.0,0.0,Critical
H002,D007,2025-03-07,47,17,30,12.0,4.0,5.0,3.0,Normal
H003,D008,2025-08-16,15,11,4,35.0,5.0,13.0,0.0,Normal
H003,D009,2025-05-11,40,2,38,33.0,8.0,14.0,6.0,Limited
H006,D002,2025-01-06,57,15,42,18.0,4.0,9.0,3.0,Limited
H005,D005,2025-02-22,35,16,19,39.0,31.0,18.0,14.0,Normal
H005,D005,2025-11-27,40,4,36,17.0,5.0,30.0,17.0,Limited
H001,D003,2025-09-27,50,27,23,21.0,21.0,12.0,10.0,Normal
H001,D004,2025-10-29,15,10,5,25.0,25.0,22.0,3.0,Normal
H001,D002,2025-02-04,12,2,10,13.0,12.0,22.0,8.0,Limited
H002,D009,2025-03-27,20,8,12,8.0,6.0,18.0,13.0,Normal
H005,D003,2025-12-12,32,10,22,34.0,3.0,24.0,12.0,Normal
H004,D010,2025-06-10,44,42,2,25.0,8.0,24.0,23.0,Critical
H006,D001,2025-02-05,25,11,14,26.0,4.0,27.0,4.0,Normal
H004,D008,2025-02-15,25,6,19,7.0,1.0,16.0,2.0,Limited
H001,D001,2025-08-03,43,41,2,36.0,12.0,29.0,2.0,Critical
H001,D008,2025-02-26,53,5,48,7.0,0.0,29.0,0.0,Limited
H005,D007,2025-12-15,20,4,16,31.0,6.0,30.0,4.0,Limited
H003,D008,2025-01-22,25,7,18,26.0,1.0,5.0,1.0,Limited
H004,D003,2025-03-17,47,13,34,11.0,1.0,23.0,22.0,Limited
H001,D007,2025-09-20,16,2,14,37.0,18.0,17.0,10.0,Limited
H005,D003,2025-02-13,28,6,22,9.0,6.0,16.0,16.0,Limited
H006,D001,2025-08-01,51,46,5,8.0,5.0,12.0,3.0,Critical
H007,D005,2025-04-05,52,16,36,22.0,12.0,26.0,9.0,Normal
H005,D005,2025-01-12,42,19,23,24.0,2.0,30.0,0.0,Normal
H004,D002,2025-09-11,40,15,25,17.0,16.0,19.0,3.0,Normal
H005,D002,2025-01-09,51,41,10,12.0,8.0,5.0,5.0,High Utilization
H004,D003,2025-02-26,23,20,3,12.0,2.0,9.0,4.0,High Utilization
H001,D007,2025-12-31,53,46,7,17.0,16.0,26.0,12.0,High Utilization
H005,D004,2025-01-19,50,40,10,21.0,1.0,27.0,15.0,High Utilization
H006,D006,2025-08-10,45,3,42,8.0,1.0,15.0,12.0,Limited
H003,D008,2025-08-17,18,18,0,39.0,7.0,22.0,15.0,Critical
H007,D009,2025-11-25,38,11,27,19.0,0.0,17.0,0.0,Limited
H003,D010,2025-04-25,41,23,18,17.0,12.0,7.0,4.0,Normal
H003,D004,2025-01-29,40,37,3,26.0,23.0,27.0,27.0,Critical
H007,D007,2025-10-21,44,39,5,30.0,27.0,30.0,20.0,High Utilization
H002,D004,2025-12-23,55,34,21,20.0,3.0,23.0,4.0,Normal
H004,D003,2025-04-20,39,13,26,11.0,6.0,19.0,13.0,Normal
H005,D007,2025-02-23,60,44,16,20.0,0.0,18.0,15.0,Normal
H006,D005,2025-04-07,10,8,2,20.0,19.0,27.0,22.0,High Utilization
H001,D006,2025-03-03,19,16,3,16.0,15.0,11.0,1.0,High Utilization
H004,D002,2025-01-15,24,11,13,8.0,1.0,22.0,2.0,Normal
H003,D008,2025-04-06,34,10,24,12.0,0.0,5.0,1.0,Limited
H004,D009,2025-03-18,42,11,31,17.0,15.0,18.0,12.0,Limited
H007,D009,2025-11-16,32,17,15,14.0,8.0,15.0,5.0,Normal
H007,D002,2025-09-11,34,25,9,17.0,3.0,18.0,2.0,Normal
H001,D010,2025-07-02,33,2,31,7.0,1.0,20.0,20.0,Limited
H001,D009,2025-09-26,38,13,25,14.0,14.0,22.0,10.0,Normal
H004,D001,2025-08-30,11,9,2,11.0,2.0,16.0,12.0,High Utilization
H005,D003,2025-01-24,23,1,22,29.0,20.0,29.0,29.0,Limited
H007,D004,2025-05-20,59,37,22,18.0,10.0,9.0,4.0,Normal
H001,D005,2025-03-03,43,31,12,11.0,11.0,15.0,2.0,Normal
H003,D006,2025-04-05,56,33,23,15.0,3.0,10.0,5.0,Normal
H005,D006,2025-04-23,59,2,57,16.0,2.0,18.0,15.0,Limited
H004,D010,2025-11-25,17,9,8,25.0,3.0,21.0,15.0,Normal
H005,D008,2025-06-28,13,0,13,21.0,15.0,24.0,13.0,Limited
H002,D005,2025-07-01,48,37,11,37.0,2.0,25.0,7.0,High Utilization
H001,D003,2025-07-11,33,6,27,9.0,9.0,22.0,7.0,Limited
H001,D009,2025-05-29,46,28,18,30.0,11.0,26.0,2.0,Normal
H005,D003,2025-04-02,28,19,9,31.0,29.0,10.0,6.0,Normal
H006,D001,2025-05-18,55,1,54,9.0,9.0,25.0,2.0,Limited
H006,D010,2025-03-14,55,25,30,6.0,3.0,18.0,2.0,Normal
H002,D004,2025-04-06,50,33,17,35.0,3.0,14.0,7.0,Normal
H004,D004,2025-03-02,22,17,5,13.0,13.0,21.0,17.0,High Utilization
H005,D004,2025-05-22,42,9,33,25.0,21.0,5.0,4.0,Limited
H005,D010,2025-02-22,20,14,6,31.0,23.0,8.0,4.0,Normal
H007,D006,2025-10-27,22,8,14,10.0,9.0,24.0,12.0,Normal
H006,D010,2025-05-07,37,28,9,14.0,3.0,27.0,2.0,High Utilization
H004,D003,2025-08-07,33,31,2,38.0,28.0,30.0,9.0,Critical
H003,D005,2025-03-19,27,17,10,17.0,3.0,24.0,2.0,Normal
H007,D002,2025-09-02,18,10,8,12.0,8.0,21.0,7.0,Normal
H002,D004,2025-09-22,33,14,19,25.0,13.0,13.0,2.0,Normal
H002,D004,2025-08-22,52,12,40,5.0,2.0,11.0,10.0,Limited
H006,D009,2025-03-26,31,16,15,28.0,14.0,5.0,1.0,Normal
H006,D003,2025-05-04,36,29,7,21.0,6.0,11.0,9.0,High Utilization
H002,D002,2025-07-10,47,27,20,31.0,5.0,14.0,9.0,Normal
H007,D001,2025-01-06,54,14,40,7.0,5.0,25.0,8.0,Limited
H005,D006,2025-08-26,49,6,43,33.0,10.0,7.0,4.0,Limited
H006,D004,2025-01-03,54,25,29,16.0,1.0,8.0,1.0,Normal
H003,D006,2025-01-11,35,25,10,20.0,16.0,7.0,7.0,Normal
H006,D008,2025-02-08,30,11,19,28.0,12.0,15.0,0.0,Normal
H006,D003,2025-10-28,54,7,47,39.0,5.0,17.0,10.0,Limited
H007,D007,2025-10-28,41,30,11,16.0,15.0,6.0,4.0,Normal
H004,D010,2025-09-13,27,14,13,22.0,12.0,14.0,0.0,Normal
H004,D002,2025-01-01,24,0,24,31.0,0.0,8.0,5.0,Limited
H003,D009,2025-11-12,50,11,39,22.0,2.0,16.0,2.0,Limited
H007,D007,2025-07-31,15,1,14,20.0,5.0,10.0,5.0,Limited
H003,D008,2025-02-19,35,25,10,20.0,4.0,13.0,1.0,Normal
H001,D005,2025-04-29,48,4,44,25.0,19.0,15.0,12.0,Limited
H007,D006,2025-11-20,50,49,1,33.0,32.0,22.0,16.0,Critical
H004,D008,2025-05-05,51,19,32,14.0,4.0,18.0,8.0,Normal
H004,D006,2025-01-12,46,14,32,39.0,15.0,16.0,4.0,Normal
H005,D002,2025-11-26,41,34,7,9.0,0.0,30.0,11.0,High Utilization
H001,D009,2025-09-24,51,3,48,14.0,4.0,5.0,2.0,Limited
H001,D010,2025-01-01,54,50,4,26.0,18.0,18.0,14.0,Critical
H002,D006,2025-08-06,29,9,20,19.0,6.0,25.0,15.0,Normal
H004,D007,2025-05-12,39,29,10,23.0,19.0,10.0,10.0,Normal
H002,D010,2025-09-19,15,3,12,6.0,0.0,22.0,1.0,Limited
H006,D008,2025-08-03,48,41,7,5.0,4.0,13.0,1.0,High Utilization
H006,D010,2025-10-23,41,3,38,22.0,3.0,29.0,10.0,Limited
H004,D003,2025-06-20,35,33,2,22.0,11.0,22.0,12.0,Critical
H001,D004,2025-05-18,35,4,31,13.0,10.0,9.0,4.0,Limited
H004,D005,2025-05-20,17,9,8,13.0,5.0,12.0,10.0,Normal
H006,D006,2025-02-21,35,28,7,20.0,7.0,17.0,13.0,High Utilization
H005,D004,2025-03-26,32,11,21,37.0,19.0,12.0,11.0,Normal
H002,D001,2025-06-06,48,5,43,34.0,3.0,19.0,15.0,Limited
H005,D006,2025-01-03,54,33,21,12.0,4.0,24.0,1.0,Normal
H001,D001,2025-09-23,41,41,0,10.0,5.0,14.0,0.0,Critical
H006,D003,2025-05-03,50,27,23,23.0,6.0,6.0,2.0,Normal
H005,D010,2025-03-06,25,13,12,5.0,3.0,18.0,17.0,Normal
H004,D007,2025-05-26,47,20,27,34.0,4.0,22.0,2.0,Normal
H006,D007,2025-03-06,51,5,46,9.0,3.0,25.0,25.0,Limited
H007,D004,2025-05-01,11,9,2,40.0,15.0,24.0,5.0,High Utilization
H001,D010,2025-04-03,26,16,10,24.0,9.0,8.0,7.0,Normal
H004,D002,2025-07-11,22,18,4,22.0,2.0,26.0,20.0,High Utilization
H003,D003,2025-06-22,14,7,7,18.0,16.0,25.0,8.0,Normal
H002,D005,2025-04-27,24,19,5,5.0,0.0,20.0,9.0,High Utilization
H001,D009,2025-03-31,25,13,12,19.0,1.0,18.0,3.0,Normal
H002,D005,2025-02-11,52,14,38,30.0,7.0,7.0,7.0,Limited
H006,D006,2025-02-18,22,17,5,30.0,15.0,25.0,22.0,High Utilization
H004,D002,2025-06-23,45,35,10,10.0,6.0,18.0,11.0,High Utilization
H004,D003,2025-04-02,35,29,6,19.0,12.0,11.0,2.0,High Utilization
H003,D006,2025-03-30,11,10,1,17.0,2.0,12.0,3.0,Critical
H002,D006,2025-05-19,19,3,16,7.0,6.0,16.0,7.0,Limited
H001,D008,2025-11-08,11,1,10,29.0,25.0,25.0,3.0,Limited
H007,D005,2025-02-27,13,5,8,18.0,0.0,30.0,7.0,Normal
H001,D002,2025-02-01,59,18,41,8.0,8.0,30.0,19.0,Normal
H004,D010,2025-04-13,25,15,10,8.0,6.0,7.0,7.0,Normal
H007,D009,2025-04-04,51,19,32,17.0,4.0,22.0,21.0,Normal
H007,D005,2025-04-16,46,26,20,36.0,28.0,16.0,15.0,Normal
H003,D001,2025-09-08,26,4,22,26.0,16.0,23.0,3.0,Limited
H005,D002,2025-08-09,43,33,10,8.0,1.0,6.0,4.0,High Utilization
H003,D002,2025-07-08,34,8,26,22.0,12.0,27.0,23.0,Limited
H001,D001,2025-11-11,52,20,32,25.0,5.0,24.0,24.0,Normal
H002,D001,2025-12-06,56,15,41,26.0,23.0,28.0,15.0,Limited
H001,D008,2025-01-13,28,27,1,14.0,12.0,16.0,4.0,Critical
H005,D005,2025-08-27,43,10,33,22.0,21.0,7.0,7.0,Limited
H005,D005,2025-02-01,15,7,8,31.0,6.0,24.0,9.0,Normal
H004,D010,2025-08-28,34,15,19,14.0,5.0,28.0,15.0,Normal
H006,D004,2025-07-13,16,15,1,20.0,20.0,13.0,11.0,Critical
H005,D006,2025-12-20,37,22,15,13.0,9.0,15.0,5.0,Normal
H001,D005,2025-03-07,55,23,32,38.0,20.0,29.0,10.0,Normal
H004,D008,2025-09-16,41,41,0,18.0,15.0,10.0,2.0,Critical
H003,D010,2025-07-14,59,11,48,7.0,1.0,20.0,3.0,Limited
H007,D001,2025-04-25,40,2,38,29.0,3.0,10.0,4.0,Limited
H002,D010,2025-05-16,60,31,29,28.0,28.0,18.0,1.0,Normal
H002,D006,2025-09-21,27,1,26,29.0,29.0,11.0,5.0,Limited
H005,D007,2025-07-19,30,22,8,29.0,6.0,16.0,15.0,Normal
H006,D004,2025-10-12,12,4,8,14.0,8.0,16.0,0.0,Normal
H003,D010,2025-06-29,23,1,22,34.0,28.0,29.0,4.0,Limited
H007,D007,2025-02-26,36,14,22,5.0,4.0,7.0,3.0,Normal
H005,D005,2025-08-30,25,2,23,31.0,18.0,19.0,0.0,Limited
H001,D008,2025-08-18,45,14,31,37.0,33.0,18.0,11.0,Normal
H006,D003,2025-08-11,34,11,23,6.0,4.0,7.0,3.0,Normal
H001,D006,2025-06-30,25,25,0,20.0,3.0,25.0,25.0,Critical
H004,D010,2025-10-20,19,6,13,32.0,28.0,23.0,0.0,Normal
H007,D005,2025-07-08,48,43,5,35.0,15.0,16.0,16.0,High Utilization
H003,D005,2025-05-16,42,30,12,25.0,11.0,26.0,7.0,Normal
H003,D010,2025-05-21,18,17,1,15.0,1.0,24.0,14.0,Critical
H003,D009,2025-04-23,40,1,39,33.0,3.0,6.0,1.0,Limited
H007,D006,2025-02-26,33,15,18,21.0,3.0,11.0,0.0,Normal
H005,D005,2025-08-12,13,5,8,34.0,8.0,11.0,6.0,Normal
H001,D007,2025-12-26,16,10,6,13.0,7.0,30.0,30.0,Normal
H004,D002,2025-12-06,55,48,7,13.0,3.0,8.0,6.0,High Utilization
H007,D004,2025-10-30,55,41,14,32.0,17.0,26.0,1.0,Normal
H003,D005,2025-08-14,56,32,24,15.0,3.0,15.0,11.0,Normal
H004,D003,2025-11-28,53,7,46,6.0,2.0,11.0,6.0,Limited
H005,D010,2025-11-27,22,2,20,17.0,2.0,6.0,4.0,Limited
H005,D005,2025-09-05,42,33,9,22.0,2.0,14.0,5.0,High Utilization
H006,D008,2025-11-23,41,12,29,6.0,4.0,16.0,10.0,Limited
H006,D006,2025-04-12,17,3,14,28.0,18.0,17.0,11.0,Limited
H007,D010,2025-10-10,27,15,12,12.0,4.0,25.0,6.0,Normal
H002,D003,2025-02-26,25,3,22,38.0,34.0,12.0,3.0,Limited
H006,D007,2025-06-25,18,17,1,25.0,2.0,27.0,24.0,Critical
H006,D001,2025-11-05,18,1,17,14.0,8.0,25.0,24.0,Limited
H002,D006,2025-06-29,23,19,4,29.0,29.0,17.0,1.0,High Utilization
H006,D004,2025-04-15,27,10,17,29.0,26.0,10.0,6.0,Normal
H007,D003,2025-12-25,56,4,52,15.0,13.0,20.0,7.0,Limited
H003,D007,2025-03-14,12,8,4,6.0,5.0,13.0,13.0,Normal
H005,D006,2025-05-07,55,19,36,21.0,9.0,22.0,11.0,Normal
H003,D003,2025-06-25,51,49,2,36.0,26.0,9.0,2.0,Critical
H001,D010,2025-09-11,19,7,12,29.0,7.0,25.0,2.0,Normal
H007,D003,2025-10-29,44,23,21,10.0,2.0,14.0,6.0,Normal
H005,D010,2025-06-21,27,7,20,37.0,18.0,13.0,1.0,Limited
H002,D010,2025-07-07,36,7,29,37.0,12.0,27.0,26.0,Limited
H007,D002,2025-02-09,23,5,18,36.0,7.0,13.0,12.0,Limited
H004,D010,2025-06-19,28,1,27,29.0,8.0,27.0,26.0,Limited
H006,D009,2025-10-06,40,24,16,10.0,8.0,27.0,15.0,Normal
H002,D005,2025-07-04,48,31,17,5.0,5.0,16.0,8.0,Normal
H006,D005,2025-04-29,38,32,6,30.0,5.0,22.0,22.0,High Utilization
H001,D005,2025-07-14,27,20,7,7.0,6.0,21.0,10.0,Normal
H001,D005,2025-09-08,52,1,51,28.0,21.0,30.0,15.0,Limited
H001,D007,2025-02-02,20,4,16,11.0,2.0,16.0,9.0,Limited
H005,D010,2025-11-02,23,21,2,27.0,8.0,7.0,3.0,Critical
H001,D010,2025-10-22,18,12,6,18.0,6.0,24.0,24.0,Normal
H007,D005,2025-08-20,12,0,12,14.0,1.0,11.0,6.0,Limited
H003,D003,2025-03-16,35,0,35,39.0,7.0,19.0,11.0,Limited
H005,D006,2025-03-03,45,7,38,20.0,8.0,10.0,10.0,Limited
H004,D009,2025-08-22,47,23,24,17.0,9.0,12.0,3.0,Normal
H003,D006,2025-10-12,52,28,24,27.0,10.0,24.0,17.0,Normal
H006,D003,2025-12-11,22,7,15,8.0,3.0,14.0,13.0,Normal
H007,D007,2025-11-10,13,12,1,27.0,11.0,5.0,3.0,Critical
H003,D007,2025-05-21,52,28,24,19.0,3.0,22.0,8.0,Normal
H006,D009,2025-01-01,28,19,9,38.0,12.0,15.0,13.0,Normal
H006,D006,2025-10-21,51,28,23,27.0,26.0,26.0,7.0,Normal
H001,D009,2025-09-06,48,11,37,18.0,17.0,21.0,16.0,Limited
H005,D006,2025-09-29,60,44,16,24.0,21.0,21.0,10.0,Normal
H006,D008,2025-05-11,34,10,24,16.0,12.0,30.0,19.0,Limited
H007,D005,2025-05-27,34,15,19,23.0,12.0,10.0,7.0,Normal
H005,D001,2025-06-01,57,9,48,6.0,4.0,23.0,21.0,Limited
H005,D008,2025-11-11,52,16,36,23.0,1.0,8.0,4.0,Normal
H003,D005,2025-02-04,30,4,26,20.0,8.0,23.0,19.0,Limited
H002,D004,2025-03-10,16,16,0,33.0,20.0,14.0,10.0,Critical
H006,D005,2025-10-08,11,4,7,36.0,31.0,27.0,18.0,Normal
H007,D010,2025-03-20,60,46,14,7.0,2.0,16.0,9.0,High Utilization
H003,D007,2025-02-10,57,10,47,18.0,11.0,14.0,8.0,Limited
H002,D007,2025-11-05,56,52,4,35.0,21.0,27.0,7.0,Critical
H005,D005,2025-06-04,42,41,1,5.0,0.0,25.0,22.0,Critical
H006,D002,2025-04-27,60,34,26,39.0,14.0,14.0,8.0,Normal
H006,D004,2025-04-06,15,7,8,8.0,6.0,17.0,5.0,Normal
H001,D007,2025-05-15,18,3,15,23.0,22.0,6.0,4.0,Limited
H007,D009,2025-01-20,49,0,49,34.0,22.0,6.0,2.0,Limited
H001,D004,2025-02-19,37,5,32,28.0,26.0,23.0,9.0,Limited
H006,D008,2025-11-04,48,48,0,17.0,12.0,17.0,5.0,Critical
H005,D010,2025-12-28,12,6,6,24.0,6.0,22.0,1.0,Normal
H002,D004,2025-10-13,53,15,38,23.0,17.0,26.0,7.0,Limited
H006,D008,2025-02-11,28,4,24,23.0,9.0,29.0,29.0,Limited
H003,D004,2025-04-05,46,16,30,19.0,4.0,10.0,7.0,Normal
H002,D007,2025-02-02,19,9,10,8.0,2.0,11.0,8.0,Normal
H007,D008,2025-08-17,54,31,23,27.0,8.0,30.0,26.0,Normal
H003,D005,2025-06-28,34,22,12,27.0,2.0,28.0,10.0,Normal
H004,D005,2025-09-26,15,7,8,20.0,11.0,9.0,9.0,Normal
H004,D001,2025-03-24,49,13,36,12.0,1.0,12.0,7.0,Limited
H003,D009,2025-06-16,42,3,39,26.0,8.0,8.0,6.0,Limited
H005,D004,2025-01-03,49,46,3,31.0,22.0,17.0,17.0,Critical
H002,D007,2025-10-27,26,18,8,23.0,11.0,8.0,3.0,Normal
H002,D001,2025-01-18,21,12,9,19.0,19.0,22.0,13.0,Normal
H006,D009,2025-12-08,42,35,7,36.0,9.0,22.0,14.0,High Utilization
H001,D006,2025-09-17,40,31,9,40.0,2.0,22.0,15.0,High Utilization
H003,D009,2025-05-24,16,0,16,20.0,8.0,28.0,27.0,Limited
H002,D009,2025-01-03,51,16,35,22.0,11.0,18.0,7.0,Normal
H004,D009,2025-03-13,26,11,15,37.0,34.0,26.0,16.0,Normal
H007,D005,2025-04-14,58,47,11,12.0,8.0,9.0,1.0,High Utilization
H006,D009,2025-11-04,17,16,1,5.0,1.0,15.0,1.0,Critical
H006,D003,2025-04-27,10,3,7,9.0,7.0,26.0,4.0,Limited
H005,D004,2025-03-26,53,36,17,16.0,9.0,9.0,0.0,Normal
H004,D010,2025-07-09,25,15,10,28.0,24.0,25.0,12.0,Normal
H006,D009,2025-05-09,48,16,32,21.0,5.0,11.0,1.0,Normal
H006,D006,2025-01-15,30,6,24,7.0,0.0,24.0,0.0,Limited
H006,D008,2025-02-20,34,16,18,24.0,11.0,17.0,0.0,Normal
H007,D005,2025-07-16,34,12,22,10.0,6.0,27.0,9.0,Normal
H002,D006,2025-09-07,17,2,15,22.0,12.0,19.0,10.0,Limited
H005,D004,2025-05-15,57,44,13,39.0,11.0,19.0,3.0,High Utilization
H002,D001,2025-06-10,22,8,14,32.0,5.0,24.0,2.0,Normal
H001,D003,2025-05-06,39,11,28,33.0,26.0,17.0,6.0,Limited
H006,D006,2025-08-06,29,0,29,10.0,7.0,13.0,8.0,Limited
H004,D006,2025-01-16,14,8,6,9.0,5.0,24.0,22.0,Normal
H004,D010,2025-01-24,36,13,23,37.0,26.0,11.0,6.0,Normal
H006,D001,2025-10-09,15,15,0,26.0,26.0,25.0,10.0,Critical
H001,D004,2025-09-01,26,19,7,5.0,0.0,18.0,16.0,Normal
H007,D005,2025-04-17,58,46,12,6.0,3.0,13.0,1.0,High Utilization
H004,D004,2025-04-09,11,9,2,9.0,7.0,28.0,23.0,High Utilization
H001,D001,2025-09-12,43,13,30,12.0,2.0,17.0,5.0,Normal
H006,D010,2025-03-01,51,38,13,7.0,2.0,11.0,3.0,Normal
H005,D008,2025-06-08,53,33,20,38.0,1.0,30.0,12.0,Normal
H002,D003,2025-12-15,18,18,0,13.0,13.0,20.0,0.0,Critical
H005,D003,2025-07-01,37,33,4,13.0,5.0,13.0,2.0,High Utilization
H001,D002,2025-05-03,54,41,13,11.0,8.0,16.0,2.0,High Utilization
H001,D003,2025-12-15,24,16,8,16.0,1.0,6.0,0.0,Normal
H005,D006,2025-09-15,10,8,2,32.0,9.0,8.0,6.0,High Utilization
H001,D010,2025-04-26,55,16,39,33.0,9.0,8.0,0.0,Limited
H007,D005,2025-04-13,50,39,11,17.0,12.0,26.0,7.0,High Utilization
H003,D003,2025-12-12,57,39,18,11.0,3.0,7.0,3.0,Normal
H001,D004,2025-01-12,33,25,8,34.0,19.0,7.0,2.0,High Utilization
H002,D010,2025-05-30,35,25,10,8.0,4.0,20.0,5.0,Normal
H001,D010,2025-12-03,38,22,16,29.0,15.0,11.0,5.0,Normal
H001,D007,2025-08-08,18,15,3,33.0,9.0,25.0,14.0,High Utilization
H002,D003,2025-01-02,25,2,23,11.0,1.0,16.0,11.0,Limited
H007,D007,2025-12-30,59,18,41,22.0,5.0,30.0,6.0,Normal
H007,D009,2025-01-12,54,49,5,11.0,1.0,27.0,16.0,Critical
H005,D002,2025-12-10,11,11,0,14.0,13.0,6.0,3.0,Critical
H001,D009,2025-10-19,30,28,2,35.0,11.0,8.0,7.0,Critical
H006,D001,2025-09-12,30,15,15,36.0,27.0,7.0,6.0,Normal
H004,D010,2025-04-26,12,2,10,11.0,2.0,5.0,3.0,Limited
H001,D007,2025-10-05,52,4,48,9.0,9.0,19.0,19.0,Limited
H006,D001,2025-03-26,49,23,26,16.0,6.0,29.0,0.0,Normal
H005,D004,2025-03-12,29,20,9,24.0,0.0,22.0,20.0,Normal
H006,D009,2025-10-19,16,8,8,5.0,0.0,21.0,20.0,Normal
H007,D010,2025-11-24,40,2,38,26.0,5.0,18.0,6.0,Limited
H002,D007,2025-10-21,57,43,14,33.0,7.0,15.0,3.0,High Utilization
H002,D005,2025-07-29,28,8,20,23.0,11.0,12.0,11.0,Limited
H004,D009,2025-07-15,56,54,2,26.0,7.0,25.0,0.0,Critical
H005,D003,2025-04-29,11,4,7,13.0,1.0,14.0,11.0,Normal
H005,D010,2025-03-27,47,3,44,35.0,2.0,24.0,10.0,Limited
H004,D007,2025-07-01,36,5,31,29.0,28.0,17.0,8.0,Limited
H005,D010,2025-09-07,26,1,25,5.0,5.0,17.0,3.0,Limited
H005,D006,2025-10-30,18,7,11,27.0,2.0,26.0,19.0,Normal
H007,D010,2025-06-23,54,33,21,9.0,3.0,29.0,0.0,Normal
H004,D005,2025-05-02,29,20,9,28.0,19.0,20.0,19.0,Normal
H003,D010,2025-10-12,27,3,24,29.0,22.0,14.0,9.0,Limited
H006,D005,2025-04-11,50,13,37,24.0,21.0,14.0,14.0,Limited
H001,D003,2025-04-25,19,9,10,30.0,14.0,20.0,16.0,Normal
H001,D005,2025-07-30,59,23,36,20.0,9.0,6.0,1.0,Normal
H003,D001,2025-08-24,27,8,19,35.0,23.0,6.0,0.0,Limited
H005,D009,2025-08-04,40,10,30,9.0,5.0,16.0,8.0,Limited
H004,D007,2025-04-06,26,7,19,39.0,9.0,25.0,4.0,Limited
H004,D005,2025-10-07,21,15,6,13.0,10.0,7.0,4.0,Normal
H004,D004,2025-06-30,53,41,12,11.0,11.0,13.0,2.0,High Utilization
H004,D007,2025-04-10,21,1,20,25.0,23.0,13.0,8.0,Limited
H004,D010,2025-06-03,57,10,47,27.0,24.0,27.0,3.0,Limited
H007,D003,2025-08-16,39,16,23,11.0,5.0,14.0,12.0,Normal
H002,D006,2025-12-28,37,11,26,28.0,7.0,8.0,6.0,Limited
H002,D008,2025-09-21,20,13,7,26.0,10.0,28.0,1.0,Normal
H007,D007,2025-04-27,11,0,11,27.0,15.0,16.0,5.0,Limited
H004,D008,2025-06-14,31,9,22,33.0,20.0,12.0,2.0,Limited
H001,D004,2025-05-01,11,3,8,35.0,8.0,5.0,4.0,Limited
H004,D004,2025-09-27,26,15,11,31.0,31.0,27.0,6.0,Normal
H003,D009,2025-06-18,55,38,17,29.0,10.0,16.0,4.0,Normal
H003,D001,2025-08-03,31,3,28,7.0,3.0,24.0,18.0,Limited
H001,D010,2025-01-06,19,15,4,5.0,2.0,24.0,6.0,High Utilization
H005,D005,2025-07-10,57,25,32,22.0,3.0,24.0,22.0,Normal
H001,D001,2025-08-21,12,7,5,36.0,6.0,12.0,10.0,Normal
H005,D007,2025-01-03,39,11,28,19.0,16.0,25.0,20.0,Limited
H007,D010,2025-07-15,25,25,0,6.0,3.0,21.0,2.0,Critical
H005,D006,2025-11-25,39,17,22,32.0,1.0,18.0,14.0,Normal
H003,D003,2025-06-08,45,41,4,31.0,12.0,8.0,1.0,Critical
H006,D009,2025-10-22,19,2,17,14.0,9.0,15.0,2.0,Limited
H001,D002,2025-10-31,21,20,1,9.0,8.0,24.0,24.0,Critical
H001,D006,2025-10-28,43,19,24,29.0,22.0,12.0,4.0,Normal
H004,D008,2025-12-10,48,32,16,5.0,5.0,15.0,13.0,Normal
H006,D003,2025-07-07,11,3,8,40.0,11.0,26.0,0.0,Limited
H003,D003,2025-10-03,46,42,4,39.0,24.0,15.0,7.0,Critical
H003,D005,2025-03-15,57,0,57,27.0,1.0,5.0,0.0,Limited
H002,D004,2025-07-24,27,11,16,22.0,9.0,8.0,1.0,Normal
H007,D010,2025-07-18,52,0,52,21.0,7.0,17.0,13.0,Limited
H002,D010,2025-08-02,54,0,54,16.0,8.0,21.0,13.0,Limited
H006,D010,2025-08-15,36,18,18,13.0,3.0,19.0,16.0,Normal
H007,D004,2025-12-13,30,12,18,40.0,10.0,26.0,26.0,Normal
H002,D008,2025-07-05,43,3,40,17.0,15.0,9.0,7.0,Limited
H001,D009,2025-10-13,22,19,3,30.0,7.0,29.0,20.0,High Utilization
H007,D004,2025-12-14,45,38,7,16.0,4.0,8.0,4.0,High Utilization
H002,D009,2025-06-12,19,12,7,34.0,4.0,28.0,6.0,Normal
H005,D001,2025-03-15,35,18,17,30.0,11.0,5.0,3.0,Normal
H006,D009,2025-08-31,51,2,49,10.0,5.0,16.0,1.0,Limited
H006,D008,2025-12-17,50,39,11,18.0,2.0,27.0,11.0,High Utilization
H002,D003,2025-12-14,57,15,42,29.0,20.0,19.0,13.0,Limited
H001,D006,2025-04-13,24,19,5,15.0,2.0,12.0,2.0,High Utilization
H006,D007,2025-07-12,42,5,37,9.0,6.0,27.0,10.0,Limited
H003,D005,2025-12-14,28,1,27,8.0,1.0,20.0,1.0,Limited
H001,D001,2025-05-03,30,27,3,22.0,12.0,7.0,2.0,Critical
H001,D004,2025-07-08,15,14,1,9.0,3.0,17.0,9.0,Critical
H007,D010,2025-05-14,17,11,6,35.0,4.0,28.0,16.0,Normal
H007,D002,2025-01-30,52,22,30,8.0,7.0,15.0,14.0,Normal
H004,D008,2025-10-20,54,39,15,22.0,20.0,6.0,6.0,Normal
H005,D002,2025-08-18,28,4,24,17.0,12.0,19.0,11.0,Limited
H007,D009,2025-03-24,16,2,14,16.0,14.0,9.0,9.0,Limited
H003,D001,2025-06-17,28,21,7,24.0,18.0,8.0,7.0,High Utilization
H007,D005,2025-10-16,24,18,6,24.0,5.0,15.0,12.0,High Utilization
H001,D007,2025-02-28,59,47,12,22.0,18.0,7.0,3.0,High Utilization
H005,D004,2025-06-04,17,7,10,17.0,16.0,16.0,0.0,Normal
H003,D003,2025-07-29,26,4,22,21.0,0.0,6.0,6.0,Limited
H001,D009,2025-08-06,43,37,6,30.0,21.0,16.0,11.0,High Utilization
H006,D009,2025-12-16,49,44,5,29.0,15.0,9.0,7.0,High Utilization
H007,D001,2025-02-16,26,24,2,15.0,11.0,14.0,14.0,Critical
H006,D010,2025-12-27,59,51,8,27.0,14.0,22.0,12.0,High Utilization
H005,D003,2025-09-12,33,32,1,17.0,12.0,14.0,9.0,Critical
H006,D007,2025-05-05,40,27,13,25.0,11.0,16.0,1.0,Normal
H007,D009,2025-04-20,11,11,0,34.0,22.0,27.0,26.0,Critical
H007,D006,2025-05-05,36,29,7,31.0,7.0,9.0,0.0,High Utilization
H006,D004,2025-04-04,33,11,22,19.0,1.0,26.0,24.0,Normal
H005,D001,2025-07-25,40,23,17,25.0,1.0,25.0,6.0,Normal
H004,D001,2025-12-14,41,29,12,26.0,13.0,16.0,16.0,Normal
H006,D002,2025-04-17,22,1,21,15.0,14.0,12.0,9.0,Limited
H007,D007,2025-08-11,60,45,15,11.0,10.0,24.0,10.0,High Utilization
H007,D010,2025-08-04,40,39,1,29.0,15.0,7.0,3.0,Critical
H004,D010,2025-08-17,55,46,9,33.0,22.0,7.0,5.0,High Utilization
H007,D001,2025-10-21,36,22,14,6.0,4.0,14.0,3.0,Normal
H005,D004,2025-10-08,40,38,2,35.0,28.0,10.0,6.0,Critical
H005,D010,2025-06-23,10,9,1,23.0,22.0,22.0,9.0,Critical
H002,D009,2025-10-10,42,8,34,7.0,0.0,16.0,10.0,Limited
H004,D008,2025-11-05,21,7,14,39.0,33.0,26.0,23.0,Normal
H006,D007,2025-10-08,26,14,12,31.0,22.0,5.0,2.0,Normal
H007,D006,2025-10-17,47,30,17,18.0,0.0,28.0,14.0,Normal
H002,D005,2025-08-20,34,13,21,5.0,1.0,24.0,12.0,Normal
H001,D002,2025-08-01,22,10,12,36.0,8.0,26.0,8.0,Normal
H002,D006,2025-10-18,47,21,26,16.0,1.0,12.0,0.0,Normal
H002,D004,2025-08-09,58,36,22,24.0,7.0,23.0,2.0,Normal
H003,D004,2025-09-22,17,14,3,7.0,2.0,18.0,4.0,High Utilization
H003,D007,2025-09-18,40,34,6,40.0,5.0,30.0,5.0,High Utilization
H005,D008,2025-11-07,22,4,18,40.0,7.0,23.0,0.0,Limited
H002,D003,2025-10-14,20,12,8,27.0,7.0,28.0,26.0,Normal
H002,D002,2025-10-20,25,6,19,21.0,12.0,15.0,4.0,Limited
H006,D003,2025-06-18,23,13,10,28.0,5.0,27.0,1.0,Normal
H003,D002,2025-07-26,28,27,1,39.0,6.0,12.0,10.0,Critical
H007,D008,2025-05-16,39,0,39,39.0,21.0,14.0,13.0,Limited
H002,D002,2025-02-18,48,8,40,26.0,0.0,28.0,24.0,Limited
H005,D005,2025-01-31,38,2,36,36.0,12.0,8.0,8.0,Limited
H002,D005,2025-05-09,11,10,1,21.0,19.0,28.0,1.0,Critical
H001,D001,2025-10-29,57,2,55,10.0,6.0,20.0,9.0,Limited
H005,D003,2025-08-01,59,44,15,40.0,0.0,23.0,12.0,Normal
H005,D009,2025-10-29,34,6,28,21.0,21.0,20.0,18.0,Limited
H002,D008,2025-02-02,13,6,7,32.0,17.0,17.0,14.0,Normal
H004,D010,2025-01-30,55,19,36,18.0,16.0,27.0,0.0,Normal
H006,D005,2025-03-15,49,17,32,17.0,15.0,25.0,5.0,Normal
H003,D001,2025-03-28,41,38,3,20.0,9.0,27.0,13.0,Critical
H005,D002,2025-01-24,16,9,7,22.0,7.0,5.0,0.0,Normal
H004,D001,2025-12-31,18,4,14,28.0,17.0,8.0,6.0,Limited
H002,D006,2025-11-08,26,23,3,26.0,22.0,20.0,12.0,High Utilization
H007,D004,2025-04-29,37,18,19,20.0,6.0,15.0,8.0,Normal
H002,D004,2025-06-19,21,8,13,16.0,15.0,27.0,10.0,Normal
H006,D010,2025-05-20,22,9,13,39.0,27.0,19.0,19.0,Normal
H002,D001,2025-09-09,55,27,28,14.0,1.0,15.0,15.0,Normal
H007,D010,2025-10-19,45,41,4,11.0,11.0,8.0,2.0,Critical
H002,D004,2025-07-17,33,29,4,23.0,11.0,30.0,29.0,High Utilization
H006,D008,2025-06-22,33,14,19,17.0,17.0,13.0,1.0,Normal
H002,D001,2025-11-24,36,27,9,14.0,1.0,14.0,11.0,High Utilization
H005,D010,2025-10-02,59,23,36,11.0,4.0,16.0,1.0,Normal
H003,D002,2025-03-15,54,13,41,7.0,7.0,25.0,1.0,Limited
H001,D004,2025-01-25,38,25,13,23.0,2.0,27.0,13.0,Normal
H002,D003,2025-06-03,23,1,22,5.0,1.0,21.0,6.0,Limited
H003,D005,2025-02-07,50,0,50,31.0,6.0,20.0,7.0,Limited
H004,D007,2025-09-02,29,17,12,20.0,0.0,24.0,4.0,Normal
H005,D009,2025-07-24,24,22,2,34.0,25.0,12.0,11.0,Critical
H004,D002,2025-09-26,52,4,48,23.0,2.0,9.0,1.0,Limited
H001,D006,2025-05-24,39,38,1,24.0,18.0,29.0,20.0,Critical
H007,D010,2025-02-24,32,21,11,11.0,10.0,19.0,15.0,Normal
H005,D002,2025-12-11,23,17,6,29.0,20.0,12.0,6.0,Normal
H002,D005,2025-05-27,11,2,9,34.0,34.0,13.0,9.0,Limited
H007,D002,2025-04-19,13,10,3,35.0,15.0,28.0,26.0,High Utilization
H005,D007,2025-12-25,18,15,3,33.0,31.0,29.0,1.0,High Utilization
H001,D008,2025-07-04,37,23,14,28.0,21.0,16.0,2.0,Normal
H002,D007,2025-12-01,47,33,14,20.0,15.0,14.0,6.0,Normal
H001,D003,2025-04-18,52,45,7,34.0,21.0,10.0,9.0,High Utilization
H003,D005,2025-10-01,50,5,45,29.0,19.0,20.0,11.0,Limited
H002,D009,2025-10-17,53,22,31,34.0,8.0,22.0,12.0,Normal
H006,D003,2025-10-24,23,18,5,5.0,4.0,8.0,4.0,High Utilization
H006,D006,2025-07-04,37,21,16,24.0,17.0,25.0,7.0,Normal
H007,D004,2025-12-02,55,38,17,38.0,19.0,12.0,12.0,Normal
H005,D007,2025-04-22,19,8,11,23.0,10.0,19.0,13.0,Normal
H001,D006,2025-09-04,16,1,15,14.0,10.0,6.0,6.0,Limited
H006,D003,2025-04-17,43,28,15,38.0,21.0,11.0,9.0,Normal
H003,D002,2025-12-09,14,2,12,23.0,18.0,16.0,8.0,Limited
H004,D002,2025-12-03,22,14,8,36.0,21.0,12.0,1.0,Normal
H007,D008,2025-06-13,11,4,7,38.0,37.0,6.0,0.0,Normal
H006,D001,2025-06-04,11,3,8,14.0,14.0,30.0,25.0,Limited
H003,D009,2025-10-17,39,16,23,26.0,1.0,10.0,1.0,Normal
H001,D006,2025-05-30,48,41,7,30.0,0.0,9.0,2.0,High Utilization
H005,D006,2025-02-15,48,3,45,31.0,10.0,24.0,24.0,Limited
H005,D010,2025-03-29,20,10,10,24.0,14.0,6.0,3.0,Normal
H007,D007,2025-02-26,32,28,4,27.0,22.0,21.0,8.0,High Utilization
H002,D009,2025-03-30,16,0,16,26.0,13.0,7.0,2.0,Limited
H001,D008,2025-07-29,27,10,17,34.0,3.0,6.0,1.0,Normal
H005,D010,2025-12-15,25,7,18,8.0,7.0,9.0,7.0,Limited
H004,D004,2025-10-17,59,26,33,21.0,20.0,23.0,8.0,Normal
H004,D006,2025-04-05,20,7,13,22.0,3.0,12.0,2.0,Normal
H002,D005,2025-09-23,45,26,19,36.0,35.0,10.0,10.0,Normal
H003,D004,2025-03-14,42,30,12,23.0,15.0,12.0,1.0,Normal
H002,D004,2025-02-09,30,28,2,13.0,3.0,28.0,11.0,Critical
H001,D002,2025-09-03,13,9,4,32.0,13.0,23.0,14.0,Normal
H003,D001,2025-07-23,45,37,8,7.0,2.0,17.0,16.0,High Utilization
H003,D006,2025-10-20,17,6,11,23.0,5.0,26.0,7.0,Normal
H003,D010,2025-08-11,36,10,26,25.0,7.0,24.0,12.0,Limited
H007,D008,2025-07-17,38,13,25,18.0,14.0,9.0,6.0,Normal
H003,D005,2025-05-16,52,12,40,25.0,15.0,18.0,0.0,Limited
H006,D002,2025-02-27,45,15,30,14.0,8.0,14.0,11.0,Normal
H003,D005,2025-04-16,25,13,12,34.0,2.0,10.0,6.0,Normal
H006,D001,2025-05-22,45,16,29,32.0,5.0,15.0,3.0,Normal
H002,D010,2025-03-11,44,32,12,12.0,9.0,22.0,4.0,Normal
H007,D001,2025-08-07,36,20,16,5.0,2.0,11.0,4.0,Normal
H004,D008,2025-06-19,23,7,16,39.0,19.0,16.0,5.0,Normal
H002,D010,2025-10-01,25,20,5,19.0,2.0,5.0,5.0,High Utilization
H007,D002,2025-10-06,24,21,3,11.0,1.0,17.0,10.0,High Utilization
H006,D004,2025-09-03,50,19,31,11.0,10.0,19.0,3.0,Normal
H003,D005,2025-01-20,22,4,18,18.0,3.0,8.0,0.0,Limited
H004,D002,2025-07-29,15,13,2,24.0,11.0,26.0,12.0,High Utilization
H004,D002,2025-10-17,38,37,1,5.0,5.0,15.0,13.0,Critical
H006,D005,2025-07-04,12,1,11,16.0,16.0,25.0,1.0,Limited
H006,D009,2025-04-03,37,27,10,35.0,4.0,18.0,4.0,Normal
H003,D008,2025-07-28,44,19,25,5.0,5.0,17.0,14.0,Normal
H005,D004,2025-12-16,28,13,15,35.0,11.0,18.0,2.0,Normal
H001,D007,2025-08-16,18,0,18,18.0,5.0,27.0,24.0,Limited
H003,D005,2025-02-14,47,11,36,30.0,22.0,14.0,9.0,Limited
H005,D003,2025-06-20,17,8,9,29.0,5.0,12.0,0.0,Normal
H004,D008,2025-08-17,56,55,1,32.0,14.0,22.0,19.0,Critical
H005,D009,2025-05-06,47,45,2,37.0,17.0,25.0,1.0,Critical
H004,D010,2025-11-14,13,13,0,7.0,1.0,28.0,25.0,Critical
H006,D005,2025-03-10,19,1,18,32.0,13.0,11.0,6.0,Limited
H003,D010,2025-06-16,56,20,36,6.0,2.0,14.0,11.0,Normal
H002,D004,2025-04-25,34,16,18,20.0,20.0,5.0,0.0,Normal
H005,D006,2025-11-28,24,7,17,25.0,13.0,18.0,11.0,Limited
H003,D007,2025-01-15,25,14,11,24.0,24.0,29.0,1.0,Normal
H007,D002,2025-03-13,29,13,16,18.0,6.0,6.0,6.0,Normal
H001,D005,2025-02-18,26,17,9,32.0,6.0,9.0,7.0,Normal
H001,D003,2025-03-08,15,10,5,36.0,15.0,25.0,4.0,Normal
H006,D005,2025-10-07,39,12,27,30.0,17.0,28.0,22.0,Normal
H002,D009,2025-12-11,26,2,24,8.0,4.0,9.0,0.0,Limited
H006,D005,2025-02-23,43,28,15,8.0,0.0,7.0,3.0,Normal
H004,D009,2025-06-28,14,2,12,11.0,10.0,24.0,10.0,Limited
H006,D008,2025-01-19,16,8,8,20.0,0.0,9.0,7.0,Normal
H005,D009,2025-07-02,18,1,17,34.0,31.0,14.0,13.0,Limited
H002,D006,2025-09-03,31,15,16,30.0,7.0,24.0,14.0,Normal
H007,D009,2025-08-23,52,37,15,8.0,1.0,11.0,3.0,Normal
H001,D001,2025-01-16,29,21,8,27.0,24.0,25.0,5.0,Normal
H007,D006,2025-01-08,32,14,18,22.0,13.0,15.0,0.0,Normal
H007,D008,2025-02-10,13,10,3,33.0,4.0,5.0,4.0,High Utilization
H005,D001,2025-11-03,58,14,44,17.0,6.0,5.0,4.0,Limited
H002,D003,2025-02-21,57,14,43,13.0,0.0,12.0,6.0,Limited
H002,D006,2025-08-20,16,5,11,20.0,5.0,6.0,4.0,Normal
H005,D009,2025-10-14,19,17,2,33.0,33.0,28.0,25.0,High Utilization
H005,D008,2025-10-11,48,16,32,26.0,7.0,30.0,4.0,Normal
H002,D005,2025-01-17,10,2,8,35.0,2.0,11.0,1.0,Limited
H002,D007,2025-01-15,36,11,25,22.0,22.0,22.0,0.0,Normal
H002,D010,2025-01-20,13,9,4,15.0,13.0,18.0,18.0,Normal
H007,D004,2025-08-25,47,30,17,22.0,17.0,13.0,11.0,Normal
H005,D002,2025-11-17,20,10,10,21.0,11.0,21.0,14.0,Normal
H006,D004,2025-11-12,58,24,34,15.0,13.0,21.0,10.0,Normal
H007,D004,2025-08-09,37,4,33,12.0,11.0,11.0,1.0,Limited
H004,D001,2025-05-22,43,33,10,14.0,7.0,8.0,8.0,High Utilization
H006,D003,2025-07-03,21,18,3,10.0,8.0,23.0,6.0,High Utilization
H002,D001,2025-03-31,37,35,2,22.0,15.0,27.0,3.0,Critical
H002,D005,2025-09-25,10,9,1,33.0,3.0,7.0,3.0,Critical
H006,D001,2025-04-05,16,15,1,29.0,8.0,6.0,1.0,Critical
H004,D004,2025-10-06,23,7,16,37.0,35.0,6.0,3.0,Normal
H006,D002,2025-01-13,21,9,12,23.0,1.0,7.0,1.0,Normal
H006,D007,2025-05-05,53,46,7,23.0,7.0,15.0,15.0,High Utilization
H005,D003,2025-12-04,11,1,10,23.0,10.0,19.0,0.0,Limited
H006,D005,2025-03-21,13,6,7,31.0,21.0,9.0,7.0,Normal
H005,D001,2025-09-30,55,19,36,20.0,12.0,8.0,2.0,Normal
H006,D002,2025-08-20,47,22,25,7.0,3.0,15.0,11.0,Normal
H004,D007,2025-06-28,29,13,16,30.0,12.0,10.0,6.0,Normal
H002,D003,2025-05-01,57,45,12,6.0,2.0,11.0,6.0,High Utilization
H006,D004,2025-10-02,43,5,38,9.0,3.0,30.0,9.0,Limited
H006,D009,2025-11-14,55,45,10,26.0,26.0,21.0,2.0,High Utilization
H004,D010,2025-07-04,43,31,12,26.0,17.0,17.0,5.0,Normal
H004,D004,2025-12-17,14,12,2,12.0,5.0,9.0,9.0,High Utilization
H007,D007,2025-11-16,47,26,21,37.0,16.0,9.0,7.0,Normal
H007,D003,2025-10-09,29,19,10,37.0,27.0,6.0,0.0,Normal
H007,D001,2025-07-19,21,9,12,16.0,13.0,26.0,3.0,Normal
H006,D010,2025-12-10,50,12,38,25.0,18.0,12.0,2.0,Limited
H007,D006,2025-03-22,51,44,7,15.0,5.0,13.0,13.0,High Utilization
H005,D001,2025-10-15,58,35,23,26.0,13.0,23.0,6.0,Normal
H006,D004,2025-02-14,32,29,3,23.0,7.0,16.0,10.0,Critical
H002,D008,2025-01-17,10,3,7,24.0,18.0,24.0,23.0,Limited
H001,D005,2025-03-31,40,17,23,21.0,1.0,18.0,1.0,Normal
H003,D005,2025-01-24,55,17,38,27.0,0.0,13.0,7.0,Normal
H001,D008,2025-08-10,17,17,0,28.0,3.0,17.0,16.0,Critical
H006,D006,2025-10-07,13,8,5,37.0,33.0,22.0,4.0,Normal
H002,D002,2025-07-27,56,7,49,35.0,5.0,29.0,25.0,Limited
H003,D006,2025-02-07,55,33,22,17.0,13.0,15.0,3.0,Normal
H007,D002,2025-03-16,45,16,29,10.0,2.0,23.0,10.0,Normal
H007,D003,2025-04-14,43,41,2,37.0,0.0,25.0,14.0,Critical
H007,D009,2025-12-22,21,20,1,34.0,34.0,27.0,9.0,Critical
H002,D007,2025-07-16,51,33,18,11.0,1.0,25.0,23.0,Normal
H002,D006,2025-03-16,50,24,26,18.0,15.0,26.0,14.0,Normal
H001,D004,2025-12-16,10,5,5,6.0,5.0,18.0,15.0,Normal
H002,D008,2025-07-05,19,14,5,23.0,21.0,19.0,0.0,Normal
H003,D003,2025-01-22,48,35,13,20.0,13.0,29.0,10.0,Normal
H007,D007,2025-10-07,35,18,17,36.0,4.0,25.0,9.0,Normal
H002,D003,2025-12-27,54,43,11,33.0,22.0,29.0,13.0,High Utilization
H005,D004,2025-12-01,33,8,25,40.0,40.0,8.0,5.0,Limited
H006,D005,2025-10-23,12,8,4,5.0,5.0,9.0,6.0,Normal
H002,D007,2025-12-08,19,13,6,30.0,11.0,9.0,8.0,Normal
H003,D009,2025-05-28,23,11,12,24.0,5.0,13.0,12.0,Normal
H001,D010,2025-07-19,42,24,18,14.0,1.0,9.0,4.0,Normal
H002,D005,2025-11-29,43,34,9,26.0,1.0,16.0,7.0,High Utilization
H006,D005,2025-11-24,59,29,30,31.0,17.0,9.0,4.0,Normal
H006,D001,2025-10-05,53,8,45,8.0,7.0,9.0,7.0,Limited
H002,D006,2025-12-04,32,26,6,11.0,8.0,25.0,12.0,High Utilization
H006,D001,2025-09-05,23,18,5,13.0,11.0,8.0,1.0,High Utilization
H001,D002,2025-05-11,26,22,4,29.0,2.0,16.0,11.0,High Utilization
H001,D003,2025-12-15,52,6,46,7.0,7.0,25.0,13.0,Limited
H001,D005,2025-08-20,55,52,3,12.0,9.0,29.0,20.0,Critical
H002,D002,2025-09-26,36,9,27,30.0,25.0,13.0,7.0,Limited
H004,D005,2025-07-12,33,31,2,31.0,2.0,25.0,4.0,Critical
H004,D001,2025-11-30,29,16,13,23.0,5.0,18.0,5.0,Normal
H002,D002,2025-05-12,33,4,29,37.0,37.0,7.0,6.0,Limited
H003,D002,2025-04-11,24,13,11,25.0,10.0,28.0,1.0,Normal
H003,D010,2025-01-17,57,44,13,40.0,6.0,18.0,14.0,High Utilization
H006,D001,2025-07-16,39,9,30,33.0,7.0,21.0,10.0,Limited
H007,D009,2025-06-29,52,23,29,8.0,2.0,23.0,9.0,Normal
H002,D010,2025-09-21,12,12,0,11.0,9.0,13.0,10.0,Critical
H007,D009,2025-07-18,27,22,5,38.0,27.0,30.0,8.0,High Utilization
H007,D005,2025-10-10,12,12,0,34.0,9.0,22.0,10.0,Critical
H003,D003,2025-10-20,39,16,23,14.0,2.0,13.0,4.0,Normal
H002,D001,2025-07-16,19,14,5,35.0,2.0,18.0,12.0,Normal
H007,D009,2025-09-20,24,15,9,26.0,17.0,20.0,10.0,Normal
H007,D006,2025-09-16,21,21,0,38.0,15.0,26.0,4.0,Critical
H006,D004,2025-01-16,39,15,24,10.0,9.0,21.0,11.0,Normal
H002,D005,2025-11-19,23,15,8,12.0,8.0,24.0,6.0,Normal
H001,D009,2025-09-24,43,5,38,26.0,16.0,15.0,5.0,Limited
H002,D004,2025-01-01,49,12,37,38.0,34.0,21.0,5.0,Limited
H002,D005,2025-05-21,44,40,4,38.0,4.0,16.0,7.0,Critical
H003,D007,2025-01-17,15,10,5,36.0,3.0,15.0,11.0,Normal
H003,D004,2025-07-17,15,9,6,15.0,11.0,7.0,4.0,Normal
H001,D001,2025-08-10,25,10,15,11.0,6.0,5.0,4.0,Normal
H005,D006,2025-10-09,24,18,6,29.0,1.0,30.0,8.0,High Utilization
H003,D008,2025-10-18,25,21,4,9.0,3.0,14.0,12.0,High Utilization
H003,D004,2025-09-20,43,40,3,5.0,3.0,11.0,3.0,Critical
H007,D006,2025-01-26,35,27,8,31.0,22.0,15.0,4.0,High Utilization
H001,D010,2025-01-16,18,15,3,33.0,32.0,30.0,10.0,High Utilization
H004,D001,2025-08-19,10,9,1,24.0,4.0,5.0,5.0,Critical
H005,D005,2025-08-05,55,32,23,25.0,8.0,17.0,16.0,Normal
H006,D006,2025-08-24,43,17,26,16.0,15.0,10.0,1.0,Normal
H007,D005,2025-05-13,54,2,52,10.0,3.0,28.0,12.0,Limited
H006,D007,2025-09-28,42,25,17,19.0,0.0,13.0,0.0,Normal
H002,D001,2025-07-25,52,11,41,25.0,11.0,27.0,17.0,Limited
H004,D009,2025-02-05,38,30,8,33.0,23.0,22.0,4.0,High Utilization
H005,D009,2025-04-30,27,16,11,30.0,2.0,15.0,13.0,Normal
H004,D005,2025-01-04,28,28,0,21.0,18.0,24.0,5.0,Critical
H005,D010,2025-04-26,29,28,1,22.0,15.0,19.0,18.0,Critical
H007,D001,2025-07-02,55,22,33,15.0,2.0,30.0,1.0,Normal
H005,D002,2025-09-17,15,14,1,23.0,16.0,23.0,19.0,Critical
H003,D004,2025-08-16,39,7,32,9.0,3.0,7.0,5.0,Limited
H007,D005,2025-07-25,42,39,3,20.0,19.0,20.0,15.0,Critical
H005,D005,2025-08-03,59,20,39,31.0,21.0,18.0,12.0,Normal
H005,D008,2025-01-02,44,19,25,21.0,1.0,17.0,16.0,Normal
H001,D006,2025-12-22,50,30,20,8.0,7.0,8.0,4.0,Normal
H003,D007,2025-11-10,23,8,15,16.0,6.0,5.0,3.0,Normal
H005,D007,2025-08-23,22,13,9,20.0,20.0,19.0,10.0,Normal
H001,D008,2025-03-19,54,8,46,18.0,6.0,11.0,4.0,Limited
H003,D009,2025-11-18,32,20,12,26.0,15.0,5.0,5.0,Normal
H003,D006,2025-09-27,43,25,18,37.0,16.0,22.0,15.0,Normal
H001,D001,2025-10-18,11,1,10,20.0,3.0,20.0,3.0,Limited
H002,D004,2025-06-13,29,15,14,20.0,12.0,16.0,6.0,Normal
H002,D009,2025-08-24,47,44,3,18.0,11.0,17.0,4.0,Critical
H002,D003,2025-07-11,41,37,4,11.0,9.0,9.0,9.0,Critical
H007,D002,2025-04-29,10,3,7,9.0,0.0,16.0,3.0,Limited
H001,D004,2025-05-29,53,15,38,21.0,2.0,6.0,5.0,Limited
H005,D009,2025-08-02,16,14,2,34.0,11.0,6.0,5.0,High Utilization
H004,D005,2025-10-23,20,15,5,11.0,6.0,19.0,4.0,High Utilization
H001,D001,2025-03-01,38,29,9,23.0,19.0,16.0,0.0,High Utilization
H006,D001,2025-05-09,52,33,19,40.0,3.0,19.0,17.0,Normal
H006,D001,2025-05-08,20,4,16,11.0,0.0,21.0,2.0,Limited
H004,D002,2025-06-05,46,7,39,37.0,35.0,20.0,8.0,Limited
H004,D010,2025-09-05,45,15,30,32.0,17.0,12.0,7.0,Normal
H006,D001,2025-10-09,40,4,36,35.0,31.0,15.0,1.0,Limited
H001,D008,2025-09-29,38,36,2,40.0,2.0,13.0,1.0,Critical
H006,D001,2025-12-09,48,0,48,27.0,11.0,16.0,0.0,Limited
H006,D009,2025-01-05,57,47,10,35.0,2.0,14.0,9.0,High Utilization
H001,D006,2025-01-07,47,21,26,30.0,24.0,11.0,10.0,Normal
H007,D002,2025-12-09,60,0,60,18.0,6.0,18.0,18.0,Limited
H007,D004,2025-12-11,49,39,10,9.0,4.0,5.0,2.0,High Utilization
H007,D002,2025-12-17,49,5,44,33.0,19.0,10.0,0.0,Limited
H003,D002,2025-03-17,55,0,55,17.0,4.0,7.0,0.0,Limited
H004,D007,2025-08-08,19,7,12,38.0,15.0,26.0,13.0,Normal
H005,D007,2025-12-08,13,8,5,25.0,8.0,9.0,4.0,Normal
H003,D001,2025-11-10,13,6,7,26.0,22.0,22.0,5.0,Normal
H007,D006,2025-08-03,39,33,6,14.0,14.0,21.0,16.0,High Utilization
H004,D004,2025-10-22,53,1,52,33.0,17.0,21.0,16.0,Limited
H001,D007,2025-07-13,29,25,4,12.0,6.0,20.0,0.0,High Utilization
H001,D007,2025-06-07,45,26,19,38.0,1.0,18.0,7.0,Normal
H005,D009,2025-06-11,17,17,0,6.0,1.0,29.0,21.0,Critical
H003,D006,2025-12-21,20,6,14,5.0,3.0,13.0,8.0,Limited
H003,D002,2025-09-13,56,51,5,13.0,8.0,7.0,7.0,Critical
H004,D008,2025-11-11,51,1,50,25.0,9.0,28.0,24.0,Limited
H006,D009,2025-12-09,46,12,34,37.0,37.0,9.0,6.0,Limited
H006,D003,2025-11-20,15,8,7,40.0,34.0,5.0,5.0,Normal
H006,D010,2025-12-16,23,10,13,19.0,19.0,13.0,1.0,Normal
H007,D001,2025-10-23,31,9,22,28.0,28.0,16.0,5.0,Limited
H004,D010,2025-07-27,50,31,19,8.0,7.0,26.0,4.0,Normal
H007,D004,2025-02-12,32,8,24,12.0,2.0,27.0,3.0,Limited
H004,D010,2025-10-18,15,8,7,38.0,21.0,24.0,12.0,Normal
H007,D007,2025-10-25,39,39,0,11.0,10.0,21.0,17.0,Critical
H005,D008,2025-05-30,19,2,17,13.0,5.0,21.0,17.0,Limited
H004,D005,2025-11-11,25,8,17,11.0,10.0,16.0,16.0,Normal
H007,D010,2025-07-28,22,10,12,14.0,2.0,8.0,6.0,Normal
H002,D009,2025-11-01,59,52,7,18.0,3.0,28.0,4.0,High Utilization
H007,D005,2025-12-10,49,10,39,29.0,26.0,5.0,1.0,Limited
H005,D008,2025-08-04,11,5,6,13.0,8.0,16.0,12.0,Normal
H006,D008,2025-02-27,49,38,11,14.0,7.0,10.0,4.0,High Utilization
H006,D007,2025-04-28,14,10,4,36.0,31.0,5.0,3.0,Normal
H001,D007,2025-06-12,60,33,27,10.0,3.0,15.0,11.0,Normal
H003,D008,2025-06-09,21,5,16,16.0,11.0,11.0,8.0,Limited
H006,D005,2025-07-06,36,33,3,39.0,24.0,25.0,14.0,Critical
H004,D001,2025-10-25,60,37,23,32.0,10.0,25.0,15.0,Normal
H005,D005,2025-05-09,31,26,5,13.0,3.0,10.0,1.0,High Utilization
H003,D006,2025-01-11,56,1,55,7.0,3.0,21.0,21.0,Limited
H002,D009,2025-03-22,26,25,1,10.0,1.0,22.0,21.0,Critical
H006,D009,2025-05-27,43,1,42,22.0,3.0,7.0,4.0,Limited
H005,D003,2025-02-04,57,34,23,28.0,21.0,22.0,19.0,Normal
H003,D008,2025-01-29,37,23,14,27.0,21.0,24.0,14.0,Normal
H001,D005,2025-08-15,11,1,10,20.0,9.0,9.0,2.0,Limited
H002,D004,2025-07-04,60,58,2,9.0,7.0,14.0,10.0,Critical
H007,D003,2025-03-21,29,24,5,23.0,19.0,11.0,7.0,High Utilization
H002,D005,2025-02-08,26,5,21,20.0,1.0,28.0,24.0,Limited
H005,D008,2025-02-19,55,29,26,35.0,22.0,27.0,12.0,Normal
H004,D010,2025-04-07,11,5,6,30.0,3.0,17.0,0.0,Normal
H005,D009,2025-02-11,56,55,1,16.0,14.0,15.0,0.0,Critical
H005,D004,2025-03-06,22,11,11,31.0,15.0,19.0,3.0,Normal
H007,D005,2025-03-18,34,3,31,32.0,2.0,29.0,12.0,Limited
H002,D005,2025-12-09,20,1,19,10.0,4.0,21.0,14.0,Limited
H006,D004,2025-06-29,25,23,2,22.0,12.0,7.0,2.0,Critical
H002,D002,2025-11-06,54,15,39,27.0,11.0,25.0,13.0,Limited
H001,D002,2025-06-20,12,8,4,20.0,7.0,15.0,0.0,Normal
H005,D009,2025-11-06,32,20,12,21.0,11.0,26.0,12.0,Normal
H005,D010,2025-08-16,38,22,16,39.0,15.0,8.0,3.0,Normal
H007,D001,2025-05-15,60,14,46,19.0,6.0,14.0,3.0,Limited
H003,D005,2025-10-03,59,53,6,26.0,5.0,7.0,4.0,High Utilization
H007,D004,2025-08-14,10,0,10,30.0,19.0,7.0,4.0,Limited
H002,D004,2025-08-17,58,41,17,18.0,2.0,29.0,3.0,Normal
H005,D005,2025-03-22,41,30,11,31.0,17.0,10.0,6.0,Normal
H005,D007,2025-03-23,41,37,4,36.0,7.0,26.0,20.0,Critical
H005,D003,2025-05-24,49,31,18,7.0,7.0,16.0,3.0,Normal
H003,D010,2025-04-17,19,19,0,31.0,5.0,23.0,23.0,Critical
H002,D002,2025-08-10,31,30,1,40.0,28.0,7.0,1.0,Critical
H001,D002,2025-05-25,53,1,52,11.0,7.0,11.0,10.0,Limited
H007,D001,2025-09-12,17,2,15,8.0,1.0,18.0,8.0,Limited
H004,D001,2025-04-14,51,27,24,11.0,5.0,23.0,1.0,Normal
H002,D006,2025-06-17,23,1,22,32.0,6.0,5.0,4.0,Limited
H004,D005,2025-12-14,47,18,29,27.0,25.0,23.0,19.0,Normal
H006,D001,2025-06-16,24,10,14,30.0,17.0,28.0,10.0,Normal
H006,D007,2025-08-28,52,46,6,40.0,31.0,28.0,13.0,High Utilization
H005,D005,2025-05-22,25,25,0,21.0,13.0,24.0,19.0,Critical
H004,D009,2025-03-03,58,38,20,15.0,14.0,8.0,3.0,Normal
H004,D007,2025-03-17,16,8,8,26.0,9.0,19.0,16.0,Normal
H006,D002,2025-11-25,45,14,31,21.0,16.0,15.0,9.0,Normal
H003,D006,2025-08-08,18,3,15,5.0,1.0,18.0,2.0,Limited
H001,D001,2025-01-29,23,8,15,13.0,11.0,10.0,10.0,Normal
H006,D005,2025-10-17,21,6,15,38.0,4.0,9.0,9.0,Limited
H004,D005,2025-07-26,10,0,10,36.0,36.0,7.0,4.0,Limited
H005,D010,2025-01-27,48,6,42,39.0,38.0,13.0,4.0,Limited
H003,D002,2025-01-06,53,28,25,10.0,2.0,7.0,1.0,Normal
H003,D003,2025-06-07,16,14,2,37.0,25.0,21.0,1.0,High Utilization
H002,D006,2025-12-26,23,21,2,11.0,11.0,24.0,5.0,Critical
H006,D006,2025-11-19,32,22,10,17.0,6.0,16.0,3.0,Normal
H005,D006,2025-04-19,12,8,4,31.0,29.0,13.0,6.0,Normal
H003,D006,2025-06-07,50,2,48,39.0,12.0,23.0,14.0,Limited
H007,D009,2025-06-14,22,14,8,18.0,7.0,15.0,0.0,Normal
H004,D007,2025-09-15,50,48,2,12.0,12.0,19.0,19.0,Critical
H001,D008,2025-08-29,48,15,33,23.0,9.0,30.0,26.0,Normal
H004,D010,2025-03-04,49,47,2,40.0,15.0,21.0,14.0,Critical
H001,D003,2025-08-01,32,2,30,7.0,1.0,15.0,10.0,Limited
H003,D002,2025-01-30,32,24,8,25.0,4.0,10.0,7.0,High Utilization
H007,D005,2025-07-29,22,13,9,14.0,11.0,6.0,1.0,Normal
H003,D005,2025-10-20,41,35,6,22.0,14.0,24.0,3.0,High Utilization
H002,D001,2025-08-30,29,15,14,20.0,16.0,12.0,11.0,Normal
H007,D010,2025-04-30,46,19,27,36.0,20.0,9.0,7.0,Normal
H005,D009,2025-07-21,30,30,0,22.0,13.0,14.0,3.0,Critical
H006,D003,2025-10-27,48,24,24,14.0,1.0,28.0,25.0,Normal
H001,D008,2025-09-05,14,0,14,39.0,16.0,9.0,5.0,Limited
H006,D006,2025-01-21,10,0,10,24.0,1.0,27.0,17.0,Limited
H005,D009,2025-10-01,32,27,5,22.0,6.0,11.0,1.0,High Utilization
H003,D002,2025-01-24,42,40,2,24.0,24.0,7.0,2.0,Critical
H004,D006,2025-12-17,52,49,3,16.0,6.0,29.0,27.0,Critical
H004,D004,2025-05-29,49,17,32,7.0,1.0,12.0,6.0,Normal
H006,D001,2025-06-14,42,35,7,29.0,17.0,5.0,1.0,High Utilization
H006,D006,2025-05-15,36,33,3,23.0,16.0,30.0,0.0,Critical
H001,D002,2025-04-05,52,1,51,36.0,27.0,25.0,4.0,Limited
H007,D004,2025-08-27,52,43,9,25.0,0.0,10.0,10.0,High Utilization
H006,D004,2025-12-14,54,35,19,19.0,5.0,27.0,12.0,Normal
H004,D002,2025-08-23,28,18,10,26.0,4.0,16.0,5.0,Normal
H001,D003,2025-03-09,56,33,23,39.0,37.0,20.0,14.0,Normal
H007,D010,2025-02-07,16,8,8,28.0,15.0,16.0,16.0,Normal
H003,D006,2025-06-14,37,32,5,34.0,19.0,27.0,4.0,High Utilization
H006,D009,2025-07-14,18,5,13,38.0,33.0,23.0,18.0,Limited
H006,D005,2025-08-31,17,12,5,6.0,4.0,24.0,0.0,Normal
H001,D001,2025-06-02,18,14,4,21.0,19.0,23.0,17.0,High Utilization
H007,D001,2025-06-23,11,7,4,25.0,17.0,29.0,0.0,Normal
H004,D009,2025-01-16,16,14,2,33.0,26.0,19.0,11.0,High Utilization
H003,D003,2025-04-13,15,15,0,29.0,2.0,28.0,28.0,Critical
H002,D004,2025-03-07,60,9,51,25.0,11.0,25.0,10.0,Limited
H007,D002,2025-04-22,38,35,3,32.0,10.0,17.0,11.0,Critical
H005,D007,2025-06-12,57,48,9,36.0,28.0,16.0,9.0,High Utilization
H004,D007,2025-11-09,25,2,23,33.0,12.0,11.0,2.0,Limited
H001,D007,2025-11-05,49,42,7,40.0,17.0,16.0,5.0,High Utilization
H006,D004,2025-12-20,20,9,11,37.0,31.0,15.0,9.0,Normal
H006,D006,2025-11-10,52,37,15,40.0,31.0,16.0,16.0,Normal
H003,D009,2025-07-21,43,26,17,6.0,3.0,20.0,16.0,Normal
H005,D010,2025-04-02,30,18,12,26.0,6.0,13.0,5.0,Normal
H002,D003,2025-12-10,34,5,29,24.0,16.0,29.0,29.0,Limited
H007,D001,2025-05-26,40,39,1,22.0,10.0,16.0,7.0,Critical
H001,D004,2025-11-08,56,41,15,34.0,10.0,24.0,12.0,Normal
H003,D008,2025-03-21,15,0,15,6.0,4.0,12.0,7.0,Limited
H007,D004,2025-02-25,48,6,42,36.0,18.0,10.0,5.0,Limited
H005,D007,2025-07-02,42,12,30,9.0,0.0,18.0,4.0,Limited
H007,D008,2025-01-18,12,4,8,17.0,16.0,17.0,10.0,Normal
H004,D002,2025-03-31,55,43,12,10.0,3.0,9.0,1.0,High Utilization
H006,D010,2025-10-23,37,12,25,9.0,0.0,8.0,2.0,Normal
H004,D010,2025-09-25,10,5,5,36.0,4.0,21.0,2.0,Normal
H006,D006,2025-03-26,17,16,1,27.0,23.0,26.0,23.0,Critical
H003,D006,2025-12-23,49,41,8,31.0,14.0,9.0,2.0,High Utilization
H005,D008,2025-09-19,52,49,3,18.0,12.0,27.0,16.0,Critical
H007,D009,2025-02-04,57,2,55,39.0,15.0,6.0,0.0,Limited
H007,D010,2025-08-16,15,13,2,39.0,22.0,29.0,11.0,High Utilization
H007,D006,2025-01-27,48,26,22,25.0,10.0,23.0,1.0,Normal
H006,D008,2025-05-01,22,2,20,10.0,9.0,19.0,11.0,Limited
H001,D007,2025-12-21,39,19,20,25.0,3.0,8.0,5.0,Normal
H004,D003,2025-01-31,40,24,16,6.0,0.0,15.0,1.0,Normal
H006,D005,2025-12-27,47,1,46,8.0,7.0,23.0,6.0,Limited
H004,D001,2025-06-27,34,9,25,16.0,2.0,11.0,5.0,Limited
H004,D005,2025-04-24,17,4,13,28.0,8.0,12.0,1.0,Limited
H002,D010,2025-03-26,39,12,27,28.0,11.0,22.0,14.0,Normal
H003,D007,2025-08-27,15,2,13,29.0,4.0,14.0,14.0,Limited
H006,D009,2025-06-24,16,10,6,36.0,33.0,6.0,0.0,Normal
H002,D007,2025-04-13,59,18,41,15.0,5.0,30.0,18.0,Normal
H003,D003,2025-04-08,32,7,25,32.0,1.0,30.0,18.0,Limited
H001,D009,2025-02-08,16,6,10,16.0,14.0,22.0,21.0,Normal
H003,D004,2025-08-11,37,14,23,10.0,8.0,22.0,4.0,Normal
H006,D005,2025-03-31,57,0,57,22.0,16.0,14.0,11.0,Limited
H007,D005,2025-12-03,11,5,6,25.0,5.0,6.0,5.0,Normal
H003,D004,2025-03-16,23,10,13,12.0,6.0,20.0,1.0,Normal
H004,D007,2025-03-20,42,5,37,37.0,11.0,17.0,11.0,Limited
H001,D003,2025-11-07,16,2,14,23.0,19.0,28.0,22.0,Limited
H004,D005,2025-06-09,11,6,5,26.0,6.0,16.0,2.0,Normal
H005,D008,2025-06-16,19,3,16,13.0,13.0,9.0,1.0,Limited
H005,D008,2025-05-18,33,10,23,28.0,11.0,11.0,6.0,Normal
H007,D006,2025-06-23,10,3,7,7.0,3.0,21.0,19.0,Limited
H007,D001,2025-09-04,31,8,23,28.0,20.0,19.0,9.0,Limited
H003,D005,2025-04-29,15,14,1,27.0,13.0,7.0,3.0,Critical
H002,D003,2025-02-11,57,7,50,30.0,18.0,19.0,6.0,Limited
H005,D010,2025-05-15,25,25,0,14.0,6.0,18.0,1.0,Critical
H002,D006,2025-05-09,24,1,23,7.0,2.0,6.0,3.0,Limited
H004,D003,2025-03-31,10,2,8,32.0,14.0,14.0,10.0,Limited
H006,D009,2025-03-17,27,6,21,35.0,5.0,26.0,9.0,Limited
H005,D005,2025-06-25,54,4,50,33.0,11.0,25.0,18.0,Limited
H001,D006,2025-06-18,35,29,6,19.0,6.0,21.0,1.0,High Utilization
H006,D006,2025-12-26,49,18,31,13.0,0.0,27.0,4.0,Normal
H002,D009,2025-01-10,36,6,30,5.0,1.0,21.0,7.0,Limited
H005,D010,2025-07-12,22,18,4,6.0,3.0,11.0,8.0,High Utilization
H001,D008,2025-10-08,55,50,5,34.0,1.0,20.0,20.0,Critical
H003,D005,2025-11-09,39,18,21,35.0,9.0,30.0,22.0,Normal
H007,D008,2025-07-23,35,17,18,33.0,15.0,22.0,22.0,Normal
H004,D001,2025-04-20,15,1,14,30.0,0.0,5.0,4.0,Limited
H002,D004,2025-06-26,52,21,31,36.0,9.0,22.0,22.0,Normal
H002,D010,2025-10-24,23,21,2,9.0,2.0,26.0,6.0,Critical
H004,D010,2025-02-02,32,8,24,20.0,11.0,21.0,17.0,Limited
H007,D006,2025-09-15,57,10,47,21.0,14.0,27.0,13.0,Limited
H007,D004,2025-02-27,41,6,35,39.0,8.0,12.0,11.0,Limited
H002,D002,2025-02-14,32,13,19,23.0,0.0,25.0,10.0,Normal
H005,D009,2025-10-05,35,3,32,29.0,5.0,15.0,6.0,Limited
H001,D002,2025-12-01,34,0,34,17.0,4.0,5.0,4.0,Limited
H004,D005,2025-01-20,31,14,17,27.0,14.0,10.0,2.0,Normal
H006,D008,2025-05-22,59,29,30,22.0,18.0,10.0,6.0,Normal
H001,D005,2025-07-08,18,10,8,30.0,25.0,13.0,0.0,Normal
H006,D005,2025-05-26,10,0,10,34.0,24.0,16.0,16.0,Limited
H006,D005,2025-05-14,58,48,10,30.0,7.0,22.0,18.0,High Utilization
H003,D005,2025-03-01,26,10,16,22.0,20.0,18.0,2.0,Normal
H004,D003,2025-05-12,26,21,5,17.0,16.0,6.0,3.0,High Utilization
H002,D005,2025-03-06,13,3,10,29.0,26.0,9.0,6.0,Limited
H004,D008,2025-10-17,50,31,19,31.0,31.0,14.0,0.0,Normal
H003,D009,2025-06-23,38,15,23,36.0,13.0,24.0,7.0,Normal
H002,D003,2025-10-11,26,22,4,13.0,3.0,21.0,20.0,High Utilization
H004,D006,2025-02-15,44,7,37,29.0,4.0,11.0,0.0,Limited
H001,D005,2025-08-12,23,6,17,30.0,24.0,30.0,17.0,Limited
H006,D004,2025-10-27,33,6,27,15.0,15.0,28.0,27.0,Limited
H004,D009,2025-05-31,18,13,5,13.0,0.0,13.0,7.0,Normal
H007,D004,2025-09-14,20,8,12,37.0,5.0,22.0,4.0,Normal
H001,D005,2025-04-22,47,0,47,10.0,1.0,6.0,4.0,Limited
H001,D008,2025-01-05,57,48,9,32.0,2.0,11.0,0.0,High Utilization
H007,D001,2025-11-04,28,13,15,33.0,13.0,11.0,1.0,Normal
H003,D009,2025-01-04,41,9,32,13.0,2.0,6.0,6.0,Limited
H005,D008,2025-12-12,46,39,7,14.0,11.0,12.0,3.0,High Utilization
H002,D007,2025-11-22,45,11,34,29.0,25.0,14.0,2.0,Limited
H007,D003,2025-02-25,15,10,5,29.0,7.0,28.0,0.0,Normal
H006,D010,2025-03-19,58,12,46,12.0,4.0,27.0,0.0,Limited
H004,D008,2025-11-23,10,10,0,15.0,2.0,17.0,8.0,Critical
H001,D008,2025-03-22,21,8,13,15.0,14.0,23.0,22.0,Normal
H003,D005,2025-11-05,32,18,14,11.0,4.0,23.0,3.0,Normal
H002,D007,2025-06-24,13,4,9,31.0,5.0,17.0,3.0,Normal
H001,D009,2025-04-15,18,17,1,7.0,0.0,6.0,6.0,Critical
H003,D003,2025-11-12,43,2,41,34.0,5.0,10.0,10.0,Limited
H007,D006,2025-12-05,18,2,16,13.0,5.0,20.0,1.0,Limited
H004,D003,2025-03-17,30,29,1,31.0,5.0,24.0,12.0,Critical
H004,D009,2025-08-19,56,38,18,21.0,3.0,24.0,14.0,Normal
H005,D010,2025-06-08,24,17,7,40.0,28.0,29.0,6.0,Normal
H005,D006,2025-04-12,57,0,57,36.0,9.0,28.0,26.0,Limited
H002,D004,2025-01-03,58,11,47,30.0,28.0,21.0,0.0,Limited
H003,D008,2025-11-08,37,3,34,11.0,3.0,8.0,3.0,Limited
H003,D004,2025-03-30,23,6,17,32.0,0.0,18.0,18.0,Limited
H007,D001,2025-04-14,38,16,22,36.0,27.0,10.0,10.0,Normal
H006,D009,2025-12-26,48,41,7,17.0,7.0,21.0,3.0,High Utilization
H001,D010,2025-08-24,35,4,31,22.0,15.0,5.0,1.0,Limited
H004,D005,2025-11-27,39,39,0,31.0,10.0,13.0,8.0,Critical
H006,D002,2025-08-06,44,1,43,32.0,19.0,26.0,16.0,Limited
H007,D001,2025-09-18,15,2,13,29.0,18.0,6.0,5.0,Limited
H004,D009,2025-02-10,36,13,23,27.0,10.0,30.0,26.0,Normal
H001,D001,2025-08-02,49,46,3,38.0,13.0,16.0,14.0,Critical
H001,D009,2025-07-05,34,34,0,17.0,9.0,11.0,4.0,Critical
H004,D008,2025-12-23,45,10,35,15.0,8.0,19.0,17.0,Limited
H006,D002,2025-07-30,16,15,1,28.0,18.0,18.0,6.0,Critical
H006,D003,2025-06-19,49,14,35,12.0,2.0,13.0,8.0,Limited
H007,D007,2025-09-12,10,2,8,13.0,1.0,9.0,4.0,Limited
H006,D006,2025-07-27,10,6,4,15.0,11.0,24.0,6.0,Normal
H001,D010,2025-10-29,23,19,4,22.0,6.0,14.0,9.0,High Utilization
H003,D010,2025-08-17,30,3,27,39.0,8.0,25.0,25.0,Limited
H004,D006,2025-01-18,32,27,5,7.0,2.0,6.0,5.0,High Utilization
H001,D007,2025-12-04,10,0,10,28.0,6.0,17.0,11.0,Limited
H007,D003,2025-10-14,45,3,42,18.0,13.0,30.0,14.0,Limited
H002,D010,2025-05-24,27,21,6,38.0,25.0,11.0,9.0,High Utilization
H004,D001,2025-07-31,36,9,27,7.0,6.0,17.0,13.0,Limited
H006,D004,2025-02-28,24,7,17,13.0,12.0,18.0,4.0,Limited
H005,D004,2025-03-12,17,8,9,34.0,20.0,24.0,18.0,Normal
H007,D003,2025-08-30,18,7,11,22.0,16.0,27.0,19.0,Normal
H005,D005,2025-03-15,21,5,16,9.0,1.0,26.0,24.0,Limited
H006,D003,2025-07-16,51,37,14,17.0,8.0,25.0,2.0,Normal
H002,D010,2025-09-29,40,36,4,7.0,5.0,24.0,14.0,Critical
H003,D007,2025-11-09,31,21,10,33.0,2.0,7.0,6.0,Normal
H003,D007,2025-01-01,60,0,60,39.0,24.0,12.0,8.0,Limited
H007,D004,2025-02-25,27,2,25,9.0,6.0,20.0,6.0,Limited
H007,D008,2025-03-31,22,5,17,40.0,28.0,8.0,5.0,Limited
H004,D004,2025-03-04,31,15,16,27.0,9.0,21.0,3.0,Normal
H001,D007,2025-09-06,38,26,12,27.0,17.0,9.0,8.0,Normal
H005,D002,2025-06-03,28,22,6,20.0,5.0,14.0,0.0,High Utilization
H002,D009,2025-06-13,36,31,5,20.0,5.0,27.0,5.0,High Utilization
H003,D003,2025-01-17,19,17,2,19.0,11.0,17.0,4.0,High Utilization
H004,D002,2025-03-29,57,0,57,29.0,13.0,19.0,5.0,Limited
H006,D002,2025-05-16,39,10,29,18.0,13.0,17.0,2.0,Limited
H002,D003,2025-08-09,60,15,45,7.0,7.0,28.0,26.0,Limited
H007,D003,2025-09-16,26,22,4,37.0,12.0,21.0,18.0,High Utilization
H001,D006,2025-10-10,44,0,44,39.0,36.0,15.0,1.0,Limited
H002,D007,2025-02-22,16,5,11,26.0,7.0,13.0,0.0,Normal
H003,D001,2025-10-19,53,5,48,39.0,33.0,29.0,20.0,Limited
H003,D007,2025-12-17,53,12,41,11.0,8.0,25.0,7.0,Limited
H002,D008,2025-01-16,31,30,1,38.0,34.0,13.0,10.0,Critical
H001,D010,2025-10-16,19,17,2,9.0,0.0,21.0,14.0,High Utilization
H001,D010,2025-11-03,44,37,7,22.0,21.0,25.0,21.0,High Utilization
H002,D002,2025-07-09,32,7,25,30.0,13.0,5.0,3.0,Limited
H003,D003,2025-04-18,59,23,36,38.0,27.0,11.0,6.0,Normal
H007,D002,2025-02-02,27,22,5,32.0,32.0,29.0,23.0,High Utilization
H006,D003,2025-10-16,43,17,26,10.0,9.0,29.0,26.0,Normal
H002,D006,2025-09-03,18,5,13,39.0,33.0,11.0,2.0,Limited
H006,D005,2025-08-10,39,20,19,39.0,2.0,25.0,17.0,Normal
H004,D003,2025-09-02,34,14,20,17.0,9.0,19.0,11.0,Normal
H004,D007,2025-12-21,19,1,18,36.0,5.0,5.0,1.0,Limited
H004,D001,2025-05-07,48,34,14,40.0,26.0,21.0,9.0,Normal
H004,D004,2025-11-10,56,26,30,34.0,3.0,24.0,21.0,Normal
H003,D006,2025-03-08,39,29,10,26.0,8.0,5.0,2.0,Normal
H007,D007,2025-12-21,12,3,9,28.0,12.0,19.0,13.0,Limited
H001,D002,2025-07-15,48,42,6,20.0,15.0,8.0,2.0,High Utilization
H002,D004,2025-04-20,21,12,9,9.0,4.0,16.0,10.0,Normal
H005,D005,2025-10-20,21,13,8,25.0,18.0,23.0,6.0,Normal
H006,D002,2025-04-20,13,9,4,35.0,22.0,26.0,11.0,Normal
H007,D007,2025-09-23,29,22,7,32.0,5.0,26.0,0.0,High Utilization
H007,D010,2025-02-20,40,7,33,31.0,18.0,9.0,0.0,Limited
H003,D009,2025-02-11,37,28,9,13.0,0.0,22.0,7.0,High Utilization
H007,D009,2025-06-23,26,23,3,33.0,14.0,24.0,17.0,High Utilization
H003,D002,2025-03-29,24,3,21,17.0,0.0,13.0,0.0,Limited
H003,D010,2025-04-20,29,22,7,25.0,13.0,23.0,4.0,High Utilization
H006,D007,2025-02-25,40,35,5,18.0,0.0,6.0,5.0,High Utilization
H007,D006,2025-08-09,47,26,21,35.0,21.0,5.0,2.0,Normal
H006,D006,2025-11-04,12,5,7,18.0,12.0,9.0,5.0,Normal
H001,D007,2025-11-30,33,0,33,8.0,8.0,15.0,2.0,Limited
H004,D008,2025-09-08,54,4,50,20.0,1.0,30.0,14.0,Limited
H004,D001,2025-03-07,52,46,6,20.0,11.0,25.0,19.0,High Utilization
H006,D002,2025-07-24,30,18,12,10.0,4.0,14.0,4.0,Normal
H003,D005,2025-05-22,17,7,10,21.0,19.0,23.0,19.0,Normal
H005,D004,2025-11-18,43,15,28,11.0,1.0,6.0,4.0,Normal
H005,D005,2025-08-05,19,6,13,38.0,31.0,6.0,5.0,Normal
H006,D001,2025-09-02,26,21,5,36.0,29.0,15.0,6.0,High Utilization
H005,D009,2025-11-09,35,2,33,12.0,7.0,14.0,0.0,Limited
H003,D007,2025-08-20,43,16,27,22.0,11.0,20.0,20.0,Normal
H005,D004,2025-02-02,30,14,16,13.0,12.0,5.0,1.0,Normal
H005,D008,2025-12-04,50,23,27,30.0,4.0,6.0,1.0,Normal
H004,D008,2025-05-03,14,12,2,18.0,15.0,29.0,28.0,High Utilization
H005,D001,2025-09-18,24,4,20,32.0,30.0,25.0,7.0,Limited
H004,D002,2025-05-07,15,1,14,22.0,7.0,30.0,27.0,Limited
H004,D002,2025-06-24,41,37,4,8.0,6.0,10.0,10.0,Critical
H003,D003,2025-09-02,10,2,8,6.0,4.0,14.0,5.0,Limited
H001,D008,2025-10-26,10,5,5,7.0,3.0,27.0,27.0,Normal
H001,D007,2025-06-02,24,22,2,37.0,37.0,25.0,11.0,Critical
H001,D001,2025-04-16,35,25,10,37.0,17.0,5.0,3.0,Normal
H007,D006,2025-09-23,30,23,7,34.0,30.0,13.0,4.0,High Utilization
H007,D007,2025-07-30,44,12,32,8.0,1.0,19.0,15.0,Limited
H007,D001,2025-09-27,17,2,15,8.0,2.0,15.0,5.0,Limited
H003,D009,2025-06-26,46,20,26,9.0,8.0,13.0,6.0,Normal
H007,D003,2025-05-13,28,16,12,40.0,34.0,8.0,6.0,Normal
H003,D005,2025-08-10,48,38,10,15.0,15.0,8.0,0.0,High Utilization
H002,D006,2025-03-22,16,10,6,22.0,20.0,21.0,14.0,Normal
H005,D007,2025-03-17,12,7,5,22.0,6.0,28.0,9.0,Normal
H004,D009,2025-05-15,55,21,34,19.0,4.0,25.0,5.0,Normal
H004,D004,2025-07-26,31,20,11,28.0,11.0,28.0,0.0,Normal
H001,D001,2025-02-01,55,23,32,31.0,15.0,13.0,7.0,Normal
H003,D001,2025-08-06,51,23,28,23.0,4.0,7.0,4.0,Normal
H007,D002,2025-02-25,36,11,25,38.0,15.0,13.0,7.0,Normal
H001,D004,2025-04-02,23,18,5,35.0,28.0,5.0,2.0,High Utilization
H004,D002,2025-11-11,13,10,3,38.0,29.0,17.0,14.0,High Utilization
H004,D004,2025-11-26,42,15,27,8.0,2.0,25.0,4.0,Normal
H006,D007,2025-02-26,27,15,12,16.0,14.0,6.0,1.0,Normal
H002,D003,2025-08-11,20,2,18,28.0,28.0,9.0,9.0,Limited
H003,D002,2025-05-08,39,25,14,6.0,0.0,20.0,19.0,Normal
H003,D006,2025-09-12,54,50,4,23.0,1.0,12.0,12.0,Critical
H003,D010,2025-09-20,52,10,42,28.0,28.0,16.0,7.0,Limited
H002,D001,2025-11-08,58,16,42,16.0,5.0,21.0,11.0,Limited
H005,D001,2025-06-05,60,30,30,5.0,3.0,6.0,5.0,Normal
H005,D005,2025-06-08,22,10,12,24.0,15.0,20.0,17.0,Normal
H002,D004,2025-01-18,25,14,11,21.0,1.0,22.0,13.0,Normal
H002,D004,2025-08-08,26,26,0,28.0,8.0,17.0,10.0,Critical
H005,D005,2025-10-02,10,4,6,28.0,13.0,26.0,13.0,Normal
H004,D003,2025-05-31,22,17,5,13.0,7.0,22.0,11.0,High Utilization
H007,D001,2025-06-07,20,6,14,5.0,3.0,16.0,8.0,Limited
H003,D007,2025-01-10,53,8,45,17.0,13.0,6.0,1.0,Limited
H003,D008,2025-11-08,13,1,12,27.0,9.0,29.0,0.0,Limited
H004,D005,2025-01-14,13,6,7,15.0,2.0,25.0,22.0,Normal
H003,D002,2025-02-23,49,37,12,39.0,36.0,11.0,9.0,High Utilization
H003,D009,2025-11-08,39,27,12,38.0,16.0,26.0,21.0,Normal
H001,D006,2025-06-02,48,4,44,7.0,0.0,22.0,19.0,Limited
H002,D007,2025-02-08,59,10,49,37.0,25.0,26.0,18.0,Limited
H002,D010,2025-06-04,10,5,5,40.0,3.0,28.0,14.0,Normal
H005,D007,2025-12-10,56,56,0,11.0,11.0,14.0,11.0,Critical
H007,D006,2025-07-30,54,31,23,26.0,12.0,28.0,21.0,Normal
H007,D003,2025-01-17,15,9,6,15.0,14.0,23.0,3.0,Normal
H001,D002,2025-01-10,10,1,9,28.0,22.0,25.0,18.0,Limited
H006,D005,2025-01-12,37,5,32,15.0,8.0,27.0,0.0,Limited
H001,D010,2025-02-14,11,7,4,22.0,8.0,30.0,16.0,Normal
H007,D003,2025-10-31,11,6,5,18.0,16.0,28.0,1.0,Normal
H001,D006,2025-07-04,18,15,3,16.0,6.0,26.0,15.0,High Utilization
H003,D004,2025-08-18,40,33,7,19.0,9.0,6.0,6.0,High Utilization
H005,D005,2025-12-16,54,54,0,15.0,8.0,11.0,9.0,Critical
H001,D007,2025-07-14,22,18,4,31.0,31.0,19.0,7.0,High Utilization
H007,D005,2025-10-13,10,2,8,37.0,7.0,10.0,5.0,Limited
H005,D007,2025-02-24,48,23,25,19.0,6.0,20.0,4.0,Normal
H002,D002,2025-04-05,53,31,22,24.0,19.0,24.0,7.0,Normal
H005,D001,2025-02-16,29,24,5,28.0,14.0,9.0,2.0,High Utilization
H003,D009,2025-12-26,43,19,24,40.0,7.0,23.0,10.0,Normal
H003,D004,2025-07-11,19,13,6,25.0,8.0,17.0,1.0,Normal
H002,D002,2025-07-27,41,18,23,36.0,19.0,10.0,7.0,Normal
H003,D010,2025-06-29,28,9,19,29.0,4.0,16.0,14.0,Normal
H007,D007,2025-10-10,55,4,51,38.0,1.0,13.0,11.0,Limited
H006,D002,2025-11-06,20,9,11,36.0,7.0,8.0,2.0,Normal
H006,D009,2025-11-29,12,4,8,20.0,0.0,10.0,4.0,Normal
H005,D006,2025-12-17,49,20,29,37.0,2.0,7.0,3.0,Normal
H003,D001,2025-09-23,37,27,10,27.0,7.0,16.0,2.0,Normal
H006,D004,2025-03-27,44,5,39,30.0,14.0,28.0,20.0,Limited
H001,D001,2025-07-07,41,13,28,34.0,6.0,27.0,26.0,Normal
H003,D009,2025-10-03,39,9,30,17.0,8.0,29.0,3.0,Limited
H003,D004,2025-07-28,43,18,25,10.0,8.0,28.0,23.0,Normal
H004,D004,2025-09-20,17,9,8,39.0,22.0,12.0,9.0,Normal
H002,D001,2025-11-29,27,23,4,40.0,40.0,29.0,4.0,High Utilization
H007,D007,2025-07-06,40,6,34,15.0,3.0,25.0,4.0,Limited
H001,D007,2025-11-12,12,4,8,14.0,9.0,21.0,11.0,Normal
H004,D003,2025-08-29,50,18,32,39.0,21.0,12.0,12.0,Normal
H003,D004,2025-11-14,60,37,23,24.0,8.0,15.0,1.0,Normal
H002,D003,2025-05-27,45,33,12,34.0,4.0,5.0,3.0,Normal
H005,D001,2025-05-26,12,12,0,35.0,7.0,12.0,12.0,Critical
H005,D005,2025-06-28,20,15,5,37.0,16.0,16.0,3.0,High Utilization
H005,D007,2025-01-20,22,3,19,36.0,5.0,29.0,2.0,Limited
H007,D006,2025-08-09,57,43,14,5.0,2.0,13.0,2.0,High Utilization
H006,D005,2025-04-13,32,22,10,18.0,4.0,7.0,0.0,Normal
H007,D006,2025-09-03,29,27,2,18.0,18.0,6.0,0.0,Critical
H002,D006,2025-10-19,16,2,14,5.0,3.0,22.0,20.0,Limited
H005,D010,2025-05-31,38,13,25,25.0,22.0,21.0,1.0,Normal
H006,D009,2025-08-06,16,16,0,22.0,15.0,29.0,9.0,Critical
H005,D004,2025-07-08,22,16,6,19.0,3.0,26.0,25.0,Normal
H007,D010,2025-10-24,52,30,22,7.0,6.0,27.0,9.0,Normal
H004,D004,2025-03-28,35,9,26,7.0,6.0,30.0,3.0,Limited
H007,D005,2025-11-03,43,5,38,36.0,6.0,30.0,3.0,Limited
H004,D001,2025-04-23,59,28,31,26.0,10.0,10.0,1.0,Normal
H003,D009,2025-07-30,16,7,9,36.0,28.0,15.0,7.0,Normal
H004,D010,2025-07-20,45,14,31,11.0,8.0,23.0,15.0,Normal
H007,D006,2025-12-15,14,8,6,30.0,7.0,9.0,4.0,Normal
H006,D008,2025-10-01,33,3,30,20.0,14.0,16.0,5.0,Limited
H002,D008,2025-06-13,16,13,3,12.0,3.0,27.0,20.0,High Utilization
H005,D006,2025-01-23,11,8,3,34.0,10.0,27.0,7.0,Normal
H002,D004,2025-02-04,50,27,23,36.0,1.0,30.0,11.0,Normal
H004,D010,2025-03-08,25,17,8,19.0,8.0,26.0,14.0,Normal
H004,D003,2025-09-19,27,4,23,16.0,0.0,24.0,0.0,Limited
H006,D004,2025-12-02,23,21,2,6.0,0.0,21.0,17.0,Critical
H007,D006,2025-10-18,54,50,4,36.0,16.0,22.0,11.0,Critical
H005,D008,2025-09-27,10,9,1,32.0,26.0,12.0,0.0,Critical
H007,D005,2025-08-05,23,1,22,20.0,12.0,29.0,9.0,Limited
H002,D002,2025-04-21,40,17,23,16.0,3.0,14.0,12.0,Normal
H006,D007,2025-02-06,11,1,10,13.0,7.0,29.0,6.0,Limited
H006,D002,2025-03-06,27,0,27,37.0,8.0,22.0,6.0,Limited
H007,D010,2025-06-05,38,5,33,30.0,6.0,13.0,4.0,Limited
H003,D006,2025-10-22,21,9,12,15.0,2.0,7.0,2.0,Normal
H001,D004,2025-11-08,56,12,44,36.0,15.0,29.0,4.0,Limited
H005,D003,2025-06-03,27,0,27,15.0,15.0,14.0,14.0,Limited
H001,D007,2025-07-04,45,42,3,17.0,4.0,27.0,16.0,Critical
H006,D008,2025-01-18,17,13,4,14.0,10.0,24.0,19.0,High Utilization
H004,D003,2025-03-12,11,4,7,6.0,4.0,5.0,4.0,Normal
H006,D006,2025-01-17,35,29,6,27.0,4.0,13.0,7.0,High Utilization
H001,D002,2025-03-25,45,39,6,24.0,13.0,8.0,4.0,High Utilization
H006,D005,2025-10-24,54,42,12,19.0,5.0,8.0,5.0,High Utilization
H003,D001,2025-07-22,27,20,7,18.0,12.0,24.0,20.0,Normal
H002,D003,2025-08-06,20,10,10,32.0,21.0,19.0,17.0,Normal
H007,D009,2025-07-15,51,38,13,7.0,3.0,17.0,3.0,Normal
H005,D002,2025-09-03,55,49,6,14.0,13.0,17.0,17.0,High Utilization
H002,D003,2025-11-27,59,7,52,37.0,19.0,17.0,5.0,Limited
H007,D006,2025-11-27,12,2,10,5.0,0.0,25.0,3.0,Limited
H006,D003,2025-05-17,41,5,36,14.0,4.0,11.0,4.0,Limited
H001,D008,2025-08-07,51,42,9,33.0,5.0,14.0,6.0,High Utilization
H003,D006,2025-06-05,27,19,8,30.0,25.0,10.0,2.0,Normal
H001,D007,2025-05-12,15,4,11,28.0,16.0,21.0,13.0,Limited
H002,D003,2025-02-05,22,16,6,33.0,20.0,5.0,4.0,Normal
H002,D005,2025-08-25,37,36,1,19.0,10.0,6.0,4.0,Critical
H006,D001,2025-03-30,31,26,5,16.0,3.0,13.0,9.0,High Utilization
H007,D006,2025-01-21,20,7,13,23.0,0.0,20.0,0.0,Normal
H005,D007,2025-04-06,54,30,24,40.0,39.0,29.0,12.0,Normal
H003,D002,2025-08-10,56,55,1,13.0,7.0,22.0,5.0,Critical
H002,D008,2025-06-03,39,34,5,14.0,2.0,8.0,3.0,High Utilization
H005,D008,2025-10-25,39,10,29,39.0,3.0,14.0,14.0,Limited
H005,D001,2025-05-05,33,25,8,26.0,1.0,9.0,6.0,High Utilization
H006,D004,2025-07-08,36,2,34,6.0,6.0,10.0,2.0,Limited
H004,D004,2025-11-11,29,10,19,14.0,12.0,5.0,2.0,Normal
H007,D003,2025-07-06,48,27,21,23.0,16.0,22.0,14.0,Normal
H007,D009,2025-12-30,46,3,43,17.0,7.0,6.0,1.0,Limited
H003,D001,2025-03-26,38,3,35,7.0,2.0,17.0,2.0,Limited
H001,D004,2025-04-14,57,40,17,5.0,4.0,27.0,5.0,Normal
H007,D004,2025-12-09,30,0,30,11.0,4.0,22.0,3.0,Limited
H007,D004,2025-07-01,32,17,15,7.0,5.0,29.0,20.0,Normal
H003,D005,2025-06-07,50,33,17,28.0,4.0,22.0,10.0,Normal
H001,D010,2025-06-10,28,0,28,5.0,0.0,10.0,8.0,Limited
H003,D009,2025-12-07,13,13,0,5.0,1.0,30.0,6.0,Critical
H003,D005,2025-10-13,16,0,16,15.0,3.0,5.0,1.0,Limited
H006,D001,2025-04-21,13,12,1,37.0,23.0,21.0,4.0,Critical
H001,D006,2025-03-18,40,34,6,33.0,12.0,17.0,5.0,High Utilization
H001,D009,2025-12-28,41,15,26,6.0,5.0,10.0,1.0,Normal
H007,D003,2025-01-07,38,21,17,25.0,9.0,16.0,6.0,Normal
H003,D002,2025-07-27,25,11,14,21.0,1.0,29.0,26.0,Normal
H002,D004,2025-06-07,23,16,7,15.0,0.0,28.0,9.0,Normal
H001,D001,2025-10-01,23,22,1,31.0,6.0,28.0,12.0,Critical
H001,D003,2025-02-11,52,10,42,6.0,0.0,10.0,10.0,Limited
H004,D006,2025-11-29,32,23,9,14.0,6.0,19.0,8.0,Normal
H002,D003,2025-02-07,16,9,7,22.0,20.0,28.0,1.0,Normal
H003,D006,2025-05-03,60,34,26,16.0,9.0,17.0,12.0,Normal
H001,D006,2025-07-08,22,16,6,22.0,8.0,15.0,5.0,Normal
H002,D010,2025-12-30,45,26,19,39.0,31.0,27.0,18.0,Normal
H002,D009,2025-06-24,30,20,10,38.0,4.0,27.0,24.0,Normal
H001,D008,2025-02-01,39,2,37,26.0,10.0,11.0,0.0,Limited
H005,D008,2025-11-24,57,44,13,19.0,13.0,22.0,14.0,High Utilization
H006,D003,2025-09-22,37,36,1,5.0,0.0,19.0,17.0,Critical
H002,D008,2025-06-27,44,33,11,6.0,6.0,20.0,12.0,High Utilization
H004,D005,2025-09-06,52,31,21,35.0,15.0,10.0,0.0,Normal
H004,D004,2025-11-21,42,41,1,12.0,12.0,13.0,13.0,Critical
H005,D007,2025-09-01,52,29,23,14.0,0.0,5.0,4.0,Normal
H002,D006,2025-03-04,40,38,2,29.0,6.0,23.0,2.0,Critical
H007,D006,2025-05-04,52,37,15,38.0,20.0,23.0,2.0,Normal
H002,D001,2025-09-10,35,22,13,23.0,21.0,25.0,19.0,Normal
H003,D004,2025-05-04,14,11,3,35.0,21.0,15.0,3.0,High Utilization
H005,D003,2025-07-06,23,18,5,18.0,8.0,16.0,16.0,High Utilization
H004,D008,2025-08-03,12,1,11,7.0,5.0,21.0,15.0,Limited
H004,D001,2025-08-18,12,7,5,18.0,9.0,22.0,10.0,Normal
H006,D010,2025-01-25,53,53,0,37.0,10.0,25.0,25.0,Critical
H004,D008,2025-02-12,31,29,2,24.0,8.0,24.0,3.0,Critical
H002,D005,2025-08-17,36,28,8,7.0,4.0,12.0,9.0,High Utilization
H002,D003,2025-03-18,11,1,10,19.0,5.0,28.0,15.0,Limited
H004,D009,2025-08-04,27,20,7,18.0,1.0,20.0,15.0,Normal
H006,D009,2025-10-05,14,7,7,6.0,6.0,11.0,10.0,Normal
H006,D005,2025-05-16,43,42,1,18.0,18.0,22.0,16.0,Critical
H006,D004,2025-11-07,33,26,7,23.0,22.0,16.0,15.0,High Utilization
H004,D001,2025-02-28,10,7,3,8.0,1.0,13.0,11.0,Normal
H003,D005,2025-09-30,60,4,56,30.0,5.0,30.0,13.0,Limited
H006,D005,2025-09-17,47,11,36,35.0,21.0,18.0,18.0,Limited
H003,D003,2025-04-15,24,24,0,27.0,15.0,14.0,1.0,Critical
H006,D005,2025-05-25,53,41,12,8.0,8.0,16.0,10.0,High Utilization
H001,D005,2025-05-18,44,11,33,37.0,3.0,7.0,7.0,Limited
H005,D005,2025-12-20,21,19,2,14.0,4.0,20.0,3.0,Critical
H001,D004,2025-10-17,17,14,3,7.0,5.0,20.0,9.0,High Utilization
H003,D006,2025-08-25,18,2,16,18.0,13.0,18.0,3.0,Limited
H003,D010,2025-01-02,14,14,0,16.0,15.0,25.0,20.0,Critical
H004,D002,2025-09-25,59,50,9,13.0,2.0,17.0,10.0,High Utilization
H005,D010,2025-09-19,41,14,27,20.0,19.0,7.0,1.0,Normal
H002,D004,2025-05-18,43,33,10,9.0,3.0,14.0,12.0,High Utilization
H001,D008,2025-03-18,28,15,13,28.0,13.0,20.0,20.0,Normal
H007,D007,2025-03-10,37,1,36,35.0,22.0,24.0,16.0,Limited
H002,D004,2025-07-05,55,31,24,25.0,3.0,13.0,11.0,Normal
H007,D010,2025-11-29,25,19,6,8.0,1.0,21.0,6.0,High Utilization
H002,D002,2025-11-11,22,17,5,24.0,21.0,13.0,0.0,High Utilization
H003,D005,2025-03-08,38,19,19,18.0,11.0,5.0,4.0,Normal
H004,D004,2025-05-19,47,27,20,34.0,16.0,22.0,21.0,Normal
H007,D008,2025-03-04,60,29,31,16.0,12.0,20.0,7.0,Normal
H006,D010,2025-07-23,50,18,32,14.0,3.0,26.0,6.0,Normal
H002,D003,2025-01-22,45,19,26,24.0,15.0,18.0,1.0,Normal
H002,D005,2025-02-17,46,32,14,32.0,15.0,16.0,9.0,Normal
H003,D009,2025-09-18,52,40,12,8.0,3.0,12.0,12.0,High Utilization
H005,D004,2025-10-07,37,7,30,17.0,8.0,19.0,12.0,Limited
H006,D002,2025-08-03,58,47,11,22.0,20.0,16.0,1.0,High Utilization
H001,D006,2025-07-16,50,24,26,38.0,26.0,27.0,5.0,Normal
H007,D006,2025-10-19,37,24,13,26.0,6.0,25.0,12.0,Normal
H004,D006,2025-07-14,31,28,3,10.0,10.0,19.0,7.0,Critical
H005,D010,2025-01-11,36,17,19,30.0,20.0,9.0,1.0,Normal
H006,D002,2025-08-10,59,54,5,22.0,12.0,10.0,1.0,Critical
H001,D006,2025-07-22,55,13,42,20.0,15.0,6.0,3.0,Limited
H005,D006,2025-02-26,31,27,4,28.0,20.0,18.0,2.0,High Utilization
H003,D009,2025-07-31,18,3,15,5.0,1.0,20.0,7.0,Limited
H004,D001,2025-07-20,35,29,6,9.0,3.0,25.0,9.0,High Utilization
H007,D009,2025-10-25,48,32,16,17.0,11.0,22.0,15.0,Normal
H003,D010,2025-05-22,56,11,45,14.0,1.0,12.0,10.0,Limited
H003,D004,2025-06-30,46,21,25,22.0,3.0,9.0,8.0,Normal
H006,D002,2025-08-11,17,8,9,11.0,8.0,27.0,1.0,Normal
H002,D001,2025-05-13,18,8,10,18.0,4.0,24.0,8.0,Normal
H002,D008,2025-06-19,12,6,6,40.0,15.0,10.0,1.0,Normal
H003,D007,2025-06-14,40,38,2,37.0,31.0,26.0,23.0,Critical
H005,D001,2025-09-30,36,23,13,16.0,8.0,25.0,8.0,Normal
H001,D001,2025-11-15,36,15,21,33.0,30.0,14.0,0.0,Normal
H007,D008,2025-02-05,48,28,20,15.0,7.0,23.0,12.0,Normal
H007,D001,2025-01-09,38,33,5,35.0,1.0,12.0,10.0,High Utilization
H004,D003,2025-01-13,22,12,10,21.0,1.0,9.0,9.0,Normal
H006,D007,2025-07-25,52,51,1,24.0,23.0,20.0,16.0,Critical
H002,D004,2025-11-08,60,27,33,35.0,4.0,28.0,12.0,Normal
H006,D004,2025-09-22,56,36,20,8.0,0.0,30.0,18.0,Normal
H002,D001,2025-08-07,50,48,2,19.0,13.0,28.0,3.0,Critical
H005,D005,2025-02-15,43,20,23,38.0,10.0,30.0,28.0,Normal
H006,D002,2025-11-21,58,9,49,19.0,17.0,8.0,2.0,Limited
H007,D001,2025-07-01,39,22,17,9.0,4.0,26.0,12.0,Normal
H005,D008,2025-02-11,23,7,16,39.0,27.0,29.0,6.0,Normal
H007,D001,2025-12-28,14,12,2,33.0,23.0,20.0,20.0,High Utilization
H003,D002,2025-06-22,12,9,3,11.0,3.0,16.0,14.0,High Utilization
H001,D003,2025-03-22,12,9,3,15.0,2.0,27.0,1.0,High Utilization
H001,D003,2025-06-28,53,7,46,14.0,7.0,7.0,1.0,Limited
H001,D002,2025-09-04,37,30,7,10.0,4.0,27.0,22.0,High Utilization
H003,D006,2025-07-12,16,9,7,18.0,9.0,25.0,10.0,Normal
H002,D001,2025-03-11,44,41,3,33.0,12.0,13.0,8.0,Critical
H003,D006,2025-06-25,57,26,31,9.0,3.0,25.0,21.0,Normal
H001,D008,2025-05-18,51,1,50,31.0,12.0,21.0,17.0,Limited
H002,D005,2025-10-22,58,27,31,32.0,2.0,6.0,2.0,Normal
H003,D004,2025-06-29,14,6,8,12.0,2.0,23.0,10.0,Normal
H001,D006,2025-03-24,29,8,21,26.0,21.0,21.0,19.0,Limited
H003,D003,2025-11-08,12,3,9,13.0,1.0,26.0,13.0,Limited
H007,D008,2025-06-08,58,56,2,35.0,2.0,27.0,15.0,Critical
H002,D002,2025-08-11,48,20,28,35.0,35.0,19.0,4.0,Normal
H005,D003,2025-11-04,13,4,9,30.0,17.0,28.0,9.0,Normal
H007,D002,2025-10-27,33,25,8,9.0,5.0,7.0,0.0,High Utilization
H004,D004,2025-07-19,30,20,10,22.0,20.0,13.0,8.0,Normal
H007,D004,2025-07-13,54,35,19,12.0,12.0,6.0,0.0,Normal
H006,D001,2025-10-22,40,6,34,35.0,4.0,18.0,4.0,Limited
H001,D003,2025-10-14,38,3,35,18.0,11.0,13.0,11.0,Limited
H006,D006,2025-05-04,40,29,11,15.0,11.0,11.0,11.0,Normal
H001,D005,2025-11-15,51,30,21,15.0,0.0,13.0,8.0,Normal
H001,D006,2025-07-22,16,12,4,18.0,5.0,27.0,25.0,High Utilization
H006,D003,2025-12-25,52,18,34,28.0,11.0,18.0,18.0,Normal
H006,D009,2025-02-04,16,12,4,9.0,7.0,13.0,1.0,High Utilization
H005,D009,2025-09-20,44,32,12,40.0,14.0,7.0,1.0,Normal
H002,D005,2025-11-29,41,10,31,22.0,0.0,15.0,7.0,Limited
H003,D007,2025-12-05,21,2,19,27.0,9.0,14.0,0.0,Limited
H002,D004,2025-11-29,27,12,15,33.0,4.0,20.0,20.0,Normal
H001,D009,2025-06-06,32,11,21,10.0,4.0,11.0,0.0,Normal
H007,D001,2025-08-17,28,27,1,21.0,14.0,17.0,13.0,Critical
H001,D004,2025-08-26,32,28,4,35.0,25.0,17.0,2.0,High Utilization
H003,D006,2025-10-18,57,16,41,30.0,13.0,23.0,10.0,Limited
H001,D003,2025-07-11,11,10,1,37.0,2.0,13.0,5.0,Critical
H003,D001,2025-03-12,30,26,4,32.0,26.0,25.0,8.0,High Utilization
H007,D008,2025-04-21,53,42,11,26.0,10.0,20.0,0.0,High Utilization
H006,D001,2025-03-19,13,9,4,36.0,21.0,25.0,24.0,Normal
H001,D010,2025-03-02,33,22,11,17.0,0.0,8.0,5.0,Normal
H002,D005,2025-06-17,24,19,5,26.0,25.0,11.0,1.0,High Utilization
H004,D010,2025-03-19,34,20,14,34.0,33.0,30.0,9.0,Normal
H001,D001,2025-09-04,42,36,6,21.0,1.0,17.0,4.0,High Utilization
H003,D007,2025-05-10,51,27,24,30.0,0.0,12.0,8.0,Normal
H004,D006,2025-04-09,35,6,29,13.0,9.0,8.0,5.0,Limited
H003,D003,2025-08-14,24,3,21,6.0,3.0,28.0,6.0,Limited
H002,D004,2025-11-21,25,18,7,40.0,5.0,20.0,3.0,Normal
H004,D006,2025-01-07,16,7,9,38.0,21.0,24.0,17.0,Normal
H007,D006,2025-01-12,19,16,3,13.0,13.0,13.0,0.0,High Utilization
H001,D002,2025-07-22,37,25,12,10.0,2.0,22.0,3.0,Normal
H005,D004,2025-04-06,57,11,46,11.0,9.0,19.0,13.0,Limited
H007,D004,2025-09-18,50,37,13,30.0,7.0,10.0,0.0,Normal
H003,D009,2025-11-22,45,41,4,17.0,11.0,22.0,13.0,Critical
H006,D006,2025-08-06,14,1,13,36.0,18.0,24.0,11.0,Limited
H001,D005,2025-12-01,13,9,4,29.0,14.0,5.0,4.0,Normal
H007,D010,2025-03-24,32,29,3,22.0,5.0,12.0,7.0,Critical
H001,D001,2025-01-10,58,47,11,10.0,2.0,26.0,17.0,High Utilization
H004,D003,2025-05-21,18,8,10,17.0,16.0,12.0,7.0,Normal
H003,D009,2025-02-04,23,9,14,27.0,25.0,29.0,22.0,Normal
H007,D007,2025-04-30,16,10,6,34.0,32.0,7.0,5.0,Normal
H002,D003,2025-04-19,18,9,9,32.0,31.0,30.0,12.0,Normal
H001,D010,2025-04-26,34,8,26,30.0,7.0,23.0,17.0,Limited
H006,D009,2025-07-11,32,10,22,17.0,0.0,29.0,7.0,Normal
H003,D001,2025-12-06,50,46,4,11.0,11.0,11.0,6.0,Critical
H001,D008,2025-07-08,51,32,19,13.0,7.0,12.0,4.0,Normal
H001,D001,2025-04-22,25,11,14,6.0,2.0,17.0,16.0,Normal
H002,D007,2025-12-02,40,36,4,35.0,17.0,7.0,3.0,Critical
H007,D010,2025-10-27,29,4,25,31.0,0.0,11.0,2.0,Limited
H005,D001,2025-07-25,30,17,13,31.0,2.0,21.0,17.0,Normal
H002,D010,2025-06-25,60,49,11,39.0,23.0,30.0,26.0,High Utilization
H006,D001,2025-07-23,12,7,5,35.0,12.0,21.0,13.0,Normal
H005,D002,2025-06-22,51,33,18,20.0,1.0,8.0,1.0,Normal
H003,D008,2025-04-06,17,11,6,29.0,6.0,18.0,0.0,Normal
H005,D002,2025-01-03,58,2,56,34.0,17.0,13.0,9.0,Limited
H005,D009,2025-05-22,17,7,10,16.0,0.0,23.0,22.0,Normal
H004,D001,2025-01-02,16,8,8,23.0,9.0,14.0,1.0,Normal
H006,D004,2025-08-20,45,1,44,33.0,13.0,24.0,10.0,Limited
H005,D008,2025-08-31,55,1,54,13.0,3.0,7.0,6.0,Limited
H002,D004,2025-12-20,37,23,14,7.0,4.0,25.0,20.0,Normal
H001,D010,2025-12-17,14,12,2,32.0,2.0,10.0,10.0,High Utilization
H001,D007,2025-09-25,46,14,32,32.0,6.0,17.0,4.0,Normal
H006,D003,2025-08-16,11,5,6,34.0,28.0,11.0,6.0,Normal
H007,D002,2025-05-12,47,37,10,19.0,14.0,16.0,14.0,High Utilization
H004,D002,2025-09-07,13,9,4,22.0,14.0,10.0,6.0,Normal
H005,D005,2025-07-05,15,14,1,18.0,15.0,9.0,3.0,Critical
H007,D009,2025-03-26,52,13,39,18.0,5.0,23.0,8.0,Limited
H001,D007,2025-09-03,35,16,19,34.0,14.0,14.0,0.0,Normal
H001,D007,2025-07-07,35,35,0,13.0,8.0,17.0,1.0,Critical
H002,D004,2025-10-07,17,9,8,38.0,23.0,6.0,3.0,Normal
H005,D004,2025-08-21,26,22,4,32.0,12.0,24.0,18.0,High Utilization
H003,D002,2025-03-30,49,43,6,17.0,9.0,18.0,12.0,High Utilization
H004,D004,2025-05-24,39,7,32,5.0,3.0,25.0,19.0,Limited
H004,D002,2025-10-24,54,21,33,21.0,6.0,25.0,6.0,Normal
H007,D010,2025-10-24,38,25,13,19.0,18.0,8.0,6.0,Normal
H001,D003,2025-07-27,26,1,25,29.0,8.0,17.0,5.0,Limited
H005,D010,2025-05-26,12,7,5,29.0,7.0,22.0,12.0,Normal
H007,D008,2025-10-17,42,2,40,8.0,1.0,20.0,12.0,Limited
H002,D007,2025-05-23,43,14,29,24.0,17.0,11.0,10.0,Normal
H007,D004,2025-05-23,58,34,24,38.0,5.0,24.0,0.0,Normal
H003,D009,2025-03-23,23,5,18,5.0,3.0,15.0,13.0,Limited
H005,D004,2025-10-12,45,37,8,18.0,16.0,28.0,2.0,High Utilization
H007,D002,2025-08-16,24,3,21,15.0,12.0,16.0,0.0,Limited
H001,D004,2025-11-13,35,0,35,16.0,1.0,7.0,5.0,Limited
H005,D004,2025-12-27,41,1,40,19.0,9.0,23.0,6.0,Limited
H001,D007,2025-11-12,51,50,1,34.0,9.0,13.0,5.0,Critical
H005,D003,2025-03-05,13,12,1,7.0,1.0,21.0,0.0,Critical
H003,D010,2025-11-06,40,39,1,8.0,1.0,20.0,9.0,Critical
H003,D008,2025-02-11,25,25,0,37.0,26.0,20.0,16.0,Critical
H004,D010,2025-03-27,12,8,4,24.0,23.0,28.0,27.0,Normal
H006,D008,2025-11-18,45,35,10,31.0,0.0,5.0,4.0,High Utilization
H006,D004,2025-10-22,17,7,10,29.0,1.0,23.0,10.0,Normal
H006,D007,2025-01-31,56,16,40,6.0,4.0,29.0,19.0,Limited
H007,D006,2025-02-25,17,3,14,13.0,11.0,8.0,5.0,Limited
H007,D008,2025-11-02,46,20,26,36.0,1.0,14.0,1.0,Normal
H006,D008,2025-10-22,45,41,4,24.0,15.0,25.0,8.0,Critical
H005,D003,2025-05-16,43,41,2,29.0,12.0,23.0,3.0,Critical
H006,D001,2025-06-17,45,40,5,8.0,0.0,16.0,7.0,High Utilization
H001,D002,2025-05-21,41,2,39,19.0,3.0,27.0,18.0,Limited
H005,D001,2025-12-03,14,9,5,22.0,7.0,13.0,2.0,Normal
H004,D005,2025-11-19,16,11,5,19.0,16.0,15.0,1.0,Normal
H007,D009,2025-07-17,46,45,1,18.0,10.0,21.0,16.0,Critical
H002,D002,2025-05-05,52,39,13,15.0,2.0,8.0,8.0,High Utilization
H005,D002,2025-07-24,54,24,30,26.0,12.0,27.0,13.0,Normal
H007,D010,2025-12-03,48,31,17,7.0,7.0,14.0,12.0,Normal
H006,D007,2025-06-02,19,16,3,7.0,5.0,21.0,16.0,High Utilization
H007,D002,2025-06-06,58,50,8,35.0,0.0,27.0,17.0,High Utilization
H004,D006,2025-01-28,34,14,20,18.0,3.0,13.0,7.0,Normal
H002,D008,2025-12-19,56,51,5,25.0,22.0,6.0,1.0,Critical
H005,D009,2025-11-25,28,18,10,28.0,4.0,29.0,20.0,Normal
H004,D002,2025-02-04,54,42,12,34.0,13.0,22.0,22.0,High Utilization
H004,D007,2025-02-06,44,10,34,35.0,20.0,29.0,9.0,Limited
H007,D006,2025-01-30,29,18,11,30.0,22.0,10.0,5.0,Normal
H002,D008,2025-06-17,12,5,7,26.0,12.0,26.0,4.0,Normal
H007,D004,2025-07-13,15,12,3,27.0,11.0,12.0,2.0,High Utilization
H005,D001,2025-09-27,55,29,26,12.0,2.0,6.0,2.0,Normal
H005,D003,2025-11-25,57,38,19,36.0,15.0,19.0,4.0,Normal
H002,D005,2025-01-01,25,6,19,33.0,15.0,28.0,23.0,Limited
H007,D005,2025-01-13,41,15,26,28.0,1.0,7.0,5.0,Normal
H007,D001,2025-09-06,14,4,10,13.0,7.0,24.0,15.0,Limited
H007,D003,2025-01-22,37,6,31,13.0,2.0,17.0,1.0,Limited
H004,D008,2025-12-17,12,9,3,15.0,13.0,16.0,2.0,High Utilization
H005,D009,2025-12-12,35,6,29,17.0,13.0,7.0,1.0,Limited
H006,D001,2025-04-26,52,4,48,38.0,18.0,19.0,12.0,Limited
H003,D007,2025-09-03,32,23,9,39.0,16.0,24.0,3.0,Normal
H006,D003,2025-08-07,36,33,3,30.0,15.0,11.0,4.0,Critical
H003,D010,2025-08-07,26,12,14,30.0,12.0,6.0,2.0,Normal
H003,D007,2025-04-12,30,0,30,39.0,22.0,7.0,1.0,Limited
H001,D007,2025-12-15,30,6,24,36.0,27.0,25.0,3.0,Limited
H004,D004,2025-07-13,21,13,8,9.0,3.0,10.0,2.0,Normal
H002,D001,2025-12-12,47,29,18,11.0,2.0,12.0,0.0,Normal
H005,D007,2025-06-11,23,15,8,16.0,16.0,16.0,16.0,Normal
H006,D002,2025-02-06,20,12,8,5.0,3.0,9.0,8.0,Normal
H004,D004,2025-05-17,56,23,33,14.0,0.0,23.0,16.0,Normal
H003,D007,2025-12-23,53,14,39,15.0,5.0,15.0,6.0,Limited
H001,D001,2025-08-15,43,38,5,26.0,13.0,16.0,3.0,High Utilization
H003,D006,2025-03-07,49,1,48,34.0,7.0,12.0,7.0,Limited
H002,D004,2025-09-03,45,18,27,10.0,6.0,25.0,8.0,Normal
H004,D001,2025-08-16,20,17,3,20.0,1.0,6.0,4.0,High Utilization
H006,D006,2025-10-23,51,0,51,14.0,3.0,12.0,0.0,Limited
H006,D009,2025-05-25,14,13,1,15.0,6.0,17.0,17.0,Critical
H007,D004,2025-02-11,39,7,32,12.0,8.0,21.0,4.0,Limited
H003,D001,2025-11-23,49,9,40,38.0,19.0,5.0,3.0,Limited
H002,D008,2025-02-26,46,25,21,9.0,8.0,19.0,5.0,Normal
H002,D010,2025-04-04,51,22,29,39.0,33.0,16.0,4.0,Normal
H006,D008,2025-12-16,15,14,1,36.0,20.0,14.0,5.0,Critical
H004,D002,2025-05-10,35,27,8,33.0,15.0,6.0,4.0,High Utilization
H005,D010,2025-10-18,16,10,6,18.0,13.0,7.0,0.0,Normal
H001,D003,2025-05-26,12,0,12,22.0,9.0,13.0,1.0,Limited
H007,D008,2025-02-06,16,9,7,9.0,1.0,7.0,5.0,Normal
H005,D004,2025-05-06,46,2,44,28.0,1.0,13.0,10.0,Limited
H004,D008,2025-05-22,37,10,27,7.0,4.0,10.0,4.0,Limited
H006,D008,2025-10-26,22,14,8,29.0,26.0,30.0,0.0,Normal
H005,D009,2025-11-29,25,19,6,30.0,27.0,26.0,6.0,High Utilization
H005,D005,2025-11-23,13,6,7,35.0,32.0,27.0,12.0,Normal
H003,D010,2025-12-04,52,39,13,28.0,2.0,26.0,13.0,High Utilization
H006,D002,2025-09-06,43,36,7,38.0,35.0,29.0,0.0,High Utilization
H004,D001,2025-08-05,32,25,7,10.0,1.0,21.0,20.0,High Utilization
H007,D006,2025-04-22,54,31,23,6.0,5.0,22.0,19.0,Normal
H003,D008,2025-06-11,16,13,3,35.0,0.0,8.0,0.0,High Utilization
H007,D009,2025-04-05,53,43,10,8.0,4.0,5.0,0.0,High Utilization
H006,D010,2025-12-23,16,16,0,7.0,3.0,26.0,11.0,Critical
H007,D005,2025-08-01,60,38,22,6.0,2.0,16.0,2.0,Normal
H005,D009,2025-01-25,53,24,29,32.0,3.0,19.0,13.0,Normal
H006,D001,2025-04-04,42,13,29,33.0,24.0,20.0,11.0,Normal
H007,D001,2025-07-07,21,10,11,29.0,23.0,29.0,7.0,Normal
H005,D008,2025-12-09,26,11,15,16.0,11.0,9.0,4.0,Normal
H003,D010,2025-02-08,29,9,20,7.0,1.0,19.0,5.0,Normal
H002,D003,2025-03-10,35,0,35,23.0,5.0,11.0,2.0,Limited
H002,D004,2025-01-28,59,57,2,14.0,5.0,5.0,3.0,Critical
H003,D002,2025-02-14,26,24,2,34.0,5.0,8.0,5.0,Critical
H001,D003,2025-05-10,55,10,45,29.0,1.0,15.0,1.0,Limited
H005,D002,2025-06-15,28,9,19,21.0,15.0,23.0,4.0,Normal
H003,D002,2025-06-10,36,24,12,16.0,16.0,15.0,4.0,Normal
H002,D005,2025-12-03,34,24,10,22.0,10.0,23.0,9.0,Normal
H005,D006,2025-12-09,59,36,23,18.0,6.0,8.0,2.0,Normal
H003,D004,2025-07-09,58,43,15,7.0,1.0,24.0,5.0,Normal
H002,D009,2025-09-20,13,6,7,10.0,5.0,23.0,23.0,Normal
H003,D004,2025-07-13,13,4,9,23.0,19.0,5.0,4.0,Normal
H004,D004,2025-11-04,24,17,7,22.0,22.0,15.0,14.0,Normal
H006,D003,2025-11-08,35,8,27,27.0,2.0,27.0,5.0,Limited
H006,D007,2025-01-11,10,6,4,13.0,6.0,22.0,13.0,Normal
H004,D010,2025-10-29,12,9,3,33.0,10.0,20.0,13.0,High Utilization
H004,D008,2025-06-08,60,15,45,25.0,13.0,14.0,8.0,Limited
H005,D002,2025-04-24,18,7,11,14.0,7.0,12.0,3.0,Normal
H006,D008,2025-06-28,28,13,15,39.0,9.0,27.0,6.0,Normal
H007,D005,2025-04-09,31,7,24,9.0,9.0,6.0,5.0,Limited
H005,D008,2025-04-16,25,4,21,17.0,3.0,24.0,11.0,Limited
H003,D004,2025-07-01,38,14,24,22.0,19.0,23.0,23.0,Normal
H004,D001,2025-04-08,38,24,14,9.0,0.0,19.0,4.0,Normal
H007,D003,2025-01-07,42,37,5,18.0,1.0,28.0,1.0,High Utilization
H001,D001,2025-10-11,56,42,14,8.0,7.0,24.0,9.0,High Utilization
H001,D003,2025-06-25,57,53,4,28.0,6.0,14.0,3.0,Critical
H007,D001,2025-11-22,33,25,8,29.0,11.0,29.0,8.0,High Utilization
H007,D007,2025-07-31,41,18,23,18.0,7.0,11.0,11.0,Normal
H003,D002,2025-08-12,30,21,9,22.0,18.0,25.0,10.0,Normal
H007,D001,2025-02-03,55,19,36,9.0,5.0,29.0,16.0,Normal
H002,D009,2025-03-08,23,15,8,6.0,4.0,29.0,3.0,Normal
H005,D004,2025-05-30,20,17,3,33.0,20.0,28.0,16.0,High Utilization
H001,D001,2025-07-19,40,38,2,23.0,14.0,27.0,26.0,Critical
H004,D003,2025-06-17,38,38,0,26.0,2.0,19.0,1.0,Critical
H001,D010,2025-07-29,47,27,20,5.0,5.0,21.0,9.0,Normal
H002,D003,2025-05-16,38,33,5,37.0,8.0,14.0,13.0,High Utilization
H002,D004,2025-05-27,51,16,35,16.0,3.0,14.0,13.0,Normal
H004,D009,2025-05-19,24,20,4,21.0,15.0,25.0,23.0,High Utilization
H003,D005,2025-12-18,53,23,30,25.0,14.0,26.0,24.0,Normal
H007,D001,2025-07-08,43,29,14,37.0,3.0,19.0,14.0,Normal
H004,D005,2025-12-19,10,8,2,26.0,6.0,10.0,1.0,High Utilization
H001,D008,2025-06-10,38,38,0,19.0,8.0,27.0,3.0,Critical
H003,D002,2025-02-04,43,43,0,5.0,4.0,27.0,10.0,Critical
H002,D007,2025-07-15,59,9,50,36.0,29.0,28.0,14.0,Limited
H007,D009,2025-03-15,22,3,19,23.0,11.0,19.0,13.0,Limited
H006,D006,2025-10-09,58,11,47,24.0,0.0,11.0,6.0,Limited
H003,D010,2025-12-02,21,11,10,35.0,18.0,14.0,3.0,Normal
H002,D009,2025-09-15,13,5,8,18.0,4.0,14.0,3.0,Normal
H006,D001,2025-04-10,33,3,30,22.0,6.0,13.0,2.0,Limited
H004,D004,2025-04-13,38,28,10,9.0,5.0,19.0,17.0,Normal
H001,D001,2025-08-02,51,46,5,39.0,13.0,16.0,16.0,Critical
H002,D007,2025-03-31,12,4,8,17.0,7.0,27.0,0.0,Normal
H003,D006,2025-07-29,43,23,20,36.0,34.0,18.0,1.0,Normal
H002,D004,2025-12-27,51,1,50,15.0,2.0,8.0,4.0,Limited
H004,D009,2025-11-30,44,41,3,23.0,14.0,15.0,12.0,Critical
H005,D001,2025-08-10,53,33,20,17.0,14.0,10.0,0.0,Normal
H006,D003,2025-04-03,40,40,0,26.0,12.0,9.0,9.0,Critical
H002,D007,2025-03-26,43,34,9,26.0,22.0,30.0,3.0,High Utilization
H002,D004,2025-08-15,25,24,1,33.0,4.0,19.0,17.0,Critical
H006,D001,2025-01-10,53,27,26,26.0,10.0,22.0,18.0,Normal
H004,D001,2025-08-30,17,1,16,6.0,6.0,12.0,1.0,Limited
H002,D001,2025-03-06,52,8,44,35.0,19.0,19.0,6.0,Limited
H001,D009,2025-10-12,27,17,10,22.0,11.0,18.0,9.0,Normal
H001,D010,2025-01-05,37,14,23,5.0,0.0,20.0,5.0,Normal
H002,D007,2025-08-09,14,7,7,36.0,5.0,26.0,7.0,Normal
H003,D001,2025-06-16,20,9,11,21.0,5.0,11.0,3.0,Normal
H003,D004,2025-02-13,33,16,17,21.0,12.0,28.0,9.0,Normal
H001,D009,2025-01-14,56,32,24,22.0,17.0,16.0,10.0,Normal
H003,D002,2025-12-21,58,2,56,17.0,10.0,18.0,12.0,Limited
H007,D003,2025-07-19,53,15,38,37.0,8.0,15.0,6.0,Limited
H003,D002,2025-07-16,26,15,11,29.0,20.0,24.0,13.0,Normal
H002,D007,2025-08-25,11,7,4,26.0,2.0,15.0,5.0,Normal
H004,D010,2025-09-24,19,17,2,34.0,20.0,25.0,17.0,High Utilization
H002,D006,2025-10-13,13,8,5,12.0,10.0,28.0,3.0,Normal
H005,D001,2025-12-07,28,0,28,16.0,14.0,22.0,13.0,Limited
H004,D001,2025-12-12,41,14,27,14.0,13.0,23.0,15.0,Normal
H005,D001,2025-09-10,34,18,16,24.0,14.0,21.0,21.0,Normal
H007,D004,2025-10-30,27,27,0,11.0,7.0,29.0,8.0,Critical
H004,D010,2025-01-24,16,8,8,17.0,12.0,18.0,8.0,Normal
H007,D001,2025-08-17,19,19,0,37.0,32.0,19.0,4.0,Critical
H004,D007,2025-05-02,27,12,15,40.0,8.0,5.0,3.0,Normal
H006,D008,2025-06-13,53,36,17,38.0,25.0,5.0,3.0,Normal
H006,D005,2025-11-24,20,10,10,24.0,10.0,22.0,21.0,Normal
H006,D004,2025-09-27,27,22,5,26.0,18.0,22.0,5.0,High Utilization
H006,D003,2025-05-27,43,33,10,36.0,35.0,26.0,19.0,High Utilization
H003,D005,2025-02-17,18,6,12,25.0,17.0,13.0,8.0,Normal
H007,D007,2025-08-24,17,17,0,14.0,0.0,8.0,7.0,Critical
H004,D007,2025-01-23,24,16,8,8.0,7.0,30.0,17.0,Normal
H004,D007,2025-07-20,48,22,26,30.0,3.0,13.0,2.0,Normal
H001,D005,2025-05-01,53,34,19,5.0,4.0,25.0,12.0,Normal
H005,D010,2025-01-25,31,9,22,7.0,4.0,22.0,17.0,Limited
H004,D006,2025-05-14,27,20,7,23.0,0.0,19.0,4.0,Normal
H001,D010,2025-08-05,20,9,11,20.0,4.0,19.0,3.0,Normal
H002,D001,2025-03-10,56,48,8,17.0,9.0,18.0,3.0,High Utilization
H006,D003,2025-12-07,39,27,12,18.0,3.0,28.0,9.0,Normal
H006,D008,2025-05-06,17,16,1,35.0,34.0,19.0,17.0,Critical
H002,D009,2025-05-03,46,4,42,16.0,5.0,11.0,5.0,Limited
H004,D001,2025-10-13,15,13,2,24.0,11.0,12.0,7.0,High Utilization
H002,D008,2025-06-22,29,4,25,11.0,7.0,7.0,1.0,Limited
H003,D004,2025-03-15,22,11,11,32.0,1.0,16.0,6.0,Normal
H001,D006,2025-01-12,45,25,20,25.0,21.0,20.0,17.0,Normal
H002,D009,2025-07-24,53,31,22,15.0,2.0,22.0,5.0,Normal
H003,D010,2025-12-04,60,42,18,26.0,9.0,27.0,1.0,Normal
H007,D006,2025-09-04,28,20,8,17.0,4.0,12.0,6.0,Normal
H002,D008,2025-01-30,48,1,47,28.0,9.0,10.0,4.0,Limited
H001,D005,2025-10-18,45,35,10,5.0,1.0,15.0,7.0,High Utilization
H001,D009,2025-07-22,41,7,34,13.0,3.0,23.0,16.0,Limited
H007,D008,2025-01-07,12,5,7,34.0,11.0,15.0,4.0,Normal
H005,D006,2025-11-28,39,17,22,7.0,3.0,17.0,0.0,Normal
H002,D001,2025-12-18,25,23,2,14.0,1.0,13.0,7.0,Critical
H006,D007,2025-11-05,43,37,6,11.0,4.0,18.0,17.0,High Utilization
H005,D008,2025-10-23,27,15,12,16.0,2.0,14.0,14.0,Normal
H002,D007,2025-09-27,59,10,49,34.0,14.0,6.0,3.0,Limited
H002,D007,2025-09-22,34,15,19,8.0,8.0,10.0,5.0,Normal
H003,D009,2025-02-03,34,10,24,19.0,0.0,5.0,1.0,Limited
H006,D005,2025-01-08,24,18,6,40.0,38.0,26.0,17.0,High Utilization
H001,D002,2025-07-10,40,19,21,35.0,2.0,29.0,26.0,Normal
H005,D010,2025-10-16,51,1,50,30.0,22.0,25.0,17.0,Limited
H006,D006,2025-06-03,52,33,19,40.0,3.0,28.0,0.0,Normal
H001,D008,2025-12-31,45,41,4,10.0,9.0,30.0,20.0,Critical
H005,D009,2025-07-29,48,47,1,23.0,7.0,15.0,12.0,Critical
H002,D010,2025-03-27,38,30,8,26.0,16.0,21.0,16.0,High Utilization
H005,D004,2025-08-29,49,37,12,13.0,5.0,9.0,3.0,High Utilization
H006,D008,2025-05-21,18,1,17,33.0,32.0,14.0,2.0,Limited
H002,D006,2025-04-30,46,44,2,26.0,3.0,17.0,0.0,Critical
H006,D007,2025-02-07,13,12,1,27.0,22.0,5.0,5.0,Critical
H003,D001,2025-08-03,21,7,14,10.0,2.0,17.0,15.0,Normal
H001,D008,2025-12-26,19,12,7,14.0,1.0,22.0,2.0,Normal
H004,D008,2025-11-11,10,2,8,27.0,15.0,15.0,2.0,Limited
H004,D004,2025-03-28,43,34,9,36.0,32.0,26.0,19.0,High Utilization
H001,D005,2025-02-28,33,23,10,12.0,3.0,11.0,4.0,Normal
H001,D007,2025-01-30,15,6,9,40.0,34.0,16.0,14.0,Normal
H002,D001,2025-09-18,53,9,44,5.0,5.0,17.0,0.0,Limited
H005,D002,2025-05-11,46,19,27,12.0,0.0,24.0,15.0,Normal
H003,D009,2025-08-09,28,26,2,5.0,1.0,5.0,5.0,Critical
H005,D007,2025-10-26,35,31,4,13.0,11.0,21.0,15.0,High Utilization
H002,D002,2025-06-23,11,6,5,39.0,18.0,28.0,18.0,Normal
H006,D009,2025-10-24,23,12,11,19.0,10.0,29.0,24.0,Normal
H002,D008,2025-07-06,39,14,25,36.0,34.0,10.0,1.0,Normal
H005,D009,2025-01-31,57,41,16,19.0,9.0,17.0,6.0,Normal
H005,D004,2025-10-28,46,40,6,14.0,12.0,20.0,9.0,High Utilization
H004,D010,2025-09-09,20,1,19,26.0,4.0,23.0,2.0,Limited
H001,D009,2025-11-30,32,18,14,24.0,24.0,30.0,6.0,Normal
H002,D004,2025-08-29,40,15,25,15.0,12.0,22.0,20.0,Normal
H003,D006,2025-03-20,47,39,8,29.0,1.0,13.0,13.0,High Utilization
H007,D008,2025-08-22,25,15,10,33.0,19.0,10.0,10.0,Normal
H005,D003,2025-07-15,37,30,7,18.0,3.0,16.0,8.0,High Utilization
H003,D009,2025-01-14,27,9,18,25.0,12.0,19.0,11.0,Normal
H004,D005,2025-01-15,51,11,40,18.0,14.0,12.0,9.0,Limited
H003,D008,2025-03-16,46,42,4,40.0,26.0,27.0,3.0,Critical
H007,D007,2025-02-26,29,5,24,6.0,5.0,29.0,1.0,Limited
H003,D005,2025-05-14,42,35,7,11.0,11.0,14.0,12.0,High Utilization
H005,D001,2025-10-14,44,41,3,13.0,8.0,8.0,8.0,Critical
H007,D006,2025-11-26,28,1,27,20.0,20.0,28.0,8.0,Limited
H005,D004,2025-02-20,39,30,9,26.0,15.0,15.0,4.0,High Utilization
H004,D002,2025-08-03,56,35,21,12.0,9.0,16.0,5.0,Normal
H002,D009,2025-11-15,13,0,13,8.0,4.0,26.0,24.0,Limited
H002,D005,2025-09-12,44,8,36,15.0,13.0,21.0,17.0,Limited
H004,D010,2025-03-24,36,10,26,37.0,34.0,24.0,23.0,Limited
H006,D003,2025-02-16,25,20,5,19.0,14.0,5.0,4.0,High Utilization
H007,D004,2025-05-08,54,36,18,7.0,4.0,23.0,0.0,Normal
H002,D009,2025-09-29,20,11,9,26.0,21.0,7.0,4.0,Normal
H006,D002,2025-04-07,38,25,13,6.0,0.0,15.0,9.0,Normal
H006,D004,2025-05-09,21,0,21,24.0,22.0,22.0,17.0,Limited
H007,D006,2025-12-11,46,6,40,29.0,13.0,29.0,2.0,Limited
H006,D002,2025-01-01,57,27,30,17.0,1.0,10.0,5.0,Normal
H006,D009,2025-03-26,15,2,13,35.0,16.0,16.0,13.0,Limited
H001,D005,2025-04-22,23,5,18,29.0,6.0,8.0,2.0,Limited
H006,D006,2025-10-22,10,10,0,17.0,0.0,25.0,0.0,Critical
H002,D008,2025-06-04,44,23,21,37.0,3.0,9.0,5.0,Normal
H004,D010,2025-12-31,21,0,21,18.0,13.0,17.0,14.0,Limited
H006,D007,2025-07-23,14,14,0,39.0,7.0,22.0,5.0,Critical
H007,D009,2025-09-05,42,20,22,14.0,14.0,21.0,21.0,Normal
H003,D002,2025-11-02,38,10,28,28.0,23.0,14.0,8.0,Limited
H001,D006,2025-12-21,46,15,31,35.0,3.0,30.0,1.0,Normal
H003,D001,2025-02-28,37,24,13,23.0,1.0,30.0,2.0,Normal
H004,D007,2025-05-06,58,47,11,16.0,5.0,5.0,1.0,High Utilization
H005,D002,2025-09-23,52,30,22,27.0,13.0,19.0,9.0,Normal
H003,D006,2025-06-23,21,17,4,39.0,6.0,16.0,3.0,High Utilization
H006,D001,2025-03-14,26,7,19,23.0,21.0,8.0,1.0,Limited
H006,D005,2025-10-10,37,28,9,18.0,0.0,13.0,13.0,High Utilization
H001,D005,2025-09-20,20,3,17,18.0,10.0,24.0,2.0,Limited
H003,D002,2025-02-16,33,33,0,32.0,10.0,26.0,10.0,Critical
H006,D009,2025-06-29,52,49,3,39.0,38.0,5.0,0.0,Critical
H006,D003,2025-06-26,46,35,11,30.0,9.0,27.0,7.0,High Utilization
H001,D009,2025-08-17,52,26,26,23.0,8.0,12.0,2.0,Normal
H006,D009,2025-03-01,16,12,4,17.0,15.0,25.0,1.0,High Utilization
H006,D003,2025-12-16,35,23,12,23.0,16.0,8.0,0.0,Normal
H002,D006,2025-04-04,44,41,3,23.0,2.0,30.0,30.0,Critical
H007,D006,2025-08-19,10,4,6,38.0,20.0,24.0,11.0,Normal
H001,D009,2025-03-12,60,17,43,33.0,28.0,30.0,8.0,Limited
H002,D002,2025-07-12,13,6,7,6.0,1.0,9.0,6.0,Normal
H003,D001,2025-06-09,56,52,4,11.0,0.0,6.0,6.0,Critical
H007,D002,2025-11-14,29,12,17,40.0,23.0,19.0,12.0,Normal
H007,D007,2025-07-19,13,2,11,27.0,24.0,18.0,7.0,Limited
H004,D009,2025-02-18,51,21,30,8.0,7.0,18.0,11.0,Normal
H002,D001,2025-01-18,42,18,24,32.0,16.0,26.0,4.0,Normal
H001,D004,2025-05-31,45,6,39,37.0,37.0,25.0,23.0,Limited
H003,D006,2025-04-21,52,46,6,27.0,20.0,17.0,5.0,High Utilization
H007,D007,2025-08-03,47,5,42,21.0,3.0,11.0,2.0,Limited
H007,D004,2025-03-13,13,13,0,13.0,9.0,13.0,5.0,Critical
H004,D005,2025-06-11,44,22,22,13.0,2.0,14.0,13.0,Normal
H007,D004,2025-07-24,52,12,40,5.0,4.0,18.0,11.0,Limited
H001,D009,2025-03-02,41,3,38,25.0,18.0,14.0,6.0,Limited
H004,D009,2025-04-27,46,7,39,6.0,2.0,7.0,0.0,Limited
H006,D005,2025-06-06,31,2,29,30.0,15.0,18.0,2.0,Limited
H004,D006,2025-01-18,42,8,34,11.0,8.0,13.0,9.0,Limited
H001,D009,2025-06-18,40,9,31,23.0,17.0,24.0,10.0,Limited
H002,D003,2025-01-14,42,10,32,32.0,32.0,25.0,4.0,Limited
H001,D001,2025-04-02,54,28,26,32.0,15.0,29.0,0.0,Normal
H004,D002,2025-01-11,10,2,8,7.0,7.0,24.0,0.0,Limited
H006,D005,2025-04-10,23,21,2,15.0,0.0,26.0,1.0,Critical
H004,D007,2025-12-25,36,26,10,27.0,1.0,14.0,13.0,Normal
H007,D003,2025-12-07,18,0,18,37.0,0.0,24.0,12.0,Limited
H005,D009,2025-02-08,49,46,3,9.0,5.0,22.0,22.0,Critical
H007,D005,2025-09-01,44,3,41,10.0,8.0,19.0,2.0,Limited
H003,D009,2025-04-07,21,14,7,38.0,35.0,27.0,23.0,Normal
H005,D008,2025-06-27,19,4,15,28.0,25.0,20.0,13.0,Limited
H007,D008,2025-08-04,18,1,17,26.0,26.0,26.0,10.0,Limited
H003,D006,2025-10-12,22,11,11,8.0,0.0,11.0,8.0,Normal
H004,D010,2025-11-16,29,2,27,40.0,18.0,27.0,9.0,Limited
H004,D003,2025-04-11,49,29,20,29.0,5.0,7.0,0.0,Normal
H004,D006,2025-12-10,57,33,24,38.0,11.0,15.0,11.0,Normal
H002,D003,2025-07-13,12,11,1,25.0,19.0,18.0,1.0,Critical
H007,D005,2025-12-26,22,20,2,35.0,7.0,6.0,1.0,Critical
H007,D005,2025-09-23,55,7,48,27.0,19.0,6.0,6.0,Limited
H006,D001,2025-10-13,45,38,7,33.0,33.0,6.0,1.0,High Utilization
H005,D003,2025-03-30,18,9,9,21.0,21.0,24.0,20.0,Normal
H001,D006,2025-02-27,47,6,41,31.0,20.0,6.0,4.0,Limited
H007,D005,2025-03-08,33,32,1,9.0,2.0,29.0,23.0,Critical
H002,D001,2025-06-12,26,4,22,20.0,17.0,10.0,9.0,Limited
H001,D002,2025-12-06,20,13,7,26.0,19.0,9.0,6.0,Normal
H004,D005,2025-03-09,49,43,6,18.0,13.0,30.0,6.0,High Utilization
H004,D005,2025-02-08,59,55,4,7.0,1.0,19.0,18.0,Critical
H007,D009,2025-10-01,25,2,23,24.0,8.0,26.0,13.0,Limited
H007,D009,2025-10-07,20,4,16,20.0,20.0,28.0,8.0,Limited
H007,D004,2025-06-10,26,6,20,34.0,11.0,24.0,22.0,Limited
H005,D001,2025-11-03,10,8,2,37.0,30.0,27.0,0.0,High Utilization
H003,D007,2025-03-29,35,23,12,18.0,15.0,18.0,16.0,Normal
H004,D005,2025-10-04,28,12,16,32.0,7.0,25.0,3.0,Normal
H002,D001,2025-05-17,56,48,8,7.0,2.0,7.0,2.0,High Utilization
H005,D003,2025-06-13,30,20,10,24.0,22.0,26.0,24.0,Normal
H003,D007,2025-11-08,15,13,2,12.0,7.0,22.0,13.0,High Utilization
H006,D010,2025-03-31,44,36,8,13.0,5.0,20.0,13.0,High Utilization
H005,D001,2025-12-12,55,50,5,36.0,35.0,18.0,15.0,Critical
H002,D010,2025-05-30,33,33,0,24.0,16.0,15.0,2.0,Critical
H006,D004,2025-01-07,34,18,16,12.0,9.0,28.0,23.0,Normal
H005,D005,2025-12-03,59,9,50,39.0,38.0,18.0,13.0,Limited
H004,D009,2025-06-13,39,15,24,35.0,16.0,14.0,2.0,Normal
H006,D002,2025-08-26,52,32,20,9.0,4.0,14.0,6.0,Normal
H002,D010,2025-05-08,47,27,20,19.0,18.0,8.0,6.0,Normal
H006,D002,2025-10-27,55,38,17,6.0,6.0,30.0,26.0,Normal
H005,D006,2025-08-24,23,17,6,13.0,4.0,5.0,3.0,Normal
H007,D002,2025-07-18,45,19,26,11.0,8.0,29.0,3.0,Normal
H001,D003,2025-11-27,34,9,25,10.0,9.0,9.0,9.0,Limited
H006,D008,2025-10-08,21,9,12,19.0,6.0,17.0,3.0,Normal
H005,D001,2025-01-23,49,10,39,6.0,0.0,8.0,8.0,Limited
H003,D008,2025-02-19,24,19,5,18.0,7.0,29.0,15.0,High Utilization
H001,D006,2025-08-09,22,20,2,21.0,9.0,28.0,12.0,Critical
H006,D007,2025-03-02,56,4,52,16.0,14.0,21.0,2.0,Limited
H007,D004,2025-04-08,32,22,10,39.0,9.0,14.0,3.0,Normal
H003,D010,2025-02-08,50,44,6,35.0,29.0,8.0,2.0,High Utilization
H003,D006,2025-10-21,53,44,9,38.0,3.0,30.0,11.0,High Utilization
H004,D005,2025-03-02,23,4,19,19.0,13.0,17.0,2.0,Limited
H006,D003,2025-10-12,19,2,17,23.0,23.0,13.0,0.0,Limited
H004,D004,2025-08-21,52,15,37,9.0,4.0,18.0,17.0,Limited
H001,D008,2025-10-27,59,32,27,21.0,8.0,30.0,30.0,Normal
H001,D006,2025-04-17,47,1,46,28.0,1.0,27.0,27.0,Limited
H005,D008,2025-08-14,15,14,1,24.0,7.0,18.0,10.0,Critical
H007,D009,2025-03-15,58,44,14,7.0,7.0,6.0,5.0,High Utilization
H001,D003,2025-11-24,37,20,17,36.0,0.0,27.0,4.0,Normal
H001,D004,2025-07-27,11,0,11,26.0,6.0,10.0,5.0,Limited
H004,D007,2025-03-04,29,29,0,9.0,9.0,22.0,22.0,Critical
H002,D007,2025-11-25,41,41,0,39.0,1.0,17.0,4.0,Critical
H003,D007,2025-05-07,40,31,9,35.0,16.0,28.0,25.0,High Utilization
H005,D003,2025-04-12,10,2,8,9.0,5.0,15.0,11.0,Limited
H007,D010,2025-01-05,52,40,12,29.0,26.0,27.0,19.0,High Utilization
H004,D002,2025-02-23,29,11,18,33.0,11.0,18.0,11.0,Normal
H004,D003,2025-10-05,16,10,6,32.0,17.0,9.0,6.0,Normal
H006,D007,2025-04-29,15,14,1,39.0,23.0,29.0,3.0,Critical
H007,D004,2025-07-05,37,21,16,30.0,26.0,15.0,8.0,Normal
H007,D002,2025-11-06,40,40,0,30.0,15.0,16.0,1.0,Critical
H006,D007,2025-12-26,35,9,26,40.0,37.0,14.0,8.0,Limited
H004,D005,2025-05-06,28,1,27,14.0,1.0,24.0,15.0,Limited
H004,D008,2025-12-12,43,27,16,13.0,0.0,9.0,6.0,Normal
H001,D002,2025-11-12,51,34,17,27.0,8.0,24.0,18.0,Normal
H005,D009,2025-09-17,11,5,6,9.0,1.0,25.0,18.0,Normal
H001,D007,2025-05-19,21,20,1,11.0,1.0,18.0,6.0,Critical
H003,D008,2025-12-15,58,23,35,23.0,15.0,7.0,4.0,Normal
H002,D008,2025-12-14,12,9,3,15.0,5.0,28.0,23.0,High Utilization
H001,D002,2025-07-16,44,35,9,35.0,0.0,28.0,23.0,High Utilization
H002,D009,2025-10-12,50,40,10,5.0,0.0,17.0,10.0,High Utilization
H003,D003,2025-01-14,35,8,27,28.0,12.0,16.0,4.0,Limited
H002,D005,2025-04-19,15,14,1,14.0,14.0,21.0,11.0,Critical
H007,D007,2025-07-29,33,27,6,34.0,12.0,22.0,11.0,High Utilization
H006,D002,2025-05-19,45,30,15,35.0,12.0,24.0,15.0,Normal
H005,D004,2025-11-15,44,37,7,15.0,12.0,8.0,1.0,High Utilization
H002,D005,2025-04-08,31,10,21,29.0,26.0,14.0,2.0,Normal
H005,D010,2025-12-25,47,40,7,19.0,7.0,21.0,19.0,High Utilization
H003,D001,2025-10-04,24,21,3,16.0,7.0,8.0,2.0,High Utilization
H004,D003,2025-03-30,34,18,16,8.0,0.0,21.0,16.0,Normal
H002,D003,2025-10-21,23,19,4,40.0,40.0,25.0,2.0,High Utilization
H002,D001,2025-07-10,11,10,1,39.0,2.0,18.0,5.0,Critical
H002,D010,2025-04-29,36,36,0,13.0,3.0,22.0,5.0,Critical
H001,D008,2025-10-31,54,2,52,12.0,11.0,12.0,0.0,Limited
H006,D002,2025-06-13,26,9,17,38.0,25.0,23.0,1.0,Normal
H003,D005,2025-06-25,18,16,2,33.0,24.0,26.0,15.0,High Utilization
H002,D005,2025-08-09,41,10,31,15.0,4.0,7.0,6.0,Limited
H005,D008,2025-12-20,27,23,4,18.0,3.0,8.0,3.0,High Utilization
H007,D007,2025-06-22,42,25,17,38.0,21.0,22.0,15.0,Normal
H007,D004,2025-03-25,22,20,2,36.0,5.0,21.0,7.0,Critical
H004,D002,2025-06-22,59,35,24,27.0,4.0,29.0,24.0,Normal
H002,D008,2025-03-21,27,8,19,11.0,4.0,29.0,12.0,Limited
H005,D009,2025-11-26,21,14,7,22.0,5.0,9.0,5.0,Normal
H007,D001,2025-06-11,53,44,9,18.0,9.0,11.0,3.0,High Utilization
H006,D010,2025-09-19,43,12,31,27.0,16.0,25.0,24.0,Limited
H007,D002,2025-12-20,57,11,46,37.0,19.0,17.0,16.0,Limited
H006,D004,2025-02-14,42,42,0,39.0,15.0,26.0,2.0,Critical
H004,D005,2025-11-04,27,26,1,40.0,17.0,6.0,1.0,Critical
H003,D006,2025-09-27,46,31,15,40.0,30.0,9.0,6.0,Normal
H007,D008,2025-09-19,56,45,11,22.0,0.0,28.0,24.0,High Utilization
H004,D010,2025-07-04,42,25,17,15.0,6.0,23.0,2.0,Normal
H001,D004,2025-11-14,15,0,15,5.0,1.0,30.0,30.0,Limited
H007,D001,2025-09-17,29,19,10,6.0,4.0,10.0,4.0,Normal
H004,D003,2025-12-18,26,23,3,23.0,10.0,28.0,0.0,High Utilization
H007,D002,2025-05-12,21,15,6,6.0,0.0,27.0,16.0,Normal
H007,D003,2025-12-17,35,20,15,22.0,7.0,21.0,16.0,Normal
H001,D007,2025-03-02,52,12,40,19.0,11.0,19.0,9.0,Limited
H006,D006,2025-08-19,58,24,34,30.0,28.0,20.0,9.0,Normal
H006,D005,2025-11-08,17,14,3,40.0,28.0,28.0,1.0,High Utilization
H006,D005,2025-10-14,52,49,3,34.0,7.0,19.0,8.0,Critical
H002,D009,2025-09-28,44,18,26,35.0,32.0,26.0,3.0,Normal
H002,D003,2025-12-20,48,21,27,37.0,30.0,11.0,0.0,Normal
H004,D007,2025-04-18,53,27,26,30.0,20.0,18.0,9.0,Normal
H004,D003,2025-08-23,38,9,29,17.0,2.0,12.0,3.0,Limited
H002,D007,2025-10-18,31,30,1,23.0,1.0,29.0,10.0,Critical
H005,D003,2025-07-09,35,12,23,11.0,10.0,13.0,10.0,Normal
H005,D010,2025-10-31,40,25,15,33.0,20.0,28.0,26.0,Normal
H004,D008,2025-02-05,59,7,52,5.0,1.0,10.0,0.0,Limited
H007,D006,2025-12-08,57,12,45,19.0,5.0,14.0,11.0,Limited
H006,D004,2025-01-07,17,2,15,5.0,4.0,16.0,4.0,Limited
H002,D001,2025-02-11,29,11,18,6.0,3.0,14.0,5.0,Normal
H002,D001,2025-09-20,52,27,25,34.0,21.0,26.0,13.0,Normal
H005,D003,2025-10-13,60,18,42,29.0,24.0,17.0,4.0,Limited
H004,D005,2025-02-06,17,16,1,16.0,11.0,25.0,3.0,Critical
H003,D003,2025-03-07,32,6,26,31.0,14.0,11.0,11.0,Limited
H006,D006,2025-09-15,11,8,3,34.0,14.0,6.0,5.0,Normal
H006,D001,2025-07-03,44,21,23,29.0,25.0,9.0,5.0,Normal
H003,D006,2025-10-29,33,17,16,40.0,15.0,15.0,6.0,Normal
H005,D006,2025-11-07,36,26,10,39.0,9.0,23.0,5.0,Normal
H006,D001,2025-03-10,57,7,50,34.0,32.0,18.0,5.0,Limited
H007,D009,2025-10-14,13,6,7,14.0,14.0,15.0,5.0,Normal
H002,D002,2025-09-17,38,28,10,18.0,8.0,10.0,2.0,Normal
H002,D001,2025-01-23,59,43,16,5.0,4.0,30.0,14.0,Normal
H007,D003,2025-11-24,17,16,1,35.0,33.0,21.0,20.0,Critical
H004,D009,2025-02-15,37,7,30,14.0,3.0,18.0,11.0,Limited
H003,D005,2025-09-16,20,18,2,32.0,13.0,16.0,10.0,Critical
H007,D001,2025-09-26,47,22,25,16.0,15.0,29.0,16.0,Normal
H005,D010,2025-07-03,49,37,12,25.0,20.0,26.0,8.0,High Utilization
H005,D002,2025-06-11,20,7,13,29.0,13.0,10.0,6.0,Normal
H004,D009,2025-09-13,34,31,3,21.0,8.0,25.0,10.0,Critical
H003,D001,2025-12-04,49,2,47,35.0,21.0,30.0,29.0,Limited
H001,D002,2025-01-21,34,8,26,13.0,4.0,8.0,7.0,Limited
H003,D009,2025-06-30,27,25,2,28.0,22.0,24.0,18.0,Critical
H001,D008,2025-10-26,44,31,13,34.0,27.0,20.0,9.0,Normal
H001,D008,2025-12-18,49,40,9,11.0,4.0,20.0,18.0,High Utilization
H004,D007,2025-04-28,10,2,8,17.0,9.0,16.0,4.0,Limited
H006,D001,2025-02-10,59,46,13,40.0,3.0,9.0,8.0,High Utilization
H004,D004,2025-09-18,58,58,0,14.0,10.0,17.0,4.0,Critical
H005,D002,2025-04-28,48,17,31,27.0,6.0,13.0,5.0,Normal
H007,D004,2025-02-28,52,7,45,25.0,4.0,9.0,3.0,Limited
H001,D010,2025-11-15,41,4,37,35.0,20.0,27.0,14.0,Limited
H002,D001,2025-01-15,38,36,2,31.0,15.0,17.0,12.0,Critical
H006,D010,2025-12-10,41,7,34,40.0,21.0,25.0,10.0,Limited
H004,D007,2025-03-31,56,10,46,14.0,7.0,8.0,0.0,Limited
H006,D001,2025-12-04,11,8,3,11.0,0.0,24.0,18.0,Normal
H001,D005,2025-07-13,29,15,14,7.0,7.0,6.0,2.0,Normal
H007,D010,2025-05-11,26,8,18,9.0,2.0,8.0,1.0,Normal
H004,D002,2025-05-29,18,1,17,26.0,0.0,10.0,4.0,Limited
H001,D007,2025-01-26,46,11,35,40.0,10.0,8.0,0.0,Limited
H006,D007,2025-12-02,26,18,8,21.0,19.0,19.0,19.0,Normal
H003,D007,2025-04-20,22,12,10,6.0,3.0,11.0,5.0,Normal
H007,D006,2025-05-25,52,33,19,18.0,3.0,5.0,1.0,Normal
H005,D006,2025-02-14,30,5,25,28.0,25.0,27.0,22.0,Limited
H003,D004,2025-08-23,49,0,49,39.0,31.0,12.0,3.0,Limited
H005,D004,2025-06-01,26,16,10,32.0,15.0,14.0,8.0,Normal
H002,D009,2025-06-02,21,12,9,13.0,8.0,7.0,1.0,Normal
H007,D001,2025-07-24,23,1,22,33.0,10.0,27.0,17.0,Limited
H002,D006,2025-02-27,13,2,11,16.0,11.0,7.0,4.0,Limited
H002,D003,2025-02-09,39,19,20,26.0,13.0,8.0,8.0,Normal
H001,D005,2025-04-03,24,15,9,32.0,30.0,11.0,6.0,Normal
H004,D005,2025-06-09,20,20,0,39.0,33.0,13.0,5.0,Critical
H003,D010,2025-09-01,17,6,11,16.0,15.0,23.0,1.0,Normal
H002,D002,2025-12-06,35,11,24,28.0,2.0,5.0,2.0,Normal
H001,D004,2025-01-31,14,0,14,13.0,9.0,10.0,7.0,Limited
H006,D009,2025-09-09,20,9,11,25.0,14.0,14.0,4.0,Normal
H003,D007,2025-12-11,57,4,53,22.0,9.0,22.0,14.0,Limited
H002,D003,2025-03-04,46,29,17,15.0,13.0,11.0,1.0,Normal
H005,D010,2025-10-21,51,50,1,22.0,4.0,28.0,5.0,Critical
H005,D004,2025-11-25,13,13,0,40.0,23.0,17.0,4.0,Critical
H004,D001,2025-09-15,27,22,5,16.0,9.0,22.0,2.0,High Utilization
H007,D008,2025-05-05,18,4,14,10.0,9.0,20.0,9.0,Limited
H006,D009,2025-04-22,56,27,29,17.0,12.0,15.0,13.0,Normal
H004,D001,2025-09-17,16,4,12,33.0,29.0,16.0,9.0,Limited
H005,D005,2025-08-26,54,54,0,17.0,9.0,18.0,10.0,Critical
H001,D009,2025-06-08,27,23,4,11.0,2.0,5.0,2.0,High Utilization
H006,D010,2025-11-28,54,13,41,11.0,0.0,10.0,5.0,Limited
H005,D007,2025-06-10,29,5,24,35.0,14.0,5.0,2.0,Limited
H003,D005,2025-10-15,50,37,13,26.0,7.0,14.0,13.0,Normal
H003,D010,2025-02-12,27,10,17,7.0,3.0,28.0,7.0,Normal
H006,D004,2025-05-14,39,31,8,10.0,6.0,15.0,6.0,High Utilization
H006,D010,2025-01-27,35,20,15,34.0,3.0,10.0,10.0,Normal
H002,D006,2025-09-22,49,33,16,16.0,12.0,18.0,5.0,Normal
H003,D010,2025-02-03,27,6,21,8.0,5.0,12.0,2.0,Limited
H007,D008,2025-03-27,55,46,9,10.0,7.0,24.0,14.0,High Utilization
H001,D003,2025-12-25,16,15,1,9.0,5.0,29.0,9.0,Critical
H005,D002,2025-06-19,29,0,29,17.0,8.0,12.0,6.0,Limited
H002,D001,2025-06-05,41,40,1,34.0,34.0,7.0,4.0,Critical
H005,D003,2025-08-28,56,44,12,28.0,8.0,8.0,5.0,High Utilization
H002,D009,2025-08-10,40,19,21,40.0,33.0,12.0,5.0,Normal
H006,D008,2025-06-06,47,3,44,31.0,16.0,29.0,21.0,Limited
H006,D006,2025-02-24,22,16,6,30.0,24.0,19.0,4.0,Normal
H001,D006,2025-11-15,33,2,31,14.0,6.0,13.0,10.0,Limited
H005,D005,2025-08-22,54,43,11,26.0,15.0,17.0,15.0,High Utilization
H001,D007,2025-03-25,22,0,22,33.0,22.0,5.0,2.0,Limited
H001,D010,2025-12-28,49,8,41,6.0,2.0,16.0,6.0,Limited
H003,D008,2025-04-25,27,1,26,25.0,6.0,12.0,9.0,Limited
H002,D006,2025-08-18,37,30,7,37.0,35.0,9.0,3.0,High Utilization
H006,D009,2025-04-25,44,26,18,39.0,33.0,5.0,2.0,Normal
H005,D009,2025-10-12,10,10,0,31.0,30.0,6.0,2.0,Critical
H003,D006,2025-02-22,46,29,17,20.0,7.0,6.0,6.0,Normal
H004,D009,2025-03-28,49,8,41,35.0,29.0,22.0,5.0,Limited
H004,D006,2025-09-03,51,50,1,32.0,5.0,7.0,4.0,Critical
H002,D006,2025-02-09,55,5,50,8.0,5.0,16.0,14.0,Limited
H001,D003,2025-12-01,12,0,12,17.0,0.0,6.0,1.0,Limited
H002,D001,2025-07-14,21,3,18,35.0,15.0,28.0,0.0,Limited
H003,D002,2025-10-30,43,39,4,36.0,36.0,5.0,0.0,Critical
H003,D008,2025-07-29,54,29,25,10.0,10.0,13.0,5.0,Normal
H006,D005,2025-06-16,54,23,31,10.0,2.0,22.0,3.0,Normal
H005,D003,2025-03-07,60,55,5,39.0,5.0,16.0,0.0,Critical
H005,D003,2025-02-26,23,8,15,40.0,21.0,30.0,19.0,Normal
H001,D008,2025-02-19,13,3,10,23.0,19.0,6.0,1.0,Limited
H004,D007,2025-05-09,53,5,48,21.0,7.0,19.0,4.0,Limited
H003,D004,2025-02-28,18,18,0,40.0,33.0,19.0,8.0,Critical
H006,D008,2025-05-25,33,0,33,19.0,7.0,15.0,15.0,Limited
H007,D008,2025-05-25,57,17,40,8.0,3.0,27.0,25.0,Limited
H005,D004,2025-03-15,56,53,3,7.0,1.0,28.0,3.0,Critical
H002,D005,2025-05-18,21,11,10,29.0,1.0,11.0,5.0,Normal
H005,D001,2025-02-02,59,56,3,20.0,13.0,30.0,12.0,Critical
H006,D007,2025-05-13,42,3,39,9.0,5.0,16.0,14.0,Limited
H001,D005,2025-06-29,41,30,11,14.0,9.0,20.0,11.0,Normal
H004,D004,2025-12-07,11,4,7,25.0,21.0,18.0,16.0,Normal
H004,D009,2025-03-24,13,8,5,30.0,1.0,6.0,1.0,Normal
H006,D010,2025-09-08,23,11,12,32.0,31.0,7.0,4.0,Normal
H006,D001,2025-06-24,28,15,13,33.0,16.0,18.0,1.0,Normal
H002,D009,2025-05-30,57,53,4,40.0,5.0,14.0,9.0,Critical
H007,D002,2025-02-03,55,2,53,32.0,28.0,21.0,16.0,Limited
H002,D010,2025-08-23,23,23,0,31.0,30.0,14.0,1.0,Critical
H003,D006,2025-07-25,45,4,41,22.0,2.0,13.0,3.0,Limited
H005,D010,2025-03-06,17,8,9,7.0,2.0,13.0,9.0,Normal
H007,D003,2025-05-05,50,37,13,32.0,14.0,18.0,18.0,Normal
H002,D008,2025-08-03,58,21,37,9.0,2.0,15.0,10.0,Normal
H003,D005,2025-06-25,10,1,9,31.0,14.0,24.0,21.0,Limited
H002,D001,2025-06-16,25,1,24,25.0,6.0,26.0,16.0,Limited
H002,D009,2025-08-17,40,33,7,17.0,8.0,21.0,8.0,High Utilization
H001,D003,2025-01-07,49,48,1,28.0,26.0,27.0,20.0,Critical
H006,D008,2025-04-13,59,12,47,26.0,8.0,19.0,4.0,Limited
H004,D005,2025-11-20,34,15,19,13.0,1.0,22.0,5.0,Normal
H006,D002,2025-11-24,17,8,9,11.0,7.0,12.0,7.0,Normal
H006,D002,2025-05-22,40,9,31,24.0,21.0,9.0,2.0,Limited
H005,D003,2025-08-07,41,20,21,19.0,19.0,16.0,4.0,Normal
H003,D005,2025-10-30,50,27,23,37.0,1.0,8.0,1.0,Normal
H006,D003,2025-06-01,58,27,31,19.0,3.0,10.0,1.0,Normal
H007,D003,2025-10-09,43,23,20,6.0,2.0,30.0,21.0,Normal
H004,D010,2025-11-23,23,12,11,18.0,5.0,10.0,5.0,Normal
H003,D007,2025-06-01,57,54,3,36.0,29.0,19.0,16.0,Critical
H005,D003,2025-03-11,16,13,3,16.0,4.0,23.0,13.0,High Utilization
H004,D006,2025-04-23,24,12,12,29.0,15.0,8.0,2.0,Normal
H006,D003,2025-10-14,17,4,13,38.0,4.0,28.0,2.0,Limited
H005,D010,2025-08-20,48,28,20,36.0,5.0,20.0,10.0,Normal
H004,D010,2025-08-26,22,6,16,16.0,4.0,6.0,5.0,Limited
H005,D003,2025-07-29,41,41,0,10.0,9.0,9.0,0.0,Critical
H006,D008,2025-11-16,39,29,10,29.0,12.0,22.0,1.0,Normal
H001,D005,2025-07-23,42,4,38,16.0,10.0,28.0,16.0,Limited
H007,D006,2025-02-13,59,2,57,35.0,35.0,28.0,4.0,Limited
H005,D010,2025-09-09,30,1,29,11.0,9.0,27.0,14.0,Limited
H004,D005,2025-09-19,20,15,5,9.0,6.0,22.0,4.0,High Utilization
H003,D010,2025-08-04,11,2,9,40.0,27.0,24.0,0.0,Limited
H005,D001,2025-09-06,49,35,14,35.0,12.0,27.0,4.0,Normal
H002,D009,2025-02-17,43,31,12,26.0,9.0,26.0,25.0,Normal
H004,D007,2025-02-06,32,18,14,5.0,4.0,14.0,6.0,Normal
H001,D004,2025-07-10,41,7,34,8.0,6.0,9.0,0.0,Limited
H005,D008,2025-12-01,60,34,26,7.0,6.0,13.0,13.0,Normal
H003,D001,2025-01-10,22,8,14,33.0,11.0,30.0,28.0,Normal
H002,D004,2025-01-19,36,16,20,27.0,9.0,13.0,1.0,Normal
H001,D006,2025-06-07,53,28,25,21.0,14.0,26.0,26.0,Normal
H003,D003,2025-04-08,56,29,27,8.0,2.0,18.0,12.0,Normal
H002,D010,2025-05-31,31,22,9,14.0,7.0,20.0,3.0,Normal
H007,D008,2025-03-19,15,11,4,33.0,1.0,23.0,11.0,Normal
H004,D005,2025-03-27,45,17,28,15.0,10.0,7.0,7.0,Normal
H005,D003,2025-09-25,30,6,24,36.0,16.0,30.0,28.0,Limited
H002,D002,2025-07-04,40,39,1,27.0,12.0,30.0,27.0,Critical
H007,D008,2025-06-17,59,48,11,29.0,17.0,18.0,15.0,High Utilization
H004,D003,2025-01-17,18,2,16,23.0,1.0,24.0,18.0,Limited
H004,D005,2025-09-29,42,3,39,12.0,9.0,10.0,7.0,Limited
H001,D007,2025-11-24,25,24,1,39.0,18.0,14.0,5.0,Critical
H003,D003,2025-09-21,40,22,18,21.0,4.0,25.0,16.0,Normal
H002,D003,2025-11-02,52,40,12,35.0,22.0,10.0,5.0,High Utilization
H001,D001,2025-10-10,28,17,11,26.0,24.0,7.0,1.0,Normal
H005,D005,2025-02-14,22,12,10,19.0,13.0,10.0,1.0,Normal
H006,D006,2025-03-17,58,52,6,24.0,4.0,28.0,1.0,High Utilization
H004,D007,2025-11-02,22,5,17,40.0,38.0,29.0,11.0,Limited
H001,D009,2025-01-08,47,32,15,13.0,0.0,14.0,8.0,Normal
H005,D008,2025-06-28,49,43,6,39.0,5.0,21.0,16.0,High Utilization
H001,D001,2025-09-25,33,10,23,16.0,16.0,18.0,2.0,Normal
H001,D010,2025-12-23,13,13,0,29.0,11.0,7.0,5.0,Critical
H001,D008,2025-03-07,45,12,33,13.0,7.0,22.0,3.0,Limited
H002,D002,2025-02-11,53,44,9,19.0,1.0,7.0,2.0,High Utilization
H007,D005,2025-09-29,50,9,41,23.0,6.0,18.0,15.0,Limited
H002,D007,2025-01-30,26,4,22,40.0,28.0,5.0,1.0,Limited
H001,D010,2025-04-25,46,8,38,9.0,6.0,5.0,5.0,Limited
H003,D010,2025-02-07,35,16,19,16.0,3.0,24.0,13.0,Normal
H006,D001,2025-06-11,45,23,22,11.0,3.0,20.0,19.0,Normal
H001,D001,2025-02-04,51,11,40,14.0,6.0,24.0,18.0,Limited
H006,D002,2025-02-20,45,32,13,24.0,11.0,10.0,4.0,Normal
H002,D003,2025-01-10,56,34,22,29.0,26.0,20.0,4.0,Normal
H001,D005,2025-05-18,19,11,8,11.0,4.0,24.0,15.0,Normal
H001,D008,2025-02-08,21,21,0,9.0,6.0,7.0,0.0,Critical
H001,D008,2025-11-06,44,25,19,29.0,12.0,30.0,9.0,Normal
H001,D009,2025-03-26,57,57,0,26.0,11.0,24.0,10.0,Critical
H005,D006,2025-09-08,14,12,2,28.0,14.0,20.0,7.0,High Utilization
H003,D002,2025-04-17,43,23,20,15.0,3.0,14.0,6.0,Normal
H002,D007,2025-06-09,51,22,29,8.0,4.0,20.0,4.0,Normal
H003,D009,2025-01-01,14,3,11,11.0,0.0,15.0,14.0,Limited
H007,D006,2025-09-06,58,42,16,24.0,23.0,23.0,20.0,Normal
H006,D006,2025-10-22,60,17,43,13.0,1.0,19.0,0.0,Limited
H001,D004,2025-09-14,43,8,35,22.0,12.0,10.0,1.0,Limited
H006,D001,2025-03-09,42,25,17,21.0,15.0,25.0,19.0,Normal
H004,D002,2025-02-15,59,44,15,7.0,4.0,23.0,17.0,Normal
H002,D006,2025-05-02,49,25,24,7.0,3.0,21.0,18.0,Normal
H004,D007,2025-09-19,33,27,6,24.0,20.0,22.0,7.0,High Utilization
H003,D002,2025-07-01,56,20,36,40.0,1.0,12.0,11.0,Normal
H002,D004,2025-08-05,33,2,31,37.0,28.0,16.0,11.0,Limited
H003,D002,2025-12-03,11,10,1,32.0,12.0,12.0,1.0,Critical
H007,D007,2025-10-07,46,15,31,23.0,21.0,9.0,1.0,Normal
H004,D001,2025-05-26,52,2,50,10.0,7.0,13.0,9.0,Limited
H007,D008,2025-04-28,27,12,15,14.0,5.0,27.0,17.0,Normal
H006,D001,2025-06-20,26,14,12,13.0,2.0,11.0,0.0,Normal
H006,D007,2025-08-23,54,3,51,23.0,15.0,28.0,4.0,Limited
H004,D010,2025-06-06,23,11,12,10.0,0.0,22.0,13.0,Normal
H002,D001,2025-02-20,36,31,5,11.0,4.0,27.0,4.0,High Utilization
H007,D005,2025-01-09,28,0,28,6.0,2.0,16.0,11.0,Limited
H001,D010,2025-01-17,39,39,0,24.0,21.0,28.0,11.0,Critical
H001,D010,2025-03-30,20,0,20,34.0,3.0,19.0,6.0,Limited
H007,D009,2025-04-16,59,1,58,10.0,7.0,23.0,5.0,Limited
H002,D006,2025-02-15,33,27,6,31.0,15.0,25.0,3.0,High Utilization
H005,D006,2025-01-21,43,26,17,29.0,2.0,5.0,4.0,Normal
H003,D001,2025-06-03,11,10,1,35.0,31.0,22.0,13.0,Critical
H006,D007,2025-10-05,18,15,3,36.0,12.0,14.0,11.0,High Utilization
H001,D006,2025-11-03,39,38,1,15.0,6.0,26.0,12.0,Critical
H004,D002,2025-06-20,56,22,34,35.0,15.0,9.0,8.0,Normal
H005,D004,2025-08-19,52,14,38,40.0,28.0,12.0,10.0,Limited
H007,D007,2025-12-19,35,15,20,13.0,8.0,11.0,1.0,Normal
H002,D008,2025-09-18,46,9,37,39.0,21.0,28.0,27.0,Limited
H007,D009,2025-11-23,32,1,31,24.0,6.0,20.0,8.0,Limited
H002,D009,2025-12-23,27,9,18,18.0,5.0,10.0,0.0,Normal
H001,D008,2025-11-30,19,6,13,34.0,23.0,17.0,3.0,Normal
H002,D001,2025-07-24,11,4,7,7.0,1.0,30.0,17.0,Normal
H005,D004,2025-07-30,47,12,35,35.0,19.0,18.0,17.0,Limited
H007,D005,2025-11-13,11,6,5,30.0,18.0,6.0,2.0,Normal
H002,D005,2025-08-29,37,37,0,28.0,19.0,6.0,2.0,Critical
H005,D010,2025-02-15,48,40,8,11.0,2.0,11.0,8.0,High Utilization
H004,D010,2025-09-26,21,2,19,37.0,34.0,6.0,5.0,Limited
H002,D003,2025-08-16,38,26,12,34.0,18.0,18.0,12.0,Normal
H002,D003,2025-05-10,25,19,6,32.0,26.0,29.0,28.0,High Utilization
H007,D010,2025-04-03,17,3,14,19.0,11.0,24.0,3.0,Limited
H004,D005,2025-05-08,38,38,0,36.0,31.0,28.0,10.0,Critical
H005,D003,2025-04-14,44,44,0,20.0,13.0,28.0,18.0,Critical
H006,D008,2025-04-17,53,34,19,24.0,4.0,23.0,23.0,Normal
H005,D009,2025-09-13,41,12,29,33.0,1.0,30.0,0.0,Limited
H003,D009,2025-05-31,31,5,26,36.0,36.0,26.0,24.0,Limited
H002,D003,2025-03-28,22,22,0,9.0,5.0,6.0,5.0,Critical
H006,D006,2025-09-15,33,0,33,25.0,4.0,29.0,27.0,Limited
H001,D001,2025-09-30,52,39,13,34.0,22.0,12.0,3.0,High Utilization
H007,D010,2025-02-15,42,18,24,34.0,2.0,20.0,2.0,Normal
H002,D009,2025-05-15,38,0,38,22.0,6.0,8.0,2.0,Limited
H005,D003,2025-08-13,52,48,4,40.0,4.0,18.0,3.0,Critical
H001,D002,2025-07-22,46,20,26,24.0,20.0,10.0,2.0,Normal
H005,D003,2025-04-11,58,47,11,24.0,16.0,19.0,3.0,High Utilization
H004,D008,2025-10-17,40,2,38,18.0,17.0,12.0,4.0,Limited
H006,D008,2025-06-03,47,24,23,23.0,12.0,22.0,9.0,Normal
H006,D006,2025-08-29,22,15,7,16.0,5.0,18.0,16.0,Normal
H001,D008,2025-09-13,49,24,25,12.0,8.0,14.0,12.0,Normal
H006,D001,2025-02-23,22,12,10,27.0,15.0,5.0,2.0,Normal
H004,D002,2025-06-20,26,3,23,6.0,3.0,12.0,7.0,Limited
H005,D010,2025-12-14,15,8,7,21.0,19.0,10.0,3.0,Normal
H004,D001,2025-09-23,12,3,9,15.0,14.0,6.0,2.0,Limited
H003,D005,2025-07-17,10,0,10,30.0,25.0,15.0,3.0,Limited
H007,D005,2025-03-12,31,30,1,39.0,23.0,14.0,5.0,Critical
H003,D007,2025-10-04,39,37,2,35.0,0.0,6.0,6.0,Critical
H004,D006,2025-01-21,21,1,20,36.0,7.0,10.0,7.0,Limited
H003,D006,2025-01-13,52,42,10,40.0,24.0,29.0,26.0,High Utilization
H004,D003,2025-05-16,59,14,45,6.0,1.0,19.0,16.0,Limited
H005,D006,2025-02-09,46,11,35,11.0,8.0,6.0,2.0,Limited
H007,D006,2025-03-18,23,18,5,37.0,34.0,29.0,9.0,High Utilization
H002,D007,2025-02-02,58,41,17,12.0,12.0,12.0,10.0,Normal
H006,D001,2025-06-27,58,33,25,16.0,12.0,30.0,19.0,Normal
H006,D001,2025-04-25,10,8,2,12.0,2.0,28.0,21.0,High Utilization
H001,D004,2025-01-26,16,1,15,12.0,4.0,26.0,10.0,Limited
H002,D006,2025-12-08,18,10,8,20.0,19.0,6.0,2.0,Normal
H003,D002,2025-12-28,23,2,21,20.0,8.0,8.0,1.0,Limited
H002,D010,2025-06-13,60,14,46,10.0,7.0,25.0,0.0,Limited
H005,D003,2025-06-21,49,1,48,15.0,14.0,27.0,24.0,Limited
H007,D001,2025-01-10,54,49,5,33.0,17.0,11.0,4.0,Critical
H007,D003,2025-03-24,41,20,21,21.0,11.0,21.0,2.0,Normal
H005,D003,2025-02-14,35,3,32,30.0,22.0,7.0,4.0,Limited
H005,D010,2025-03-01,31,10,21,26.0,1.0,20.0,2.0,Normal
H007,D001,2025-06-06,41,21,20,10.0,6.0,10.0,5.0,Normal
H005,D006,2025-06-12,47,41,6,32.0,5.0,18.0,17.0,High Utilization
H007,D003,2025-02-22,19,3,16,26.0,15.0,21.0,11.0,Limited
H001,D008,2025-03-02,30,5,25,32.0,0.0,20.0,9.0,Limited
H007,D006,2025-02-07,11,2,9,12.0,10.0,6.0,2.0,Limited
H007,D005,2025-09-14,33,5,28,27.0,16.0,17.0,9.0,Limited
H001,D010,2025-07-14,35,22,13,8.0,4.0,12.0,4.0,Normal
H007,D010,2025-01-29,45,0,45,28.0,20.0,20.0,18.0,Limited
H003,D002,2025-10-19,17,6,11,19.0,1.0,10.0,3.0,Normal
H004,D010,2025-05-09,52,18,34,22.0,8.0,26.0,11.0,Normal
H004,D001,2025-07-21,12,2,10,5.0,4.0,28.0,13.0,Limited
H002,D005,2025-04-18,42,35,7,36.0,8.0,8.0,7.0,High Utilization
H001,D004,2025-02-28,29,10,19,15.0,14.0,25.0,25.0,Normal
H006,D003,2025-06-19,14,5,9,5.0,5.0,16.0,16.0,Normal
H006,D001,2025-02-06,43,17,26,34.0,27.0,28.0,25.0,Normal
H004,D006,2025-07-23,19,18,1,28.0,21.0,27.0,12.0,Critical
H003,D004,2025-05-18,42,12,30,12.0,2.0,6.0,6.0,Limited
H005,D001,2025-11-08,10,0,10,35.0,7.0,6.0,4.0,Limited
H004,D008,2025-09-12,58,28,30,11.0,0.0,6.0,1.0,Normal
H007,D004,2025-09-21,19,5,14,21.0,18.0,5.0,5.0,Limited
H007,D007,2025-08-13,45,19,26,24.0,2.0,28.0,11.0,Normal
H003,D002,2025-08-06,48,28,20,9.0,7.0,26.0,21.0,Normal
H007,D003,2025-03-31,19,4,15,40.0,15.0,5.0,2.0,Limited
H007,D009,2025-01-10,22,0,22,30.0,21.0,8.0,5.0,Limited
H003,D001,2025-06-16,25,16,9,11.0,5.0,10.0,8.0,Normal
H004,D006,2025-02-19,53,8,45,40.0,27.0,5.0,5.0,Limited
H005,D002,2025-06-21,12,5,7,32.0,15.0,16.0,7.0,Normal
H006,D010,2025-10-11,58,12,46,15.0,2.0,25.0,23.0,Limited
H002,D005,2025-05-16,43,9,34,7.0,1.0,28.0,13.0,Limited
H005,D009,2025-07-12,37,11,26,14.0,3.0,13.0,6.0,Limited
H004,D009,2025-01-19,26,18,8,29.0,7.0,28.0,13.0,Normal
H001,D004,2025-09-02,33,15,18,35.0,5.0,14.0,2.0,Normal
H007,D010,2025-10-09,29,25,4,26.0,17.0,8.0,5.0,High Utilization
H007,D008,2025-12-31,56,29,27,21.0,10.0,27.0,25.0,Normal
H004,D003,2025-03-07,32,25,7,18.0,14.0,27.0,18.0,High Utilization
H003,D006,2025-07-01,46,37,9,37.0,23.0,8.0,0.0,High Utilization
H004,D008,2025-08-23,30,5,25,15.0,2.0,16.0,10.0,Limited
H003,D008,2025-10-26,47,7,40,23.0,21.0,16.0,8.0,Limited
H003,D001,2025-12-29,46,4,42,24.0,18.0,18.0,14.0,Limited
H003,D001,2025-01-09,42,34,8,26.0,17.0,11.0,0.0,High Utilization
H002,D001,2025-11-07,19,18,1,17.0,6.0,20.0,5.0,Critical
H006,D003,2025-06-12,60,8,52,24.0,20.0,21.0,17.0,Limited
H007,D007,2025-10-04,28,23,5,8.0,4.0,29.0,9.0,High Utilization
H006,D007,2025-12-22,12,11,1,23.0,11.0,6.0,5.0,Critical
H006,D001,2025-01-18,26,26,0,39.0,25.0,23.0,3.0,Critical
H005,D007,2025-04-19,10,2,8,8.0,3.0,11.0,1.0,Limited
H002,D002,2025-01-25,24,16,8,20.0,20.0,11.0,3.0,Normal
H001,D004,2025-05-24,42,3,39,29.0,1.0,29.0,12.0,Limited
H001,D008,2025-02-26,36,33,3,29.0,22.0,8.0,8.0,Critical
H005,D003,2025-01-09,19,0,19,5.0,2.0,10.0,9.0,Limited
H004,D001,2025-04-23,50,37,13,32.0,5.0,24.0,6.0,Normal
H005,D007,2025-01-22,13,4,9,24.0,2.0,22.0,11.0,Normal
H002,D009,2025-07-22,30,29,1,35.0,12.0,20.0,5.0,Critical
H004,D007,2025-01-07,60,47,13,31.0,27.0,24.0,8.0,High Utilization
H001,D009,2025-01-23,36,20,16,9.0,7.0,28.0,26.0,Normal
H005,D002,2025-12-23,23,14,9,28.0,25.0,29.0,20.0,Normal
H001,D005,2025-01-10,20,14,6,18.0,3.0,12.0,7.0,Normal
H004,D008,2025-04-23,26,16,10,28.0,5.0,5.0,2.0,Normal
H007,D009,2025-11-28,39,0,39,37.0,12.0,20.0,17.0,Limited
H001,D007,2025-02-13,37,15,22,27.0,16.0,20.0,11.0,Normal
H005,D006,2025-12-20,53,35,18,7.0,0.0,17.0,13.0,Normal
H005,D008,2025-10-09,43,34,9,39.0,11.0,21.0,17.0,High Utilization
H004,D006,2025-04-06,60,3,57,13.0,10.0,29.0,20.0,Limited
H004,D009,2025-06-04,22,2,20,16.0,3.0,27.0,26.0,Limited
H002,D009,2025-04-28,44,29,15,40.0,8.0,16.0,0.0,Normal
H003,D009,2025-01-24,26,8,18,19.0,2.0,25.0,19.0,Normal
H002,D002,2025-03-01,32,29,3,7.0,7.0,24.0,2.0,Critical
H006,D006,2025-07-12,40,6,34,27.0,25.0,20.0,3.0,Limited
H005,D007,2025-04-03,21,11,10,28.0,27.0,15.0,3.0,Normal
H003,D002,2025-10-11,58,36,22,37.0,10.0,7.0,7.0,Normal
H005,D003,2025-12-07,54,28,26,25.0,9.0,11.0,1.0,Normal
H007,D010,2025-06-02,16,1,15,16.0,9.0,5.0,4.0,Limited
H001,D008,2025-05-28,30,2,28,30.0,24.0,16.0,11.0,Limited
H006,D010,2025-03-26,40,32,8,27.0,6.0,30.0,18.0,High Utilization
H004,D005,2025-04-23,54,51,3,12.0,4.0,11.0,5.0,Critical
H001,D006,2025-10-26,13,12,1,24.0,5.0,12.0,2.0,Critical
H001,D003,2025-10-06,57,56,1,11.0,11.0,20.0,8.0,Critical
H005,D004,2025-08-19,48,7,41,38.0,3.0,15.0,6.0,Limited
H005,D010,2025-11-20,41,6,35,9.0,0.0,6.0,3.0,Limited
H003,D003,2025-11-29,24,20,4,16.0,10.0,8.0,1.0,High Utilization
H004,D008,2025-09-30,35,17,18,21.0,18.0,29.0,21.0,Normal
H007,D010,2025-06-22,42,39,3,22.0,15.0,9.0,9.0,Critical
H003,D003,2025-12-27,20,17,3,6.0,4.0,11.0,7.0,High Utilization
H003,D004,2025-02-25,25,18,7,25.0,3.0,8.0,6.0,Normal
H007,D001,2025-04-11,35,4,31,5.0,0.0,22.0,1.0,Limited
H002,D010,2025-10-08,39,1,38,6.0,6.0,27.0,15.0,Limited
H005,D002,2025-04-23,18,8,10,29.0,12.0,22.0,18.0,Normal
H001,D009,2025-06-06,27,23,4,15.0,2.0,5.0,1.0,High Utilization
H004,D003,2025-05-16,55,42,13,12.0,4.0,8.0,8.0,High Utilization
H004,D005,2025-12-10,23,12,11,26.0,19.0,18.0,0.0,Normal
H002,D004,2025-12-26,28,18,10,22.0,6.0,14.0,0.0,Normal
H003,D003,2025-11-30,34,11,23,26.0,22.0,26.0,23.0,Normal
H006,D003,2025-02-08,41,0,41,14.0,9.0,20.0,5.0,Limited
H004,D003,2025-08-30,35,21,14,37.0,17.0,16.0,14.0,Normal
H002,D006,2025-06-11,42,11,31,40.0,19.0,12.0,6.0,Limited
H001,D006,2025-12-03,52,31,21,28.0,8.0,30.0,7.0,Normal
H007,D008,2025-04-03,39,0,39,11.0,7.0,18.0,1.0,Limited
H003,D010,2025-02-21,37,21,16,39.0,26.0,13.0,7.0,Normal
H004,D003,2025-01-18,10,1,9,13.0,0.0,9.0,9.0,Limited
H004,D003,2025-07-31,59,50,9,24.0,3.0,28.0,13.0,High Utilization
H001,D001,2025-08-29,36,20,16,40.0,8.0,13.0,11.0,Normal
H002,D009,2025-06-05,18,13,5,31.0,27.0,23.0,14.0,Normal
H006,D001,2025-08-20,17,13,4,37.0,20.0,21.0,1.0,High Utilization
H002,D005,2025-05-29,24,18,6,38.0,17.0,5.0,0.0,High Utilization
H003,D004,2025-05-18,58,20,38,26.0,25.0,5.0,1.0,Normal
H001,D008,2025-04-27,57,5,52,34.0,16.0,25.0,16.0,Limited
H007,D010,2025-06-12,54,0,54,12.0,2.0,5.0,4.0,Limited
H001,D001,2025-07-31,52,43,9,15.0,3.0,15.0,6.0,High Utilization
H004,D006,2025-07-31,47,20,27,40.0,17.0,20.0,3.0,Normal
H001,D002,2025-11-01,49,4,45,8.0,7.0,24.0,17.0,Limited
H003,D002,2025-02-10,32,26,6,31.0,12.0,23.0,13.0,High Utilization
H002,D008,2025-05-03,52,31,21,9.0,0.0,17.0,0.0,Normal
H004,D003,2025-02-07,23,6,17,12.0,7.0,23.0,23.0,Limited
H002,D007,2025-08-21,43,6,37,21.0,13.0,24.0,12.0,Limited
H004,D001,2025-05-27,49,46,3,17.0,2.0,28.0,12.0,Critical
H007,D004,2025-08-11,59,56,3,21.0,3.0,12.0,0.0,Critical
H005,D004,2025-01-15,60,40,20,17.0,13.0,6.0,6.0,Normal
H004,D003,2025-04-23,29,24,5,13.0,4.0,23.0,21.0,High Utilization
H003,D007,2025-01-09,15,8,7,29.0,17.0,10.0,1.0,Normal
H002,D005,2025-11-07,54,27,27,14.0,2.0,18.0,0.0,Normal
H001,D007,2025-02-16,12,3,9,38.0,2.0,5.0,3.0,Limited
H003,D008,2025-11-09,22,22,0,27.0,7.0,6.0,0.0,Critical
H003,D004,2025-02-12,26,8,18,24.0,21.0,11.0,8.0,Normal
H003,D005,2025-06-11,14,11,3,20.0,10.0,26.0,23.0,High Utilization
H004,D010,2025-07-17,55,20,35,26.0,0.0,16.0,14.0,Normal
H005,D003,2025-09-22,56,26,30,16.0,12.0,21.0,11.0,Normal
H004,D006,2025-08-22,27,12,15,16.0,10.0,24.0,14.0,Normal
H003,D007,2025-02-13,58,45,13,23.0,10.0,5.0,2.0,High Utilization
H001,D008,2025-11-30,52,41,11,16.0,14.0,10.0,5.0,High Utilization
H003,D003,2025-04-15,51,45,6,8.0,1.0,29.0,2.0,High Utilization
H001,D004,2025-03-11,52,8,44,14.0,12.0,20.0,16.0,Limited
H001,D009,2025-11-02,52,29,23,18.0,6.0,27.0,20.0,Normal
H002,D005,2025-07-11,19,0,19,18.0,3.0,14.0,7.0,Limited
H003,D001,2025-01-31,42,38,4,11.0,4.0,6.0,5.0,Critical
H007,D007,2025-02-04,36,18,18,37.0,19.0,17.0,5.0,Normal
H007,D007,2025-11-07,27,0,27,14.0,11.0,17.0,12.0,Limited
H007,D004,2025-11-07,34,6,28,19.0,11.0,20.0,16.0,Limited
H001,D002,2025-02-18,48,3,45,38.0,19.0,22.0,11.0,Limited
H005,D010,2025-04-04,17,15,2,7.0,0.0,21.0,15.0,High Utilization
H002,D004,2025-09-19,18,9,9,31.0,30.0,6.0,0.0,Normal
H005,D010,2025-07-08,21,14,7,32.0,6.0,9.0,4.0,Normal
H006,D001,2025-09-12,22,0,22,8.0,1.0,17.0,9.0,Limited
H007,D010,2025-09-13,30,20,10,33.0,16.0,28.0,22.0,Normal
H002,D010,2025-01-31,10,8,2,27.0,8.0,7.0,3.0,High Utilization
H002,D002,2025-06-25,55,29,26,6.0,1.0,29.0,7.0,Normal
H006,D008,2025-08-18,37,36,1,19.0,18.0,24.0,16.0,Critical
H002,D006,2025-11-22,55,7,48,8.0,2.0,11.0,1.0,Limited
H006,D007,2025-03-03,21,4,17,20.0,0.0,10.0,5.0,Limited
H005,D009,2025-12-01,13,7,6,12.0,3.0,15.0,15.0,Normal
H006,D001,2025-06-20,15,10,5,20.0,20.0,24.0,15.0,Normal
H006,D002,2025-05-03,16,16,0,18.0,12.0,20.0,9.0,Critical
H002,D004,2025-05-05,26,1,25,39.0,10.0,9.0,4.0,Limited
H003,D009,2025-12-20,31,3,28,16.0,3.0,14.0,2.0,Limited
H005,D004,2025-09-21,32,24,8,12.0,9.0,20.0,16.0,High Utilization
H007,D006,2025-01-06,32,19,13,20.0,18.0,27.0,3.0,Normal
H005,D003,2025-12-06,13,6,7,35.0,10.0,18.0,8.0,Normal
H003,D010,2025-05-21,11,10,1,16.0,11.0,21.0,12.0,Critical
H003,D010,2025-03-30,53,25,28,22.0,22.0,5.0,0.0,Normal
H006,D004,2025-11-02,21,7,14,22.0,8.0,30.0,7.0,Normal
H004,D007,2025-12-21,16,12,4,24.0,23.0,28.0,8.0,High Utilization
H005,D010,2025-01-22,43,9,34,39.0,8.0,8.0,2.0,Limited
H002,D005,2025-03-28,20,18,2,25.0,23.0,14.0,7.0,Critical
H001,D008,2025-03-21,33,6,27,38.0,35.0,10.0,8.0,Limited
H003,D001,2025-08-20,37,8,29,18.0,2.0,19.0,15.0,Limited
H007,D010,2025-12-28,29,21,8,37.0,30.0,28.0,8.0,Normal
H004,D008,2025-12-30,57,14,43,29.0,18.0,14.0,14.0,Limited
H003,D003,2025-10-28,58,36,22,28.0,10.0,9.0,1.0,Normal
H002,D001,2025-11-04,13,0,13,11.0,1.0,9.0,8.0,Limited
H004,D002,2025-08-02,34,26,8,10.0,8.0,22.0,1.0,High Utilization
H006,D007,2025-11-15,43,42,1,23.0,20.0,18.0,10.0,Critical
H004,D007,2025-03-14,54,45,9,14.0,3.0,16.0,1.0,High Utilization
H001,D007,2025-09-13,27,27,0,36.0,6.0,11.0,1.0,Critical
H004,D002,2025-06-30,14,6,8,34.0,21.0,5.0,0.0,Normal
H001,D005,2025-08-29,59,29,30,32.0,0.0,8.0,3.0,Normal
H002,D002,2025-04-21,23,4,19,32.0,2.0,7.0,7.0,Limited
H005,D006,2025-01-26,20,16,4,22.0,10.0,7.0,1.0,High Utilization
H002,D008,2025-03-18,43,39,4,17.0,14.0,5.0,5.0,Critical
H002,D004,2025-11-15,26,1,25,27.0,8.0,21.0,8.0,Limited
H007,D004,2025-09-25,15,15,0,34.0,2.0,24.0,15.0,Critical
H001,D003,2025-11-04,60,9,51,15.0,14.0,15.0,3.0,Limited
H002,D008,2025-03-02,25,20,5,12.0,8.0,25.0,8.0,High Utilization
H001,D004,2025-07-13,40,8,32,37.0,8.0,12.0,6.0,Limited
H007,D010,2025-01-02,53,31,22,11.0,10.0,5.0,0.0,Normal
H003,D005,2025-07-19,35,3,32,26.0,11.0,26.0,20.0,Limited
H006,D002,2025-10-17,18,4,14,15.0,7.0,26.0,1.0,Limited
H006,D007,2025-08-23,50,43,7,9.0,5.0,30.0,14.0,High Utilization
H003,D004,2025-07-04,25,24,1,14.0,13.0,13.0,2.0,Critical
H002,D006,2025-01-23,24,1,23,27.0,4.0,29.0,14.0,Limited
H004,D006,2025-10-01,35,16,19,6.0,6.0,9.0,2.0,Normal
H007,D009,2025-10-02,53,51,2,9.0,9.0,7.0,1.0,Critical
H004,D004,2025-03-20,13,9,4,21.0,2.0,21.0,8.0,Normal
H005,D003,2025-05-08,18,1,17,30.0,20.0,8.0,3.0,Limited
H005,D003,2025-08-11,42,23,19,40.0,24.0,24.0,15.0,Normal
H005,D006,2025-01-17,39,35,4,32.0,6.0,30.0,22.0,High Utilization
H007,D001,2025-05-09,44,21,23,16.0,16.0,17.0,14.0,Normal
H006,D006,2025-05-05,20,7,13,38.0,27.0,18.0,9.0,Normal
H002,D008,2025-10-19,57,55,2,20.0,0.0,26.0,25.0,Critical
H001,D008,2025-06-18,31,24,7,36.0,10.0,13.0,2.0,High Utilization
H001,D002,2025-12-14,47,16,31,10.0,2.0,16.0,9.0,Normal
H001,D001,2025-03-02,52,46,6,20.0,12.0,12.0,12.0,High Utilization
H007,D002,2025-05-01,34,11,23,11.0,9.0,28.0,3.0,Normal
H001,D001,2025-11-30,54,47,7,19.0,18.0,25.0,21.0,High Utilization
H006,D002,2025-01-19,31,5,26,13.0,10.0,19.0,18.0,Limited
H003,D008,2025-07-22,33,6,27,28.0,27.0,21.0,11.0,Limited
H005,D005,2025-07-13,10,10,0,23.0,7.0,9.0,0.0,Critical
H006,D009,2025-07-27,49,37,12,40.0,23.0,21.0,18.0,High Utilization
H003,D003,2025-06-22,35,32,3,33.0,3.0,21.0,17.0,Critical
H004,D010,2025-10-20,31,25,6,21.0,18.0,7.0,7.0,High Utilization
H005,D001,2025-06-03,41,26,15,36.0,5.0,23.0,4.0,Normal
H006,D007,2025-12-05,37,36,1,24.0,2.0,29.0,15.0,Critical
H002,D003,2025-08-16,27,11,16,25.0,13.0,11.0,7.0,Normal
H007,D007,2025-07-28,20,5,15,31.0,20.0,24.0,2.0,Limited
H006,D009,2025-07-19,30,6,24,22.0,15.0,12.0,8.0,Limited
H006,D002,2025-12-11,57,10,47,23.0,19.0,25.0,17.0,Limited
H003,D002,2025-08-16,51,43,8,15.0,7.0,15.0,13.0,High Utilization
H006,D010,2025-05-28,55,50,5,27.0,6.0,13.0,12.0,Critical
H001,D008,2025-10-17,26,8,18,29.0,19.0,20.0,17.0,Normal
H005,D008,2025-02-21,37,8,29,34.0,29.0,30.0,4.0,Limited
H001,D010,2025-10-15,56,18,38,18.0,7.0,24.0,11.0,Normal
H006,D004,2025-02-06,23,21,2,38.0,6.0,21.0,8.0,Critical
H003,D007,2025-08-30,56,50,6,40.0,20.0,25.0,3.0,High Utilization
H004,D001,2025-08-08,16,16,0,21.0,1.0,17.0,3.0,Critical
H007,D010,2025-09-06,35,28,7,7.0,4.0,10.0,2.0,High Utilization
H006,D007,2025-01-26,14,2,12,22.0,15.0,8.0,0.0,Limited
H007,D009,2025-10-20,55,35,20,10.0,9.0,10.0,0.0,Normal
H002,D010,2025-11-06,44,26,18,13.0,4.0,22.0,4.0,Normal
H004,D001,2025-04-16,43,33,10,38.0,0.0,18.0,18.0,High Utilization
H003,D003,2025-04-03,43,9,34,12.0,10.0,5.0,1.0,Limited
H004,D003,2025-06-20,21,8,13,5.0,0.0,15.0,15.0,Normal
H002,D004,2025-03-16,17,17,0,16.0,14.0,9.0,5.0,Critical
H002,D005,2025-03-04,31,0,31,38.0,11.0,29.0,28.0,Limited
H001,D008,2025-08-27,33,1,32,28.0,25.0,28.0,15.0,Limited
H004,D009,2025-11-23,37,33,4,18.0,5.0,9.0,7.0,High Utilization
H004,D005,2025-07-20,36,3,33,14.0,11.0,28.0,16.0,Limited
H002,D001,2025-04-23,58,7,51,25.0,10.0,5.0,5.0,Limited
H003,D001,2025-06-19,38,5,33,33.0,28.0,24.0,2.0,Limited
H001,D004,2025-10-06,32,25,7,10.0,8.0,19.0,11.0,High Utilization
H005,D004,2025-01-20,59,25,34,27.0,14.0,11.0,1.0,Normal
H006,D004,2025-08-26,28,28,0,21.0,18.0,29.0,11.0,Critical
H004,D002,2025-02-23,42,38,4,15.0,14.0,16.0,1.0,Critical
H006,D007,2025-09-24,38,8,30,14.0,3.0,15.0,3.0,Limited
H002,D006,2025-01-22,37,5,32,27.0,21.0,12.0,12.0,Limited
H005,D004,2025-07-26,46,21,25,24.0,11.0,19.0,3.0,Normal
H006,D006,2025-08-03,14,8,6,24.0,23.0,6.0,5.0,Normal
H006,D005,2025-01-28,22,13,9,5.0,4.0,9.0,7.0,Normal
H005,D008,2025-06-03,18,11,7,9.0,8.0,21.0,13.0,Normal
H003,D001,2025-06-18,10,5,5,20.0,16.0,17.0,10.0,Normal
H007,D007,2025-11-20,19,2,17,7.0,5.0,24.0,5.0,Limited
H001,D004,2025-10-17,45,40,5,32.0,1.0,30.0,18.0,High Utilization
H003,D007,2025-09-28,40,3,37,10.0,7.0,17.0,6.0,Limited
H004,D008,2025-09-02,15,1,14,25.0,14.0,22.0,14.0,Limited
H006,D006,2025-04-05,17,7,10,19.0,12.0,10.0,1.0,Normal
H003,D005,2025-07-14,29,1,28,13.0,2.0,6.0,4.0,Limited
H005,D005,2025-07-11,23,8,15,12.0,7.0,17.0,1.0,Normal
H003,D004,2025-04-28,38,18,20,11.0,11.0,7.0,1.0,Normal
H003,D010,2025-08-23,31,5,26,11.0,10.0,10.0,8.0,Limited
H001,D008,2025-03-19,45,39,6,21.0,13.0,28.0,24.0,High Utilization
H004,D007,2025-12-20,26,15,11,20.0,17.0,11.0,3.0,Normal
H005,D005,2025-03-21,44,0,44,36.0,2.0,20.0,14.0,Limited
H007,D009,2025-05-12,23,9,14,34.0,21.0,22.0,11.0,Normal
H002,D006,2025-05-23,48,4,44,30.0,22.0,25.0,24.0,Limited
H001,D002,2025-06-07,28,13,15,33.0,22.0,25.0,10.0,Normal
H001,D009,2025-11-29,24,0,24,7.0,1.0,6.0,5.0,Limited
H007,D003,2025-05-29,31,0,31,17.0,12.0,11.0,11.0,Limited
H002,D010,2025-03-14,43,19,24,7.0,1.0,14.0,11.0,Normal
H002,D009,2025-05-09,11,1,10,23.0,15.0,17.0,12.0,Limited
H007,D001,2025-03-13,18,6,12,27.0,20.0,12.0,11.0,Normal
H002,D009,2025-03-07,38,3,35,36.0,14.0,13.0,3.0,Limited
H005,D007,2025-06-24,27,26,1,14.0,12.0,17.0,1.0,Critical
H005,D009,2025-10-15,24,8,16,25.0,3.0,7.0,6.0,Normal
H005,D001,2025-09-22,17,4,13,18.0,16.0,26.0,20.0,Limited
H002,D010,2025-10-10,13,4,9,23.0,4.0,13.0,13.0,Normal
H006,D001,2025-08-26,35,19,16,20.0,13.0,24.0,22.0,Normal
H004,D006,2025-03-13,17,14,3,32.0,29.0,23.0,15.0,High Utilization
H006,D006,2025-03-19,45,32,13,24.0,8.0,22.0,7.0,Normal
H005,D009,2025-12-07,25,12,13,30.0,5.0,6.0,2.0,Normal
H003,D002,2025-05-12,43,33,10,7.0,7.0,25.0,3.0,High Utilization
H006,D008,2025-02-01,17,6,11,12.0,10.0,29.0,24.0,Normal
H005,D010,2025-05-22,54,35,19,18.0,3.0,10.0,3.0,Normal
H002,D007,2025-04-18,28,5,23,8.0,0.0,5.0,5.0,Limited
H004,D005,2025-06-08,36,17,19,18.0,1.0,19.0,9.0,Normal
H007,D001,2025-02-19,60,60,0,30.0,3.0,12.0,12.0,Critical
H002,D008,2025-06-30,53,9,44,13.0,8.0,6.0,1.0,Limited
H001,D008,2025-04-21,11,6,5,31.0,23.0,30.0,12.0,Normal
H002,D003,2025-01-02,36,31,5,27.0,16.0,16.0,16.0,High Utilization
H006,D010,2025-12-03,48,46,2,16.0,8.0,27.0,8.0,Critical
H003,D001,2025-07-17,32,1,31,11.0,7.0,14.0,10.0,Limited
H004,D002,2025-06-06,35,5,30,5.0,5.0,26.0,17.0,Limited
H006,D009,2025-11-13,17,0,17,22.0,4.0,22.0,10.0,Limited
H003,D010,2025-03-23,44,16,28,7.0,0.0,19.0,16.0,Normal
H003,D006,2025-07-02,59,30,29,15.0,11.0,18.0,7.0,Normal
H002,D010,2025-05-01,41,32,9,28.0,11.0,18.0,14.0,High Utilization
H003,D001,2025-01-09,18,8,10,22.0,13.0,14.0,14.0,Normal
H005,D003,2025-02-25,34,34,0,18.0,3.0,5.0,4.0,Critical
H001,D010,2025-09-12,24,18,6,13.0,10.0,6.0,6.0,High Utilization
H006,D010,2025-03-19,19,1,18,34.0,1.0,16.0,6.0,Limited
H001,D007,2025-02-26,18,4,14,18.0,4.0,20.0,2.0,Limited
H005,D005,2025-11-12,14,3,11,28.0,12.0,19.0,17.0,Limited
H005,D003,2025-09-12,11,1,10,20.0,13.0,12.0,2.0,Limited
H004,D003,2025-05-03,30,30,0,40.0,18.0,24.0,15.0,Critical
H003,D006,2025-10-08,36,13,23,40.0,13.0,26.0,1.0,Normal
H003,D004,2025-12-19,27,5,22,40.0,0.0,11.0,1.0,Limited
H007,D006,2025-01-11,12,2,10,21.0,12.0,7.0,4.0,Limited
H006,D003,2025-07-28,50,13,37,24.0,5.0,22.0,7.0,Limited
H007,D009,2025-09-30,25,5,20,27.0,10.0,6.0,0.0,Limited
H006,D007,2025-09-25,14,8,6,23.0,5.0,15.0,5.0,Normal
H006,D003,2025-10-12,41,0,41,22.0,2.0,30.0,3.0,Limited
H005,D009,2025-12-01,13,1,12,8.0,1.0,17.0,6.0,Limited
H005,D009,2025-06-15,26,11,15,8.0,0.0,5.0,5.0,Normal
H006,D005,2025-05-30,22,15,7,20.0,16.0,27.0,22.0,Normal
H007,D009,2025-08-11,26,3,23,12.0,8.0,24.0,21.0,Limited
H003,D006,2025-11-14,34,31,3,33.0,19.0,12.0,4.0,Critical
H007,D003,2025-06-22,27,25,2,27.0,8.0,27.0,21.0,Critical
H007,D004,2025-11-08,12,0,12,6.0,1.0,20.0,6.0,Limited
H002,D003,2025-07-05,26,11,15,38.0,0.0,26.0,20.0,Normal
H005,D010,2025-01-11,35,31,4,5.0,4.0,27.0,15.0,High Utilization
H002,D001,2025-04-29,40,36,4,34.0,9.0,13.0,13.0,Critical
H002,D002,2025-12-06,51,30,21,7.0,3.0,6.0,1.0,Normal
H003,D005,2025-11-05,40,9,31,27.0,3.0,29.0,0.0,Limited
H004,D009,2025-06-05,45,18,27,5.0,5.0,5.0,0.0,Normal
H006,D007,2025-08-10,42,20,22,10.0,9.0,12.0,11.0,Normal
H005,D002,2025-08-31,27,6,21,18.0,3.0,30.0,3.0,Limited
H007,D002,2025-11-28,57,44,13,23.0,17.0,5.0,2.0,High Utilization
H007,D002,2025-05-13,59,7,52,37.0,8.0,18.0,3.0,Limited
H002,D005,2025-02-17,50,23,27,37.0,8.0,9.0,8.0,Normal
H006,D009,2025-08-23,40,4,36,9.0,3.0,12.0,10.0,Limited
H006,D008,2025-03-17,42,34,8,21.0,6.0,15.0,14.0,High Utilization
H006,D009,2025-05-21,23,16,7,26.0,24.0,25.0,14.0,Normal
H005,D007,2025-03-03,36,26,10,26.0,10.0,11.0,9.0,Normal
H002,D002,2025-02-07,43,24,19,15.0,8.0,27.0,6.0,Normal
H006,D004,2025-08-23,34,31,3,39.0,28.0,24.0,21.0,Critical
H007,D002,2025-02-06,47,39,8,20.0,3.0,24.0,12.0,High Utilization
H004,D006,2025-07-17,17,2,15,6.0,3.0,28.0,25.0,Limited
H001,D004,2025-05-14,60,40,20,7.0,4.0,29.0,29.0,Normal
H003,D005,2025-01-16,60,58,2,26.0,7.0,20.0,17.0,Critical
H001,D008,2025-06-24,39,16,23,12.0,12.0,19.0,19.0,Normal
H004,D007,2025-07-31,47,42,5,26.0,21.0,25.0,1.0,High Utilization
H001,D001,2025-12-19,36,28,8,38.0,28.0,12.0,8.0,High Utilization
H003,D004,2025-12-10,38,24,14,30.0,24.0,13.0,1.0,Normal
H001,D001,2025-09-17,58,43,15,33.0,5.0,6.0,3.0,Normal
H004,D002,2025-12-26,32,32,0,39.0,31.0,5.0,2.0,Critical
H002,D010,2025-06-22,53,23,30,24.0,17.0,14.0,8.0,Normal
H006,D007,2025-12-08,21,14,7,13.0,0.0,17.0,11.0,Normal
H007,D002,2025-09-26,47,22,25,38.0,16.0,9.0,9.0,Normal
H005,D001,2025-05-17,54,50,4,33.0,22.0,23.0,10.0,Critical
H002,D001,2025-10-14,12,11,1,35.0,7.0,25.0,14.0,Critical
H006,D009,2025-10-10,57,51,6,9.0,9.0,20.0,12.0,High Utilization
H001,D007,2025-05-11,36,22,14,34.0,8.0,7.0,1.0,Normal
H002,D002,2025-10-17,53,33,20,13.0,12.0,7.0,1.0,Normal
H004,D004,2025-03-09,51,33,18,40.0,6.0,21.0,11.0,Normal
H004,D003,2025-03-31,16,15,1,14.0,5.0,28.0,8.0,Critical
H003,D008,2025-10-11,18,6,12,18.0,15.0,24.0,15.0,Normal
H006,D005,2025-04-30,14,8,6,27.0,11.0,9.0,5.0,Normal
H002,D004,2025-10-08,24,10,14,18.0,17.0,13.0,1.0,Normal
H004,D010,2025-09-07,57,11,46,6.0,5.0,22.0,2.0,Limited
H004,D003,2025-01-12,58,12,46,25.0,8.0,25.0,8.0,Limited
H003,D004,2025-07-08,36,25,11,9.0,4.0,9.0,0.0,Normal
H005,D006,2025-12-19,18,16,2,22.0,7.0,5.0,2.0,High Utilization
H001,D009,2025-08-18,26,5,21,13.0,10.0,18.0,10.0,Limited
H002,D006,2025-07-15,36,2,34,36.0,10.0,24.0,22.0,Limited
H006,D005,2025-01-18,11,5,6,16.0,9.0,25.0,21.0,Normal
H006,D009,2025-12-15,58,14,44,12.0,4.0,22.0,2.0,Limited
H006,D009,2025-08-08,52,18,34,36.0,19.0,24.0,9.0,Normal
H003,D005,2025-06-21,53,26,27,16.0,6.0,10.0,6.0,Normal
H003,D010,2025-02-07,17,6,11,27.0,24.0,30.0,13.0,Normal
H006,D008,2025-02-26,51,15,36,16.0,1.0,21.0,18.0,Limited
H004,D008,2025-10-21,15,13,2,6.0,3.0,27.0,6.0,High Utilization
H006,D009,2025-12-08,11,0,11,10.0,2.0,22.0,1.0,Limited
H001,D010,2025-11-02,45,41,4,9.0,7.0,5.0,5.0,Critical
H006,D010,2025-08-07,46,4,42,16.0,1.0,8.0,3.0,Limited
H007,D005,2025-08-15,32,2,30,6.0,5.0,10.0,9.0,Limited
H006,D007,2025-06-28,33,20,13,29.0,24.0,20.0,15.0,Normal
H007,D004,2025-09-02,13,8,5,17.0,11.0,25.0,8.0,Normal
H004,D006,2025-12-31,43,13,30,5.0,1.0,19.0,3.0,Normal
H001,D009,2025-12-14,31,1,30,22.0,16.0,16.0,9.0,Limited
H002,D007,2025-08-29,26,2,24,18.0,15.0,14.0,6.0,Limited
H004,D005,2025-10-25,16,13,3,36.0,7.0,28.0,11.0,High Utilization
H006,D010,2025-02-22,23,20,3,32.0,16.0,7.0,2.0,High Utilization
H001,D002,2025-10-17,11,1,10,7.0,1.0,17.0,7.0,Limited
H006,D005,2025-08-04,40,6,34,14.0,10.0,11.0,11.0,Limited
H003,D006,2025-05-15,39,38,1,35.0,3.0,11.0,2.0,Critical
H004,D010,2025-04-25,13,3,10,16.0,0.0,22.0,3.0,Limited
H006,D006,2025-04-21,12,11,1,12.0,4.0,25.0,20.0,Critical
H002,D001,2025-12-05,23,13,10,22.0,6.0,27.0,21.0,Normal
H001,D006,2025-05-08,53,47,6,11.0,9.0,7.0,0.0,High Utilization
H003,D004,2025-09-02,24,7,17,36.0,29.0,24.0,19.0,Limited
H002,D008,2025-04-12,46,27,19,31.0,30.0,26.0,4.0,Normal
H002,D010,2025-09-15,15,8,7,38.0,3.0,9.0,2.0,Normal
H007,D004,2025-04-25,11,8,3,9.0,6.0,11.0,4.0,Normal
H002,D007,2025-09-02,35,32,3,17.0,14.0,25.0,7.0,Critical
H002,D002,2025-08-16,32,13,19,32.0,30.0,19.0,11.0,Normal
H002,D007,2025-07-03,47,4,43,20.0,0.0,29.0,0.0,Limited
H002,D005,2025-02-05,20,19,1,24.0,8.0,11.0,5.0,Critical
H003,D004,2025-07-30,51,28,23,13.0,12.0,26.0,13.0,Normal
H004,D003,2025-11-10,19,18,1,26.0,21.0,20.0,19.0,Critical
H006,D007,2025-09-23,56,50,6,32.0,32.0,24.0,11.0,High Utilization
H006,D002,2025-04-27,15,9,6,14.0,9.0,7.0,5.0,Normal
H002,D004,2025-11-20,53,22,31,40.0,16.0,15.0,11.0,Normal
H007,D002,2025-10-18,40,8,32,15.0,3.0,6.0,5.0,Limited
H003,D002,2025-01-25,51,31,20,24.0,7.0,27.0,4.0,Normal
H004,D007,2025-01-28,20,4,16,22.0,17.0,28.0,1.0,Limited
H003,D005,2025-09-01,40,8,32,11.0,1.0,21.0,6.0,Limited
H005,D002,2025-08-05,45,34,11,34.0,23.0,15.0,5.0,High Utilization
H004,D009,2025-09-06,50,3,47,24.0,1.0,10.0,2.0,Limited
H002,D005,2025-03-29,23,20,3,7.0,1.0,18.0,15.0,High Utilization
H006,D004,2025-09-13,11,7,4,30.0,27.0,23.0,12.0,Normal
H002,D009,2025-09-12,39,25,14,40.0,16.0,30.0,23.0,Normal
H004,D005,2025-08-21,18,11,7,11.0,2.0,27.0,3.0,Normal
H003,D006,2025-07-18,56,5,51,6.0,2.0,7.0,3.0,Limited
H001,D008,2025-07-13,27,24,3,39.0,9.0,11.0,10.0,High Utilization
H006,D002,2025-01-27,10,3,7,5.0,5.0,21.0,10.0,Limited
H007,D008,2025-05-15,39,7,32,28.0,22.0,29.0,8.0,Limited
H002,D004,2025-10-05,46,15,31,11.0,10.0,16.0,7.0,Normal
H002,D002,2025-05-02,54,14,40,8.0,5.0,19.0,2.0,Limited
H007,D003,2025-05-20,59,51,8,30.0,21.0,28.0,13.0,High Utilization
H007,D005,2025-07-04,25,0,25,33.0,18.0,28.0,23.0,Limited
H006,D009,2025-02-11,38,10,28,24.0,8.0,9.0,2.0,Limited
H002,D010,2025-09-28,27,26,1,33.0,16.0,12.0,3.0,Critical
H004,D002,2025-02-27,32,7,25,26.0,14.0,11.0,1.0,Limited
H001,D010,2025-08-10,18,9,9,24.0,9.0,5.0,0.0,Normal
H003,D003,2025-08-22,48,23,25,22.0,20.0,24.0,6.0,Normal
H002,D001,2025-03-03,42,34,8,16.0,8.0,10.0,0.0,High Utilization
H006,D006,2025-07-08,50,1,49,35.0,32.0,12.0,10.0,Limited
H006,D004,2025-10-18,18,8,10,31.0,20.0,21.0,8.0,Normal
H005,D003,2025-11-11,12,7,5,7.0,6.0,19.0,2.0,Normal
H004,D009,2025-03-18,29,7,22,8.0,5.0,17.0,13.0,Limited
H005,D005,2025-08-08,16,12,4,39.0,38.0,22.0,6.0,High Utilization
H006,D001,2025-12-07,42,12,30,39.0,36.0,5.0,2.0,Limited
H006,D001,2025-04-11,22,0,22,16.0,9.0,7.0,5.0,Limited
H003,D008,2025-07-26,23,6,17,26.0,18.0,20.0,11.0,Limited
H002,D001,2025-08-10,22,11,11,36.0,31.0,9.0,0.0,Normal
H002,D008,2025-12-27,27,20,7,23.0,20.0,8.0,6.0,Normal
H003,D001,2025-06-12,11,10,1,24.0,4.0,13.0,11.0,Critical
H005,D007,2025-01-25,35,30,5,19.0,13.0,11.0,2.0,High Utilization
H004,D008,2025-01-01,54,45,9,13.0,4.0,16.0,2.0,High Utilization
H002,D008,2025-12-18,56,6,50,7.0,1.0,23.0,21.0,Limited
H004,D001,2025-12-27,10,2,8,31.0,26.0,24.0,16.0,Limited
H006,D006,2025-02-02,47,8,39,14.0,12.0,10.0,1.0,Limited
H002,D003,2025-02-22,40,2,38,14.0,13.0,19.0,4.0,Limited
H005,D003,2025-01-12,44,44,0,37.0,10.0,24.0,0.0,Critical
H006,D001,2025-02-18,40,18,22,30.0,23.0,24.0,23.0,Normal
H003,D002,2025-07-01,16,13,3,16.0,14.0,22.0,13.0,High Utilization
H004,D004,2025-07-15,57,31,26,27.0,0.0,20.0,11.0,Normal
H004,D005,2025-01-28,59,6,53,36.0,8.0,12.0,4.0,Limited
H004,D008,2025-12-21,42,18,24,26.0,5.0,14.0,0.0,Normal
H002,D003,2025-10-21,49,4,45,14.0,0.0,26.0,3.0,Limited
H005,D010,2025-10-16,53,9,44,6.0,5.0,15.0,11.0,Limited
H004,D002,2025-07-05,38,17,21,5.0,0.0,25.0,3.0,Normal
H005,D009,2025-06-10,16,14,2,18.0,17.0,25.0,11.0,High Utilization
H004,D007,2025-03-15,30,11,19,15.0,7.0,14.0,11.0,Normal
H003,D007,2025-10-20,24,11,13,12.0,3.0,5.0,1.0,Normal
H007,D002,2025-04-12,30,10,20,27.0,25.0,18.0,7.0,Normal
H004,D005,2025-07-07,17,16,1,38.0,37.0,12.0,4.0,Critical
H003,D010,2025-12-11,13,2,11,17.0,16.0,29.0,26.0,Limited
H002,D004,2025-11-12,23,11,12,7.0,0.0,16.0,8.0,Normal
H003,D010,2025-03-22,19,17,2,17.0,13.0,8.0,3.0,High Utilization
H005,D009,2025-07-13,19,6,13,25.0,9.0,17.0,14.0,Normal
H002,D004,2025-09-27,23,10,13,27.0,8.0,24.0,13.0,Normal
H007,D009,2025-05-14,12,0,12,25.0,2.0,15.0,12.0,Limited
H007,D008,2025-03-05,19,2,17,11.0,11.0,22.0,10.0,Limited
H005,D008,2025-02-17,56,12,44,21.0,19.0,6.0,3.0,Limited
H007,D008,2025-11-26,51,20,31,36.0,24.0,20.0,2.0,Normal
H006,D002,2025-09-08,48,11,37,31.0,14.0,12.0,4.0,Limited
H006,D008,2025-11-02,20,20,0,26.0,17.0,25.0,22.0,Critical
H001,D002,2025-03-21,47,2,45,11.0,8.0,29.0,28.0,Limited
H002,D006,2025-06-01,43,7,36,40.0,23.0,14.0,8.0,Limited
H005,D008,2025-06-19,16,4,12,15.0,8.0,14.0,9.0,Limited
H004,D010,2025-05-05,26,26,0,19.0,6.0,20.0,17.0,Critical
H006,D006,2025-08-12,46,22,24,18.0,9.0,12.0,2.0,Normal
H001,D009,2025-10-13,24,23,1,33.0,9.0,29.0,24.0,Critical
H007,D006,2025-06-10,34,2,32,29.0,29.0,27.0,15.0,Limited
H007,D002,2025-09-18,53,39,14,10.0,10.0,19.0,4.0,Normal
H002,D005,2025-01-06,11,10,1,5.0,3.0,9.0,1.0,Critical
H001,D010,2025-03-11,21,5,16,24.0,12.0,29.0,5.0,Limited
H003,D009,2025-06-07,20,9,11,10.0,1.0,6.0,6.0,Normal
H005,D005,2025-06-26,49,9,40,30.0,22.0,25.0,18.0,Limited
H001,D002,2025-01-04,58,46,12,18.0,18.0,5.0,1.0,High Utilization
H002,D001,2025-10-30,36,32,4,40.0,2.0,27.0,8.0,High Utilization
H001,D002,2025-09-03,12,1,11,24.0,6.0,5.0,2.0,Limited
H003,D002,2025-10-30,10,6,4,19.0,9.0,29.0,15.0,Normal
H005,D008,2025-07-03,12,12,0,39.0,12.0,29.0,8.0,Critical
H004,D006,2025-06-27,50,4,46,34.0,17.0,26.0,6.0,Limited
H007,D003,2025-05-10,24,14,10,25.0,21.0,7.0,7.0,Normal
H006,D010,2025-03-19,36,20,16,14.0,8.0,26.0,23.0,Normal
H006,D001,2025-01-06,35,34,1,14.0,12.0,7.0,7.0,Critical
H004,D002,2025-04-26,49,12,37,18.0,9.0,18.0,4.0,Limited
H005,D003,2025-10-10,57,4,53,8.0,7.0,30.0,22.0,Limited
H005,D009,2025-05-09,51,29,22,6.0,5.0,23.0,16.0,Normal
H003,D010,2025-03-08,52,26,26,11.0,9.0,13.0,1.0,Normal
H006,D004,2025-12-21,16,9,7,16.0,8.0,15.0,13.0,Normal
H005,D010,2025-07-27,31,4,27,32.0,6.0,18.0,13.0,Limited
H005,D006,2025-03-15,23,9,14,19.0,2.0,23.0,8.0,Normal
H007,D005,2025-08-02,33,0,33,22.0,22.0,21.0,15.0,Limited
H001,D004,2025-12-18,59,58,1,17.0,6.0,15.0,13.0,Critical
H003,D009,2025-07-30,59,48,11,24.0,8.0,23.0,7.0,High Utilization
H007,D001,2025-07-31,26,21,5,20.0,10.0,23.0,6.0,High Utilization
H001,D010,2025-08-11,23,7,16,16.0,5.0,24.0,16.0,Normal
H005,D010,2025-01-28,19,12,7,6.0,4.0,29.0,27.0,Normal
H001,D005,2025-10-02,32,26,6,23.0,6.0,9.0,0.0,High Utilization
H006,D007,2025-11-19,31,23,8,28.0,18.0,18.0,16.0,Normal
H006,D005,2025-03-10,56,31,25,33.0,5.0,22.0,13.0,Normal
H007,D008,2025-05-24,25,19,6,31.0,10.0,10.0,9.0,High Utilization
H003,D004,2025-09-26,23,14,9,34.0,22.0,10.0,2.0,Normal
H004,D005,2025-02-02,27,24,3,13.0,8.0,10.0,4.0,High Utilization
H006,D002,2025-03-02,17,13,4,34.0,31.0,30.0,8.0,High Utilization
H001,D008,2025-09-20,32,22,10,19.0,5.0,20.0,15.0,Normal
H003,D003,2025-05-23,16,6,10,18.0,11.0,18.0,14.0,Normal
H005,D007,2025-04-22,59,41,18,38.0,18.0,20.0,13.0,Normal
H002,D001,2025-11-06,44,31,13,39.0,12.0,12.0,3.0,Normal
H003,D008,2025-10-23,17,16,1,6.0,3.0,12.0,2.0,Critical
H007,D001,2025-08-31,42,38,4,35.0,31.0,27.0,27.0,Critical
H006,D002,2025-07-23,19,5,14,19.0,1.0,22.0,16.0,Limited
H002,D007,2025-10-07,40,15,25,23.0,23.0,5.0,1.0,Normal
H007,D003,2025-03-13,47,38,9,25.0,25.0,28.0,22.0,High Utilization
H003,D007,2025-01-04,27,16,11,15.0,2.0,11.0,3.0,Normal
H005,D005,2025-03-19,18,9,9,13.0,9.0,12.0,2.0,Normal
H006,D006,2025-06-20,50,30,20,7.0,0.0,25.0,17.0,Normal
H003,D008,2025-08-24,46,31,15,5.0,1.0,15.0,9.0,Normal
H004,D006,2025-05-14,12,7,5,37.0,34.0,15.0,13.0,Normal
H001,D010,2025-07-15,14,6,8,29.0,24.0,12.0,8.0,Normal
H003,D007,2025-01-31,22,15,7,31.0,12.0,26.0,3.0,Normal
H004,D002,2025-07-06,21,20,1,11.0,4.0,25.0,2.0,Critical
H007,D009,2025-09-14,32,3,29,8.0,2.0,30.0,19.0,Limited
H002,D003,2025-11-16,12,1,11,31.0,11.0,7.0,0.0,Limited
H002,D004,2025-05-19,53,22,31,7.0,2.0,26.0,6.0,Normal
H005,D003,2025-09-17,10,4,6,34.0,1.0,23.0,5.0,Normal
H006,D009,2025-12-17,54,29,25,15.0,2.0,9.0,1.0,Normal
H002,D006,2025-03-08,33,8,25,33.0,31.0,17.0,0.0,Limited
H002,D006,2025-01-03,11,10,1,26.0,17.0,5.0,4.0,Critical
H006,D002,2025-06-28,40,27,13,11.0,0.0,22.0,5.0,Normal
H001,D007,2025-10-29,42,14,28,32.0,26.0,25.0,9.0,Normal
H007,D004,2025-09-14,13,5,8,24.0,0.0,19.0,3.0,Normal
H004,D003,2025-02-03,35,9,26,33.0,24.0,10.0,2.0,Limited
H007,D005,2025-11-17,36,11,25,8.0,4.0,11.0,10.0,Normal
H004,D010,2025-02-17,25,14,11,16.0,5.0,24.0,3.0,Normal
H003,D001,2025-09-20,33,18,15,40.0,37.0,16.0,16.0,Normal
H002,D002,2025-11-15,48,7,41,33.0,28.0,12.0,7.0,Limited
H007,D008,2025-11-17,58,38,20,28.0,19.0,12.0,5.0,Normal
H002,D006,2025-06-23,33,12,21,40.0,32.0,14.0,12.0,Normal
H006,D004,2025-08-21,24,9,15,36.0,20.0,11.0,10.0,Normal
H001,D008,2025-05-18,58,15,43,31.0,19.0,27.0,23.0,Limited
H004,D003,2025-05-12,56,48,8,29.0,24.0,24.0,8.0,High Utilization
H003,D003,2025-12-07,51,5,46,25.0,9.0,11.0,8.0,Limited
H003,D008,2025-12-13,43,17,26,36.0,29.0,19.0,7.0,Normal
H005,D007,2025-05-09,17,16,1,20.0,20.0,26.0,16.0,Critical
H003,D001,2025-07-11,22,14,8,38.0,27.0,11.0,0.0,Normal
H003,D005,2025-09-30,10,4,6,33.0,26.0,19.0,15.0,Normal
H001,D009,2025-02-17,27,13,14,13.0,10.0,19.0,15.0,Normal
H001,D006,2025-02-01,52,1,51,9.0,3.0,29.0,4.0,Limited
H005,D009,2025-09-17,47,25,22,26.0,14.0,7.0,4.0,Normal
H001,D003,2025-02-22,39,17,22,26.0,6.0,22.0,22.0,Normal
H005,D008,2025-03-15,25,9,16,40.0,18.0,19.0,3.0,Normal
H005,D004,2025-12-08,10,2,8,14.0,2.0,28.0,19.0,Limited
H005,D010,2025-05-12,46,9,37,15.0,1.0,19.0,7.0,Limited
H007,D004,2025-07-31,17,12,5,36.0,19.0,7.0,4.0,Normal
H007,D006,2025-11-24,59,34,25,31.0,6.0,13.0,8.0,Normal
H001,D002,2025-08-11,49,1,48,20.0,10.0,28.0,11.0,Limited
H004,D004,2025-07-03,42,31,11,15.0,7.0,17.0,7.0,Normal
H004,D001,2025-11-06,28,7,21,30.0,12.0,15.0,3.0,Limited
H007,D002,2025-10-01,59,26,33,21.0,10.0,8.0,6.0,Normal
H005,D010,2025-10-01,15,9,6,32.0,7.0,5.0,3.0,Normal
H003,D010,2025-07-28,59,52,7,31.0,21.0,13.0,0.0,High Utilization
H007,D002,2025-11-17,13,3,10,10.0,2.0,21.0,13.0,Limited
H002,D008,2025-09-17,16,6,10,32.0,8.0,9.0,7.0,Normal
H006,D006,2025-05-06,43,10,33,28.0,25.0,17.0,14.0,Limited
H006,D001,2025-08-21,24,18,6,34.0,24.0,5.0,0.0,High Utilization
H001,D010,2025-09-27,40,16,24,14.0,9.0,13.0,11.0,Normal
H001,D010,2025-02-27,50,10,40,40.0,10.0,25.0,18.0,Limited
H001,D008,2025-07-12,27,7,20,40.0,19.0,9.0,8.0,Limited
H001,D010,2025-03-28,11,5,6,12.0,4.0,13.0,11.0,Normal
H002,D008,2025-02-26,34,15,19,9.0,5.0,19.0,14.0,Normal
H007,D002,2025-12-09,59,29,30,29.0,17.0,30.0,3.0,Normal
H004,D003,2025-12-05,19,11,8,25.0,8.0,11.0,9.0,Normal
H001,D003,2025-03-01,33,7,26,34.0,28.0,5.0,3.0,Limited
H005,D004,2025-08-09,10,8,2,37.0,18.0,20.0,0.0,High Utilization
H007,D007,2025-05-27,34,4,30,11.0,3.0,21.0,8.0,Limited
H003,D006,2025-06-02,14,12,2,33.0,9.0,28.0,28.0,High Utilization
H003,D008,2025-12-02,28,23,5,28.0,12.0,18.0,13.0,High Utilization
H004,D006,2025-02-12,56,44,12,24.0,0.0,27.0,10.0,High Utilization
H007,D003,2025-09-30,36,35,1,21.0,7.0,11.0,8.0,Critical
H001,D002,2025-09-17,27,22,5,19.0,12.0,14.0,6.0,High Utilization
H001,D009,2025-11-08,22,13,9,23.0,18.0,8.0,3.0,Normal
H006,D002,2025-12-10,14,10,4,26.0,10.0,24.0,16.0,Normal
H006,D004,2025-10-29,17,14,3,21.0,19.0,19.0,0.0,High Utilization
H004,D001,2025-10-27,10,0,10,36.0,7.0,26.0,6.0,Limited
H006,D005,2025-09-03,55,47,8,34.0,5.0,30.0,0.0,High Utilization
H007,D003,2025-02-04,51,20,31,33.0,2.0,8.0,6.0,Normal
H007,D002,2025-11-03,54,33,21,36.0,25.0,20.0,19.0,Normal
H004,D005,2025-04-28,28,1,27,25.0,8.0,26.0,21.0,Limited
H004,D004,2025-12-12,27,4,23,17.0,12.0,5.0,5.0,Limited
H002,D007,2025-07-21,36,15,21,25.0,0.0,15.0,15.0,Normal
H001,D006,2025-12-16,44,11,33,13.0,11.0,5.0,5.0,Limited
H003,D002,2025-06-21,60,44,16,40.0,18.0,27.0,11.0,Normal
H002,D009,2025-08-28,36,0,36,33.0,26.0,18.0,0.0,Limited
H003,D009,2025-04-08,37,31,6,17.0,7.0,11.0,9.0,High Utilization
H005,D007,2025-10-21,11,8,3,40.0,35.0,10.0,5.0,Normal
H001,D009,2025-11-11,41,13,28,22.0,16.0,17.0,1.0,Normal
H005,D002,2025-06-13,13,10,3,29.0,23.0,14.0,0.0,High Utilization
H001,D009,2025-04-27,49,41,8,25.0,25.0,9.0,0.0,High Utilization
H002,D007,2025-10-21,54,37,17,28.0,18.0,17.0,2.0,Normal
H001,D002,2025-02-21,21,3,18,13.0,4.0,25.0,9.0,Limited
H003,D002,2025-11-18,45,33,12,32.0,27.0,27.0,26.0,Normal
H004,D006,2025-10-10,38,13,25,10.0,4.0,26.0,26.0,Normal
H006,D006,2025-10-17,57,6,51,33.0,4.0,15.0,2.0,Limited
H005,D005,2025-08-01,15,4,11,16.0,0.0,18.0,13.0,Limited
H005,D008,2025-09-22,40,31,9,32.0,30.0,23.0,12.0,High Utilization
H001,D010,2025-11-25,46,21,25,35.0,6.0,14.0,12.0,Normal
H007,D006,2025-09-03,43,20,23,15.0,15.0,27.0,4.0,Normal
H007,D004,2025-06-02,20,0,20,27.0,1.0,25.0,1.0,Limited
H006,D001,2025-08-20,46,45,1,27.0,13.0,8.0,1.0,Critical
H002,D009,2025-06-10,42,22,20,34.0,28.0,5.0,1.0,Normal
H005,D003,2025-02-08,39,0,39,12.0,5.0,23.0,21.0,Limited
H005,D004,2025-04-11,21,9,12,17.0,17.0,13.0,5.0,Normal
H002,D003,2025-07-23,38,23,15,5.0,3.0,10.0,0.0,Normal
H006,D003,2025-01-07,50,7,43,22.0,1.0,12.0,3.0,Limited
H002,D009,2025-11-21,22,15,7,23.0,1.0,15.0,2.0,Normal
H006,D010,2025-12-25,42,25,17,20.0,8.0,6.0,2.0,Normal
H006,D006,2025-08-09,22,10,12,27.0,8.0,10.0,0.0,Normal
H002,D010,2025-04-12,22,10,12,17.0,12.0,13.0,3.0,Normal
H001,D001,2025-06-07,49,25,24,39.0,31.0,25.0,23.0,Normal
H005,D002,2025-04-11,58,11,47,14.0,0.0,22.0,20.0,Limited
H002,D006,2025-06-19,33,6,27,25.0,21.0,10.0,1.0,Limited
H007,D004,2025-05-13,55,50,5,13.0,1.0,13.0,2.0,Critical
H006,D005,2025-12-09,43,26,17,9.0,5.0,24.0,5.0,Normal
H003,D003,2025-09-30,27,22,5,7.0,0.0,12.0,10.0,High Utilization
H004,D006,2025-01-02,45,0,45,25.0,17.0,24.0,4.0,Limited
H004,D006,2025-12-31,54,34,20,25.0,8.0,18.0,1.0,Normal
H003,D004,2025-07-21,34,31,3,18.0,3.0,18.0,14.0,Critical
H005,D005,2025-02-28,52,4,48,29.0,2.0,12.0,1.0,Limited
H001,D005,2025-03-10,30,30,0,29.0,4.0,11.0,6.0,Critical
H002,D006,2025-05-11,41,1,40,14.0,11.0,17.0,11.0,Limited
H005,D006,2025-09-16,16,9,7,34.0,6.0,9.0,2.0,Normal
H005,D007,2025-03-30,49,15,34,16.0,15.0,18.0,15.0,Normal
H007,D010,2025-06-15,17,16,1,14.0,1.0,28.0,21.0,Critical
H005,D007,2025-04-10,14,12,2,24.0,20.0,12.0,0.0,High Utilization
H007,D008,2025-12-22,54,12,42,10.0,0.0,27.0,6.0,Limited
H006,D009,2025-09-25,38,19,19,38.0,28.0,17.0,6.0,Normal
H002,D007,2025-02-05,43,17,26,8.0,7.0,17.0,12.0,Normal
H007,D004,2025-03-31,40,4,36,21.0,15.0,19.0,17.0,Limited
H007,D008,2025-12-04,23,10,13,7.0,2.0,18.0,11.0,Normal
H004,D007,2025-01-01,20,5,15,12.0,1.0,26.0,1.0,Limited
H003,D002,2025-01-05,23,7,16,5.0,0.0,24.0,17.0,Normal
H007,D002,2025-11-07,58,29,29,30.0,3.0,22.0,10.0,Normal
H002,D007,2025-03-16,42,37,5,35.0,16.0,11.0,11.0,High Utilization
H007,D004,2025-05-30,21,5,16,9.0,9.0,24.0,2.0,Limited
H005,D003,2025-08-17,36,0,36,26.0,16.0,20.0,17.0,Limited
H002,D002,2025-03-30,26,7,19,14.0,0.0,28.0,10.0,Limited
H001,D001,2025-05-06,54,25,29,7.0,7.0,26.0,6.0,Normal
H003,D005,2025-06-16,22,10,12,17.0,5.0,13.0,4.0,Normal
H002,D001,2025-06-12,58,30,28,6.0,4.0,24.0,11.0,Normal
H006,D005,2025-04-01,35,3,32,21.0,19.0,9.0,7.0,Limited
H007,D008,2025-01-10,23,21,2,14.0,6.0,11.0,1.0,Critical
H006,D002,2025-07-05,48,5,43,35.0,26.0,7.0,2.0,Limited
H007,D003,2025-03-07,41,17,24,32.0,0.0,6.0,0.0,Normal
H001,D006,2025-09-17,54,36,18,23.0,0.0,24.0,8.0,Normal
H007,D004,2025-02-26,22,3,19,9.0,6.0,24.0,3.0,Limited
H001,D005,2025-03-06,48,1,47,16.0,16.0,6.0,6.0,Limited
H004,D007,2025-02-20,47,28,19,26.0,7.0,11.0,2.0,Normal
H001,D001,2025-11-23,31,4,27,15.0,8.0,21.0,13.0,Limited
H005,D002,2025-07-08,32,7,25,28.0,2.0,12.0,12.0,Limited
H004,D009,2025-12-07,23,1,22,25.0,1.0,13.0,4.0,Limited
H001,D006,2025-11-16,16,6,10,18.0,0.0,20.0,14.0,Normal
H006,D006,2025-09-17,12,8,4,12.0,4.0,30.0,12.0,Normal
H002,D003,2025-01-05,45,43,2,26.0,13.0,28.0,23.0,Critical
H007,D007,2025-07-08,15,11,4,27.0,20.0,8.0,6.0,Normal
H003,D008,2025-02-17,30,17,13,38.0,12.0,26.0,4.0,Normal
H005,D003,2025-01-25,12,0,12,19.0,16.0,22.0,20.0,Limited
H003,D007,2025-02-25,49,38,11,19.0,16.0,23.0,12.0,High Utilization
H005,D003,2025-04-17,11,3,8,28.0,3.0,23.0,8.0,Limited
H005,D009,2025-05-17,30,29,1,21.0,19.0,30.0,30.0,Critical
H002,D006,2025-03-25,19,16,3,9.0,6.0,28.0,3.0,High Utilization
H002,D008,2025-07-02,16,12,4,24.0,18.0,24.0,16.0,High Utilization
H005,D001,2025-08-21,21,13,8,18.0,9.0,21.0,11.0,Normal
H002,D006,2025-08-09,48,7,41,35.0,13.0,11.0,9.0,Limited
H005,D001,2025-02-06,53,31,22,34.0,5.0,21.0,17.0,Normal
H006,D005,2025-08-23,40,6,34,28.0,0.0,13.0,12.0,Limited
H005,D008,2025-05-22,34,0,34,36.0,25.0,25.0,23.0,Limited
H004,D002,2025-10-21,14,1,13,35.0,11.0,10.0,8.0,Limited
H002,D009,2025-01-29,12,12,0,26.0,6.0,12.0,1.0,Critical
H006,D008,2025-01-05,15,9,6,9.0,5.0,16.0,2.0,Normal
H004,D003,2025-11-03,45,30,15,31.0,15.0,15.0,15.0,Normal
H005,D007,2025-10-17,54,48,6,37.0,14.0,15.0,4.0,High Utilization
H003,D004,2025-01-22,42,24,18,34.0,20.0,6.0,0.0,Normal
H004,D006,2025-05-21,10,4,6,14.0,11.0,22.0,7.0,Normal
H001,D010,2025-08-02,55,8,47,30.0,19.0,9.0,2.0,Limited
H005,D008,2025-04-08,14,12,2,11.0,2.0,23.0,23.0,High Utilization
H007,D010,2025-02-16,37,32,5,36.0,35.0,25.0,6.0,High Utilization
H003,D003,2025-05-31,39,4,35,38.0,28.0,28.0,2.0,Limited
H006,D004,2025-11-23,16,0,16,26.0,3.0,25.0,20.0,Limited
H007,D004,2025-01-19,32,27,5,36.0,27.0,21.0,1.0,High Utilization
H005,D009,2025-04-22,59,19,40,23.0,20.0,15.0,1.0,Normal
H002,D005,2025-10-03,18,4,14,5.0,4.0,30.0,9.0,Limited
H006,D001,2025-02-04,53,8,45,31.0,18.0,13.0,6.0,Limited
H004,D009,2025-07-23,55,25,30,27.0,4.0,9.0,8.0,Normal
H003,D001,2025-07-04,15,0,15,21.0,6.0,13.0,12.0,Limited
H003,D001,2025-11-19,33,4,29,35.0,18.0,24.0,3.0,Limited
H001,D006,2025-12-22,60,2,58,13.0,4.0,12.0,2.0,Limited
H002,D007,2025-05-23,14,14,0,29.0,11.0,17.0,15.0,Critical
H005,D003,2025-11-21,43,8,35,16.0,6.0,11.0,7.0,Limited
H003,D007,2025-05-27,30,25,5,14.0,7.0,6.0,6.0,High Utilization
H001,D007,2025-09-03,10,0,10,33.0,18.0,6.0,3.0,Limited
H007,D007,2025-08-23,30,5,25,38.0,35.0,26.0,25.0,Limited
H002,D006,2025-08-23,55,45,10,11.0,9.0,12.0,2.0,High Utilization
H005,D003,2025-11-02,47,27,20,19.0,2.0,22.0,16.0,Normal
H004,D006,2025-10-21,37,0,37,30.0,20.0,26.0,3.0,Limited
H001,D007,2025-04-22,30,13,17,16.0,6.0,26.0,17.0,Normal
H001,D009,2025-04-23,37,3,34,37.0,2.0,17.0,1.0,Limited
H003,D007,2025-06-27,37,12,25,21.0,17.0,11.0,7.0,Normal
H003,D003,2025-03-13,46,13,33,7.0,1.0,8.0,7.0,Limited
H002,D003,2025-09-06,18,2,16,38.0,38.0,21.0,4.0,Limited
H007,D009,2025-01-08,49,35,14,10.0,6.0,18.0,0.0,Normal
H004,D002,2025-12-14,13,8,5,25.0,16.0,27.0,23.0,Normal
H001,D005,2025-04-27,39,8,31,13.0,4.0,19.0,5.0,Limited
H002,D005,2025-07-04,44,44,0,37.0,17.0,23.0,1.0,Critical
H003,D002,2025-03-06,34,33,1,27.0,8.0,6.0,1.0,Critical
H005,D007,2025-12-09,17,17,0,37.0,13.0,13.0,11.0,Critical
H003,D008,2025-06-09,24,12,12,26.0,19.0,28.0,9.0,Normal
H002,D009,2025-04-23,31,7,24,30.0,18.0,11.0,1.0,Limited
H002,D009,2025-10-16,33,24,9,10.0,0.0,11.0,5.0,Normal
H001,D003,2025-09-08,16,16,0,36.0,1.0,30.0,19.0,Critical
H003,D001,2025-06-13,45,19,26,7.0,4.0,5.0,5.0,Normal
H007,D007,2025-09-22,25,8,17,32.0,3.0,24.0,0.0,Normal
H005,D005,2025-07-23,43,14,29,23.0,16.0,10.0,10.0,Normal
H002,D009,2025-01-15,39,28,11,38.0,23.0,10.0,7.0,Normal
H001,D004,2025-04-27,17,0,17,28.0,22.0,24.0,21.0,Limited
H001,D003,2025-06-06,58,46,12,19.0,16.0,19.0,5.0,High Utilization
H002,D010,2025-01-17,10,0,10,12.0,11.0,23.0,13.0,Limited
H006,D001,2025-06-24,20,5,15,35.0,10.0,6.0,2.0,Limited
H003,D003,2025-08-10,42,22,20,31.0,20.0,16.0,0.0,Normal
H003,D007,2025-12-02,32,12,20,33.0,23.0,17.0,7.0,Normal
H001,D005,2025-08-05,57,21,36,36.0,6.0,30.0,4.0,Normal
H005,D007,2025-12-04,59,33,26,15.0,15.0,26.0,0.0,Normal
H006,D006,2025-03-25,43,25,18,11.0,1.0,6.0,2.0,Normal
H007,D003,2025-03-06,21,21,0,39.0,29.0,8.0,1.0,Critical
H006,D008,2025-11-17,12,8,4,38.0,22.0,13.0,8.0,Normal
H007,D002,2025-01-04,21,10,11,38.0,7.0,9.0,7.0,Normal
H005,D002,2025-10-16,42,19,23,38.0,17.0,20.0,20.0,Normal
H001,D008,2025-08-01,45,36,9,23.0,14.0,24.0,1.0,High Utilization
H004,D001,2025-04-25,16,11,5,40.0,32.0,30.0,15.0,Normal
H002,D001,2025-06-25,33,9,24,21.0,2.0,16.0,15.0,Limited
H005,D003,2025-02-25,43,6,37,25.0,22.0,19.0,15.0,Limited
H004,D005,2025-02-11,28,10,18,37.0,11.0,12.0,1.0,Normal
H001,D006,2025-02-25,42,34,8,5.0,1.0,21.0,3.0,High Utilization
H001,D008,2025-09-20,14,12,2,36.0,32.0,17.0,15.0,High Utilization
H002,D010,2025-03-03,60,29,31,5.0,2.0,29.0,6.0,Normal
H004,D010,2025-02-02,36,22,14,12.0,1.0,18.0,6.0,Normal
H004,D008,2025-06-11,49,0,49,36.0,0.0,19.0,16.0,Limited
H007,D001,2025-02-20,54,31,23,10.0,7.0,5.0,3.0,Normal
H001,D007,2025-09-22,46,23,23,39.0,0.0,24.0,0.0,Normal
H005,D003,2025-11-19,36,15,21,28.0,17.0,12.0,5.0,Normal
H003,D003,2025-10-19,36,34,2,36.0,28.0,27.0,4.0,Critical
H002,D007,2025-01-11,45,26,19,28.0,22.0,15.0,0.0,Normal
H002,D003,2025-04-28,51,15,36,38.0,12.0,20.0,14.0,Limited
H003,D008,2025-08-04,16,9,7,22.0,7.0,21.0,21.0,Normal
H005,D004,2025-04-06,34,17,17,13.0,10.0,27.0,26.0,Normal
H006,D009,2025-11-01,37,35,2,33.0,12.0,11.0,5.0,Critical
H006,D009,2025-07-23,35,4,31,21.0,8.0,27.0,27.0,Limited
H001,D009,2025-02-07,57,1,56,36.0,2.0,9.0,8.0,Limited
H003,D002,2025-03-18,18,1,17,5.0,5.0,22.0,8.0,Limited
H004,D003,2025-11-06,38,17,21,30.0,28.0,23.0,23.0,Normal
H005,D002,2025-11-22,40,23,17,40.0,9.0,13.0,0.0,Normal
H001,D005,2025-08-26,14,1,13,32.0,5.0,19.0,8.0,Limited
H001,D008,2025-11-04,20,10,10,22.0,0.0,21.0,7.0,Normal
H002,D003,2025-11-20,40,23,17,27.0,4.0,8.0,4.0,Normal
H006,D001,2025-04-14,54,5,49,27.0,5.0,25.0,15.0,Limited
H002,D005,2025-10-11,53,26,27,8.0,5.0,17.0,7.0,Normal
H005,D009,2025-06-29,55,35,20,22.0,4.0,19.0,16.0,Normal
H005,D002,2025-11-24,25,12,13,13.0,4.0,21.0,21.0,Normal
H001,D004,2025-12-07,42,5,37,24.0,13.0,12.0,5.0,Limited
H006,D001,2025-05-26,55,8,47,27.0,16.0,9.0,6.0,Limited
H006,D007,2025-10-11,42,3,39,5.0,2.0,16.0,16.0,Limited
H002,D009,2025-06-21,32,18,14,27.0,18.0,16.0,5.0,Normal
H003,D008,2025-12-25,32,31,1,18.0,15.0,23.0,10.0,Critical
H005,D001,2025-03-02,48,47,1,20.0,13.0,24.0,11.0,Critical
H005,D003,2025-11-29,37,17,20,31.0,3.0,5.0,2.0,Normal
H005,D009,2025-09-28,28,9,19,27.0,25.0,17.0,10.0,Normal
H004,D008,2025-12-25,60,30,30,32.0,5.0,19.0,3.0,Normal
H006,D006,2025-09-12,56,40,16,36.0,1.0,19.0,19.0,Normal
H001,D006,2025-12-08,25,2,23,6.0,4.0,15.0,14.0,Limited
H004,D002,2025-11-29,32,17,15,8.0,3.0,16.0,14.0,Normal
H001,D010,2025-05-03,29,28,1,33.0,4.0,20.0,12.0,Critical
H007,D002,2025-08-25,23,14,9,24.0,21.0,25.0,10.0,Normal
H001,D006,2025-02-05,35,25,10,28.0,28.0,17.0,5.0,Normal
H006,D002,2025-05-01,20,13,7,33.0,14.0,23.0,11.0,Normal
H006,D004,2025-06-21,13,7,6,18.0,7.0,8.0,4.0,Normal
H001,D002,2025-06-04,43,28,15,15.0,14.0,14.0,10.0,Normal
H002,D006,2025-09-14,54,0,54,35.0,14.0,25.0,5.0,Limited
H004,D010,2025-03-23,19,0,19,28.0,21.0,21.0,11.0,Limited
H006,D002,2025-06-06,45,26,19,33.0,7.0,13.0,13.0,Normal
H007,D006,2025-02-08,50,0,50,37.0,25.0,6.0,2.0,Limited
H006,D007,2025-02-17,15,13,2,6.0,1.0,8.0,3.0,High Utilization
H005,D004,2025-02-06,12,11,1,28.0,17.0,27.0,6.0,Critical
H001,D007,2025-03-17,57,41,16,28.0,28.0,20.0,6.0,Normal
H001,D007,2025-09-24,19,17,2,33.0,8.0,19.0,9.0,High Utilization
H005,D001,2025-02-03,49,25,24,27.0,4.0,22.0,9.0,Normal
H001,D008,2025-03-19,28,10,18,6.0,3.0,17.0,5.0,Normal
H004,D010,2025-03-09,10,4,6,15.0,9.0,24.0,24.0,Normal
H002,D007,2025-12-23,16,12,4,16.0,2.0,19.0,15.0,High Utilization
H004,D010,2025-11-13,58,9,49,32.0,32.0,8.0,3.0,Limited
H005,D004,2025-03-23,32,19,13,39.0,25.0,8.0,5.0,Normal
H005,D006,2025-06-04,14,7,7,18.0,5.0,11.0,4.0,Normal
H003,D004,2025-01-07,37,30,7,14.0,13.0,11.0,10.0,High Utilization
H004,D004,2025-04-06,59,47,12,38.0,30.0,9.0,7.0,High Utilization
H004,D001,2025-04-21,25,19,6,5.0,5.0,28.0,28.0,High Utilization
H003,D004,2025-04-22,17,7,10,40.0,29.0,5.0,2.0,Normal
H004,D009,2025-09-27,19,4,15,38.0,0.0,30.0,16.0,Limited
H006,D005,2025-01-03,17,1,16,21.0,14.0,16.0,15.0,Limited
H002,D009,2025-06-24,59,36,23,23.0,13.0,11.0,0.0,Normal
H007,D005,2025-06-09,30,5,25,35.0,26.0,7.0,0.0,Limited
H006,D008,2025-02-21,52,7,45,18.0,10.0,25.0,3.0,Limited
H005,D007,2025-09-26,34,28,6,13.0,10.0,11.0,7.0,High Utilization
H004,D008,2025-05-25,16,2,14,12.0,6.0,29.0,22.0,Limited
H002,D004,2025-07-21,36,8,28,37.0,9.0,19.0,18.0,Limited
H003,D001,2025-08-10,24,14,10,23.0,22.0,5.0,3.0,Normal
H006,D008,2025-09-30,30,27,3,40.0,36.0,14.0,11.0,Critical
H003,D007,2025-03-09,44,39,5,39.0,6.0,14.0,9.0,High Utilization
H005,D010,2025-10-03,40,33,7,34.0,7.0,12.0,9.0,High Utilization
H004,D003,2025-04-16,12,8,4,32.0,24.0,23.0,7.0,Normal
H005,D009,2025-02-11,24,12,12,29.0,5.0,18.0,5.0,Normal
H004,D008,2025-11-15,44,8,36,5.0,1.0,10.0,5.0,Limited
H005,D005,2025-03-03,56,39,17,23.0,18.0,20.0,6.0,Normal
H007,D008,2025-06-17,50,46,4,30.0,14.0,6.0,3.0,Critical
H001,D002,2025-09-30,31,9,22,23.0,15.0,7.0,5.0,Limited
H006,D008,2025-02-15,13,12,1,12.0,2.0,25.0,13.0,Critical
H002,D004,2025-07-17,45,27,18,31.0,7.0,26.0,4.0,Normal
H005,D009,2025-03-01,22,3,19,29.0,16.0,22.0,20.0,Limited
H007,D007,2025-11-03,17,16,1,17.0,15.0,22.0,19.0,Critical
H003,D007,2025-03-19,45,44,1,35.0,33.0,22.0,2.0,Critical
H005,D009,2025-10-19,23,8,15,35.0,17.0,13.0,0.0,Normal
H004,D008,2025-08-13,37,9,28,11.0,2.0,10.0,8.0,Limited
H006,D003,2025-05-25,29,20,9,11.0,5.0,6.0,5.0,Normal
H007,D005,2025-01-18,15,10,5,30.0,2.0,17.0,8.0,Normal
H001,D006,2025-12-31,58,32,26,23.0,13.0,8.0,7.0,Normal
H004,D006,2025-10-11,58,1,57,8.0,4.0,28.0,16.0,Limited
H006,D005,2025-02-15,19,16,3,12.0,3.0,9.0,7.0,High Utilization
H002,D010,2025-08-10,22,18,4,29.0,7.0,22.0,10.0,High Utilization
H004,D005,2025-07-01,23,9,14,23.0,8.0,17.0,5.0,Normal
H003,D005,2025-03-30,42,14,28,10.0,1.0,7.0,0.0,Normal
H004,D005,2025-06-08,47,26,21,21.0,2.0,8.0,3.0,Normal
H003,D004,2025-08-11,42,13,29,34.0,3.0,5.0,3.0,Normal
H001,D005,2025-01-11,38,5,33,15.0,1.0,21.0,2.0,Limited
H003,D005,2025-03-07,11,11,0,6.0,6.0,9.0,4.0,Critical
H001,D008,2025-09-17,50,33,17,36.0,34.0,12.0,4.0,Normal
H003,D008,2025-04-08,13,11,2,6.0,2.0,15.0,12.0,High Utilization
H005,D009,2025-05-04,46,12,34,37.0,26.0,15.0,3.0,Limited
H001,D008,2025-03-28,11,6,5,19.0,8.0,21.0,6.0,Normal
H004,D010,2025-06-05,44,22,22,18.0,3.0,20.0,5.0,Normal
H003,D004,2025-02-17,19,12,7,11.0,3.0,19.0,2.0,Normal
H003,D001,2025-08-14,32,28,4,29.0,16.0,6.0,3.0,High Utilization
H003,D002,2025-08-06,24,8,16,35.0,6.0,13.0,10.0,Normal
H004,D001,2025-02-09,31,14,17,20.0,16.0,24.0,13.0,Normal
H001,D002,2025-02-27,29,20,9,9.0,1.0,8.0,0.0,Normal
H001,D006,2025-06-28,12,3,9,11.0,8.0,29.0,5.0,Limited
H006,D007,2025-02-22,11,11,0,10.0,9.0,7.0,5.0,Critical
H004,D002,2025-03-05,48,16,32,33.0,8.0,12.0,5.0,Normal
H005,D010,2025-04-12,27,8,19,34.0,0.0,23.0,8.0,Limited
H004,D003,2025-02-05,30,15,15,16.0,4.0,8.0,6.0,Normal
H001,D002,2025-09-25,25,10,15,15.0,6.0,11.0,9.0,Normal
H001,D002,2025-05-21,25,15,10,17.0,15.0,7.0,2.0,Normal
H005,D005,2025-06-20,31,4,27,21.0,13.0,16.0,16.0,Limited
H003,D007,2025-05-09,28,27,1,12.0,6.0,22.0,6.0,Critical
H005,D010,2025-01-15,41,25,16,8.0,4.0,25.0,11.0,Normal
H001,D007,2025-04-21,40,31,9,7.0,3.0,9.0,9.0,High Utilization
H006,D007,2025-06-24,27,3,24,6.0,0.0,11.0,1.0,Limited
H005,D002,2025-10-30,26,5,21,30.0,17.0,24.0,9.0,Limited
H004,D007,2025-06-14,60,39,21,19.0,0.0,15.0,0.0,Normal
H004,D009,2025-10-07,22,10,12,28.0,6.0,22.0,2.0,Normal
H003,D008,2025-05-22,13,10,3,6.0,4.0,14.0,6.0,High Utilization
H006,D006,2025-07-17,18,11,7,16.0,15.0,27.0,2.0,Normal
H004,D001,2025-11-27,39,23,16,14.0,6.0,8.0,2.0,Normal
H007,D009,2025-02-06,43,4,39,22.0,18.0,17.0,13.0,Limited
H003,D001,2025-12-08,41,0,41,12.0,1.0,23.0,4.0,Limited
H004,D007,2025-01-15,15,14,1,28.0,11.0,23.0,16.0,Critical
H002,D009,2025-11-08,30,27,3,37.0,0.0,11.0,11.0,Critical
H001,D002,2025-05-30,41,24,17,32.0,14.0,23.0,1.0,Normal
H006,D007,2025-12-31,15,5,10,18.0,5.0,20.0,6.0,Normal
H006,D010,2025-05-16,50,8,42,38.0,25.0,18.0,15.0,Limited
H007,D009,2025-08-18,43,29,14,26.0,17.0,9.0,7.0,Normal
H005,D010,2025-05-12,22,22,0,27.0,23.0,20.0,2.0,Critical
H004,D003,2025-10-04,17,13,4,31.0,19.0,27.0,4.0,High Utilization
H004,D003,2025-10-11,35,15,20,39.0,16.0,7.0,3.0,Normal
H003,D009,2025-12-28,19,16,3,36.0,7.0,20.0,2.0,High Utilization
H001,D004,2025-10-17,29,27,2,27.0,25.0,27.0,2.0,Critical
H004,D002,2025-02-06,45,23,22,35.0,4.0,24.0,23.0,Normal
H001,D003,2025-10-16,35,1,34,17.0,7.0,20.0,8.0,Limited
H007,D010,2025-08-10,30,19,11,38.0,5.0,19.0,13.0,Normal
H006,D009,2025-06-19,12,8,4,11.0,0.0,15.0,7.0,Normal
H005,D005,2025-01-21,57,54,3,30.0,9.0,19.0,11.0,Critical
H003,D004,2025-01-17,47,20,27,40.0,9.0,10.0,7.0,Normal
H003,D002,2025-03-11,44,3,41,18.0,11.0,28.0,3.0,Limited
H003,D002,2025-01-19,33,0,33,16.0,11.0,30.0,17.0,Limited
H001,D009,2025-02-25,37,9,28,38.0,11.0,27.0,1.0,Limited
H007,D005,2025-12-14,17,3,14,6.0,5.0,19.0,6.0,Limited
H007,D007,2025-05-23,18,14,4,36.0,35.0,22.0,11.0,High Utilization
H002,D006,2025-03-27,38,23,15,7.0,2.0,13.0,13.0,Normal
H005,D001,2025-09-20,37,32,5,16.0,6.0,28.0,26.0,High Utilization
H007,D003,2025-05-15,49,12,37,5.0,5.0,6.0,6.0,Limited
H003,D006,2025-11-08,34,31,3,31.0,29.0,8.0,2.0,Critical
H002,D002,2025-11-29,15,6,9,16.0,14.0,20.0,6.0,Normal
H006,D004,2025-01-05,31,6,25,11.0,9.0,15.0,4.0,Limited
H002,D009,2025-11-09,26,24,2,14.0,13.0,28.0,26.0,Critical
H005,D007,2025-10-13,10,4,6,30.0,26.0,23.0,10.0,Normal
H006,D006,2025-06-24,28,16,12,34.0,32.0,17.0,8.0,Normal
H007,D008,2025-10-21,37,19,18,32.0,24.0,10.0,4.0,Normal
H002,D006,2025-11-10,12,1,11,16.0,0.0,10.0,9.0,Limited
H003,D005,2025-03-01,13,10,3,32.0,32.0,8.0,5.0,High Utilization
H003,D005,2025-03-05,16,5,11,23.0,20.0,6.0,4.0,Normal
H001,D003,2025-10-14,16,4,12,15.0,4.0,22.0,7.0,Limited
H004,D003,2025-08-23,27,12,15,25.0,19.0,7.0,3.0,Normal
H003,D009,2025-08-14,12,5,7,35.0,22.0,13.0,9.0,Normal
H004,D002,2025-05-31,27,1,26,21.0,17.0,23.0,0.0,Limited
H004,D002,2025-06-05,11,2,9,40.0,29.0,23.0,21.0,Limited
H005,D007,2025-10-18,27,9,18,28.0,5.0,22.0,14.0,Normal
H003,D005,2025-07-19,49,41,8,35.0,4.0,23.0,16.0,High Utilization
H003,D008,2025-06-03,35,6,29,31.0,8.0,19.0,7.0,Limited
H003,D005,2025-03-29,33,1,32,28.0,7.0,5.0,1.0,Limited
H001,D002,2025-04-05,53,31,22,18.0,5.0,9.0,0.0,Normal
H005,D010,2025-10-06,18,0,18,25.0,8.0,9.0,6.0,Limited
H003,D006,2025-06-06,34,4,30,34.0,32.0,23.0,3.0,Limited
H002,D001,2025-07-29,55,6,49,20.0,10.0,30.0,0.0,Limited
H007,D006,2025-06-09,57,5,52,21.0,11.0,27.0,8.0,Limited
H003,D006,2025-05-16,41,17,24,36.0,31.0,23.0,15.0,Normal
H001,D009,2025-01-05,18,7,11,29.0,26.0,21.0,20.0,Normal
H002,D001,2025-05-09,43,34,9,24.0,23.0,26.0,13.0,High Utilization
H002,D001,2025-07-26,11,8,3,38.0,24.0,25.0,4.0,Normal
H005,D010,2025-06-18,35,15,20,19.0,11.0,11.0,6.0,Normal
H007,D006,2025-12-30,55,28,27,35.0,6.0,15.0,12.0,Normal
H006,D008,2025-03-19,48,46,2,36.0,19.0,25.0,9.0,Critical
H006,D006,2025-05-03,26,24,2,22.0,7.0,18.0,4.0,Critical
H001,D004,2025-02-28,45,3,42,35.0,26.0,21.0,3.0,Limited
H003,D007,2025-02-28,49,18,31,13.0,6.0,6.0,5.0,Normal
H007,D008,2025-03-06,38,9,29,31.0,0.0,17.0,10.0,Limited
H006,D004,2025-07-02,13,1,12,29.0,7.0,22.0,21.0,Limited
H004,D004,2025-07-14,12,10,2,14.0,3.0,21.0,10.0,High Utilization
H002,D009,2025-02-09,25,3,22,33.0,9.0,12.0,6.0,Limited
H001,D004,2025-07-23,58,15,43,18.0,10.0,28.0,28.0,Limited
H002,D006,2025-09-20,59,30,29,14.0,7.0,13.0,2.0,Normal
H002,D004,2025-08-08,42,0,42,19.0,3.0,13.0,1.0,Limited
H001,D005,2025-09-08,38,8,30,20.0,1.0,26.0,19.0,Limited
H003,D001,2025-06-13,30,6,24,37.0,14.0,7.0,5.0,Limited
H006,D008,2025-01-29,37,31,6,40.0,12.0,17.0,15.0,High Utilization
H004,D004,2025-09-04,26,24,2,28.0,27.0,15.0,1.0,Critical
H005,D001,2025-08-14,34,2,32,31.0,31.0,30.0,21.0,Limited
H003,D007,2025-06-11,21,16,5,6.0,4.0,22.0,15.0,High Utilization
H004,D007,2025-02-06,41,0,41,26.0,5.0,21.0,15.0,Limited
H002,D005,2025-09-16,23,8,15,24.0,1.0,24.0,6.0,Normal
H004,D002,2025-05-28,53,43,10,25.0,25.0,9.0,4.0,High Utilization
H001,D005,2025-01-10,39,8,31,13.0,3.0,18.0,11.0,Limited
H004,D008,2025-02-24,31,4,27,33.0,2.0,5.0,0.0,Limited
H004,D004,2025-03-26,35,19,16,38.0,17.0,27.0,14.0,Normal
H004,D008,2025-12-23,23,11,12,30.0,4.0,21.0,5.0,Normal
H006,D003,2025-03-24,48,41,7,29.0,20.0,18.0,5.0,High Utilization
H002,D002,2025-06-23,36,21,15,17.0,3.0,9.0,3.0,Normal
H001,D010,2025-04-17,29,25,4,17.0,9.0,9.0,9.0,High Utilization
H006,D006,2025-08-11,30,18,12,17.0,11.0,10.0,3.0,Normal
H002,D010,2025-06-20,36,21,15,40.0,16.0,18.0,12.0,Normal
H006,D006,2025-09-19,56,3,53,24.0,0.0,16.0,1.0,Limited
H004,D003,2025-05-27,49,16,33,27.0,19.0,25.0,16.0,Normal
H004,D006,2025-05-29,17,12,5,38.0,24.0,5.0,2.0,Normal
H004,D010,2025-07-27,58,44,14,12.0,1.0,19.0,14.0,High Utilization
H003,D001,2025-02-02,42,41,1,6.0,4.0,8.0,6.0,Critical
H006,D004,2025-04-06,37,9,28,18.0,7.0,29.0,17.0,Limited
H007,D008,2025-07-06,42,3,39,21.0,16.0,10.0,10.0,Limited
H003,D010,2025-05-07,53,11,42,23.0,3.0,9.0,5.0,Limited
H001,D001,2025-06-20,54,36,18,17.0,4.0,25.0,2.0,Normal
H006,D002,2025-09-10,34,4,30,18.0,13.0,7.0,7.0,Limited
H003,D005,2025-06-11,27,8,19,13.0,5.0,12.0,11.0,Limited
H004,D005,2025-08-10,41,10,31,31.0,0.0,22.0,17.0,Limited
H001,D006,2025-11-10,54,25,29,10.0,8.0,12.0,0.0,Normal
H001,D006,2025-04-10,50,24,26,8.0,2.0,18.0,10.0,Normal
H002,D001,2025-02-12,49,27,22,20.0,5.0,12.0,6.0,Normal
H003,D008,2025-11-10,13,11,2,8.0,5.0,9.0,2.0,High Utilization
H001,D007,2025-11-04,48,35,13,6.0,5.0,26.0,14.0,Normal
H007,D010,2025-03-19,38,15,23,28.0,8.0,22.0,21.0,Normal
H006,D001,2025-10-20,50,21,29,25.0,20.0,27.0,18.0,Normal
H002,D002,2025-01-27,17,15,2,15.0,1.0,19.0,15.0,High Utilization
H006,D008,2025-08-08,52,33,19,35.0,35.0,30.0,14.0,Normal
H004,D005,2025-11-18,41,26,15,18.0,7.0,5.0,0.0,Normal
H003,D007,2025-02-19,14,8,6,19.0,5.0,20.0,5.0,Normal
H001,D005,2025-10-21,44,40,4,30.0,7.0,11.0,11.0,Critical
H002,D010,2025-05-15,45,41,4,27.0,19.0,29.0,22.0,Critical
H003,D002,2025-09-09,40,22,18,12.0,3.0,5.0,5.0,Normal
H007,D005,2025-10-13,30,5,25,37.0,13.0,21.0,12.0,Limited
H002,D002,2025-03-15,47,31,16,37.0,23.0,15.0,4.0,Normal
H005,D009,2025-07-10,38,6,32,10.0,9.0,24.0,11.0,Limited
H006,D004,2025-11-23,34,33,1,20.0,10.0,8.0,6.0,Critical
H003,D001,2025-01-22,11,11,0,36.0,12.0,8.0,0.0,Critical
H002,D003,2025-03-15,47,43,4,5.0,2.0,10.0,4.0,Critical
H003,D007,2025-07-29,46,0,46,26.0,0.0,20.0,7.0,Limited
H007,D002,2025-06-13,51,21,30,31.0,28.0,17.0,2.0,Normal
H007,D010,2025-04-05,47,17,30,18.0,17.0,6.0,0.0,Normal
H002,D004,2025-03-13,47,4,43,33.0,17.0,9.0,6.0,Limited
H001,D006,2025-05-09,21,8,13,21.0,20.0,25.0,12.0,Normal
H007,D009,2025-09-04,13,1,12,21.0,11.0,5.0,3.0,Limited
H006,D009,2025-11-11,37,7,30,21.0,4.0,22.0,5.0,Limited
H006,D007,2025-07-16,35,2,33,7.0,2.0,21.0,10.0,Limited
H004,D007,2025-06-28,13,3,10,33.0,14.0,16.0,0.0,Limited
H007,D008,2025-09-15,37,8,29,14.0,3.0,26.0,10.0,Limited
H005,D007,2025-06-06,27,23,4,6.0,2.0,28.0,10.0,High Utilization
H007,D002,2025-08-11,42,10,32,32.0,30.0,9.0,8.0,Limited
H007,D006,2025-04-07,27,0,27,11.0,0.0,19.0,14.0,Limited
H004,D009,2025-02-17,41,17,24,14.0,7.0,23.0,15.0,Normal
H006,D007,2025-10-20,48,42,6,5.0,3.0,27.0,6.0,High Utilization
H007,D010,2025-04-27,55,3,52,23.0,1.0,14.0,7.0,Limited
H005,D002,2025-08-31,50,12,38,13.0,12.0,20.0,19.0,Limited
H003,D009,2025-11-05,51,44,7,23.0,19.0,10.0,5.0,High Utilization
H003,D005,2025-04-01,29,23,6,28.0,28.0,13.0,5.0,High Utilization
H004,D002,2025-09-22,12,10,2,16.0,3.0,28.0,25.0,High Utilization
H003,D005,2025-05-18,46,21,25,17.0,17.0,26.0,3.0,Normal
H002,D003,2025-09-23,47,40,7,27.0,3.0,13.0,10.0,High Utilization
H006,D006,2025-09-13,32,10,22,6.0,6.0,8.0,8.0,Normal
H001,D004,2025-07-16,38,0,38,13.0,3.0,28.0,3.0,Limited
H005,D003,2025-11-19,31,17,14,27.0,6.0,20.0,15.0,Normal
H003,D007,2025-04-06,21,7,14,24.0,23.0,20.0,17.0,Normal
H004,D005,2025-02-02,41,23,18,11.0,10.0,18.0,9.0,Normal
H001,D001,2025-07-30,48,3,45,39.0,34.0,14.0,14.0,Limited
H007,D002,2025-05-03,44,22,22,34.0,23.0,7.0,7.0,Normal
H002,D007,2025-08-07,32,8,24,17.0,8.0,11.0,0.0,Limited
H006,D008,2025-01-08,27,2,25,16.0,10.0,17.0,4.0,Limited
H003,D001,2025-06-12,43,17,26,14.0,2.0,5.0,4.0,Normal
H003,D003,2025-09-05,39,36,3,10.0,3.0,14.0,5.0,Critical
H003,D010,2025-07-25,42,0,42,10.0,7.0,6.0,4.0,Limited
H001,D002,2025-05-12,12,5,7,21.0,3.0,9.0,7.0,Normal
H005,D007,2025-07-08,24,16,8,35.0,3.0,23.0,15.0,Normal
H005,D008,2025-06-29,58,4,54,31.0,1.0,23.0,2.0,Limited
H003,D010,2025-07-18,17,17,0,12.0,5.0,19.0,18.0,Critical
H004,D007,2025-03-13,36,14,22,36.0,23.0,24.0,19.0,Normal
H006,D004,2025-10-16,13,6,7,32.0,5.0,11.0,1.0,Normal
H004,D002,2025-02-26,51,18,33,33.0,25.0,21.0,8.0,Normal
H005,D008,2025-09-17,34,3,31,26.0,21.0,5.0,2.0,Limited
H003,D002,2025-04-25,29,27,2,37.0,27.0,11.0,4.0,Critical
H005,D008,2025-02-20,46,42,4,12.0,3.0,10.0,0.0,Critical
H004,D002,2025-11-30,15,2,13,6.0,5.0,29.0,14.0,Limited
H007,D009,2025-10-10,58,25,33,16.0,3.0,27.0,18.0,Normal
H005,D006,2025-05-16,49,41,8,9.0,2.0,14.0,11.0,High Utilization
H006,D004,2025-09-14,55,26,29,16.0,3.0,8.0,3.0,Normal
H006,D001,2025-04-09,21,19,2,14.0,3.0,19.0,6.0,Critical
H005,D008,2025-11-07,21,17,4,15.0,5.0,13.0,9.0,High Utilization
H005,D003,2025-02-06,47,43,4,34.0,27.0,9.0,1.0,Critical
H002,D010,2025-12-22,60,26,34,12.0,4.0,21.0,21.0,Normal
H004,D005,2025-09-14,13,12,1,22.0,5.0,29.0,28.0,Critical
H004,D004,2025-12-07,34,28,6,29.0,11.0,15.0,1.0,High Utilization
H004,D008,2025-11-12,44,29,15,26.0,0.0,24.0,9.0,Normal
H006,D009,2025-06-25,24,22,2,20.0,19.0,30.0,21.0,Critical
H002,D004,2025-06-28,18,15,3,20.0,17.0,7.0,5.0,High Utilization
H002,D001,2025-12-07,15,1,14,40.0,17.0,11.0,9.0,Limited
H007,D003,2025-02-27,45,13,32,14.0,12.0,11.0,9.0,Limited
H002,D002,2025-06-12,52,19,33,15.0,5.0,27.0,23.0,Normal
H004,D004,2025-06-30,13,5,8,21.0,18.0,16.0,5.0,Normal
H003,D004,2025-08-14,52,20,32,17.0,8.0,30.0,18.0,Normal
H003,D007,2025-03-10,20,11,9,26.0,13.0,29.0,22.0,Normal
H001,D006,2025-06-13,20,12,8,37.0,26.0,18.0,15.0,Normal
H004,D004,2025-02-02,40,25,15,26.0,14.0,5.0,3.0,Normal
H003,D009,2025-04-26,49,43,6,9.0,6.0,5.0,1.0,High Utilization
H002,D002,2025-06-22,20,2,18,26.0,18.0,15.0,12.0,Limited
H001,D008,2025-02-15,50,38,12,17.0,1.0,27.0,12.0,High Utilization
H003,D007,2025-10-20,26,3,23,24.0,12.0,29.0,4.0,Limited
H006,D008,2025-11-09,53,43,10,21.0,20.0,29.0,1.0,High Utilization
H002,D007,2025-07-29,60,25,35,27.0,6.0,11.0,0.0,Normal
H006,D006,2025-05-08,59,18,41,27.0,20.0,12.0,0.0,Normal
H004,D005,2025-10-16,48,3,45,22.0,19.0,25.0,10.0,Limited
H007,D002,2025-01-13,29,7,22,11.0,7.0,23.0,17.0,Limited
H007,D002,2025-10-30,28,28,0,30.0,6.0,9.0,9.0,Critical
H005,D010,2025-12-02,34,15,19,19.0,4.0,17.0,13.0,Normal
H004,D006,2025-04-09,12,8,4,23.0,7.0,25.0,23.0,Normal
H005,D009,2025-11-30,24,2,22,27.0,23.0,30.0,25.0,Limited
H001,D007,2025-11-25,39,9,30,36.0,15.0,16.0,13.0,Limited
H002,D010,2025-03-13,15,5,10,10.0,5.0,7.0,1.0,Normal
H007,D004,2025-04-20,45,34,11,36.0,9.0,13.0,10.0,High Utilization
H006,D010,2025-09-27,45,45,0,32.0,26.0,11.0,8.0,Critical
H007,D005,2025-10-20,54,14,40,31.0,0.0,27.0,4.0,Limited
H002,D010,2025-04-09,10,5,5,27.0,20.0,14.0,11.0,Normal
H005,D009,2025-09-17,51,24,27,29.0,24.0,6.0,4.0,Normal
H004,D001,2025-10-06,38,35,3,18.0,2.0,25.0,8.0,Critical
H004,D001,2025-09-29,57,47,10,35.0,5.0,12.0,12.0,High Utilization
H006,D001,2025-06-21,39,38,1,23.0,3.0,6.0,6.0,Critical
H007,D004,2025-10-25,45,1,44,25.0,25.0,12.0,0.0,Limited
H003,D010,2025-06-24,45,41,4,12.0,4.0,24.0,2.0,Critical
H002,D009,2025-01-01,44,43,1,8.0,7.0,25.0,18.0,Critical
H001,D002,2025-03-01,10,0,10,37.0,17.0,23.0,11.0,Limited
H007,D002,2025-11-16,35,0,35,14.0,0.0,14.0,1.0,Limited
H004,D006,2025-10-29,53,52,1,32.0,13.0,20.0,15.0,Critical
H003,D001,2025-07-07,48,42,6,29.0,24.0,22.0,2.0,High Utilization
H005,D007,2025-01-18,27,2,25,11.0,9.0,5.0,2.0,Limited
H006,D006,2025-06-06,30,15,15,27.0,5.0,27.0,13.0,Normal
H007,D007,2025-02-25,20,19,1,11.0,11.0,30.0,22.0,Critical
H003,D005,2025-07-25,14,7,7,39.0,18.0,13.0,10.0,Normal
H003,D010,2025-03-30,44,21,23,10.0,5.0,16.0,4.0,Normal
H007,D006,2025-04-11,56,47,9,26.0,23.0,21.0,14.0,High Utilization
H003,D001,2025-07-03,51,28,23,33.0,14.0,14.0,7.0,Normal
H007,D002,2025-12-12,19,17,2,39.0,29.0,29.0,7.0,High Utilization
H002,D010,2025-07-04,50,11,39,32.0,17.0,5.0,2.0,Limited
H005,D010,2025-12-31,22,1,21,15.0,7.0,30.0,11.0,Limited
H004,D001,2025-04-20,10,6,4,30.0,11.0,16.0,13.0,Normal
H005,D010,2025-09-03,47,8,39,8.0,8.0,24.0,23.0,Limited
H007,D005,2025-04-13,13,11,2,27.0,3.0,26.0,4.0,High Utilization
H005,D004,2025-10-02,28,24,4,34.0,29.0,27.0,4.0,High Utilization
H001,D006,2025-08-31,51,26,25,18.0,15.0,19.0,8.0,Normal
H001,D008,2025-05-07,50,29,21,11.0,3.0,29.0,3.0,Normal
H002,D007,2025-01-17,55,54,1,37.0,20.0,15.0,10.0,Critical
H003,D008,2025-12-09,10,0,10,35.0,9.0,12.0,12.0,Limited
H007,D006,2025-11-05,43,20,23,18.0,10.0,13.0,13.0,Normal
H007,D003,2025-06-17,23,19,4,39.0,36.0,16.0,9.0,High Utilization
H002,D006,2025-04-10,52,1,51,7.0,7.0,22.0,3.0,Limited
H003,D004,2025-01-19,33,18,15,5.0,2.0,21.0,4.0,Normal
H006,D001,2025-12-04,12,8,4,10.0,0.0,22.0,10.0,Normal
H004,D007,2025-01-15,52,13,39,6.0,2.0,27.0,21.0,Limited
H006,D002,2025-05-16,59,9,50,8.0,0.0,6.0,4.0,Limited
H001,D009,2025-08-05,48,27,21,35.0,2.0,22.0,6.0,Normal
H002,D010,2025-11-26,59,13,46,23.0,19.0,10.0,5.0,Limited
H001,D007,2025-10-16,45,34,11,30.0,26.0,16.0,16.0,High Utilization
H002,D009,2025-05-14,27,26,1,8.0,0.0,24.0,2.0,Critical
H004,D008,2025-03-17,51,22,29,14.0,2.0,5.0,1.0,Normal
H004,D002,2025-12-21,35,25,10,26.0,8.0,16.0,10.0,Normal
H003,D006,2025-01-27,57,7,50,9.0,3.0,9.0,6.0,Limited
H002,D003,2025-08-20,33,31,2,15.0,6.0,6.0,4.0,Critical
H001,D008,2025-04-18,58,21,37,14.0,6.0,9.0,1.0,Normal
H006,D009,2025-07-31,57,39,18,33.0,0.0,21.0,13.0,Normal
H003,D001,2025-01-06,38,25,13,16.0,11.0,20.0,6.0,Normal
H001,D006,2025-03-17,48,32,16,24.0,23.0,25.0,22.0,Normal
H004,D006,2025-01-12,36,2,34,38.0,35.0,10.0,4.0,Limited
H002,D009,2025-05-08,33,12,21,15.0,5.0,6.0,4.0,Normal
H002,D006,2025-07-25,19,17,2,16.0,6.0,5.0,4.0,High Utilization
H006,D003,2025-04-05,59,42,17,23.0,11.0,9.0,7.0,Normal
H001,D005,2025-01-22,13,5,8,6.0,6.0,18.0,14.0,Normal
H005,D004,2025-09-23,34,14,20,11.0,9.0,16.0,1.0,Normal
H004,D005,2025-08-06,27,5,22,10.0,3.0,24.0,14.0,Limited
H007,D004,2025-05-20,46,29,17,22.0,16.0,30.0,19.0,Normal
H004,D010,2025-05-11,60,39,21,30.0,6.0,10.0,4.0,Normal
H006,D005,2025-01-09,53,25,28,32.0,29.0,23.0,19.0,Normal
H003,D010,2025-07-16,31,21,10,32.0,29.0,27.0,19.0,Normal
H003,D006,2025-06-06,27,27,0,35.0,32.0,28.0,19.0,Critical
H002,D003,2025-06-29,18,14,4,7.0,1.0,25.0,4.0,High Utilization
H005,D005,2025-02-04,33,17,16,6.0,4.0,12.0,5.0,Normal
H007,D004,2025-01-12,31,11,20,37.0,16.0,16.0,7.0,Normal
H001,D004,2025-12-12,48,17,31,17.0,0.0,15.0,10.0,Normal
H002,D005,2025-02-14,46,6,40,24.0,16.0,22.0,6.0,Limited
H004,D005,2025-11-07,30,2,28,18.0,8.0,7.0,3.0,Limited
H002,D004,2025-06-27,58,24,34,35.0,28.0,26.0,23.0,Normal
H007,D004,2025-08-31,51,34,17,31.0,18.0,24.0,22.0,Normal
H006,D010,2025-03-22,24,19,5,37.0,21.0,21.0,14.0,High Utilization
H005,D002,2025-10-11,48,25,23,40.0,37.0,26.0,15.0,Normal
H006,D008,2025-10-05,25,16,9,28.0,24.0,10.0,6.0,Normal
H003,D005,2025-06-02,33,30,3,8.0,8.0,8.0,7.0,Critical
H004,D010,2025-06-26,16,5,11,33.0,6.0,28.0,13.0,Normal
H006,D006,2025-01-14,15,4,11,23.0,23.0,5.0,1.0,Limited
H006,D004,2025-02-02,38,2,36,16.0,15.0,19.0,11.0,Limited
H001,D004,2025-11-22,20,18,2,5.0,5.0,10.0,7.0,Critical
H005,D003,2025-11-26,45,3,42,8.0,6.0,21.0,8.0,Limited
H007,D008,2025-04-17,48,43,5,7.0,6.0,27.0,23.0,High Utilization
H004,D004,2025-11-19,13,2,11,10.0,1.0,24.0,19.0,Limited
H007,D010,2025-10-05,47,13,34,8.0,5.0,23.0,19.0,Limited
H004,D010,2025-05-19,40,5,35,17.0,7.0,13.0,1.0,Limited
H002,D005,2025-03-31,12,10,2,14.0,1.0,5.0,4.0,High Utilization
H005,D004,2025-06-09,44,1,43,5.0,1.0,24.0,2.0,Limited
H004,D010,2025-07-02,25,3,22,11.0,0.0,9.0,9.0,Limited
H007,D010,2025-05-15,51,27,24,6.0,0.0,18.0,1.0,Normal
H005,D008,2025-06-29,15,10,5,23.0,1.0,12.0,12.0,Normal
H002,D009,2025-11-01,55,51,4,24.0,20.0,28.0,9.0,Critical
H002,D004,2025-01-31,60,7,53,19.0,5.0,8.0,5.0,Limited
H005,D002,2025-04-08,42,2,40,25.0,6.0,11.0,4.0,Limited
H001,D007,2025-02-08,57,11,46,29.0,17.0,13.0,12.0,Limited
H004,D001,2025-10-28,18,16,2,15.0,7.0,22.0,5.0,High Utilization
H002,D008,2025-11-03,43,43,0,8.0,6.0,27.0,11.0,Critical
H002,D005,2025-03-09,51,28,23,37.0,1.0,28.0,18.0,Normal
H004,D005,2025-02-04,31,24,7,12.0,3.0,16.0,9.0,High Utilization
H005,D002,2025-12-03,52,32,20,7.0,3.0,19.0,13.0,Normal
H003,D002,2025-12-08,16,13,3,35.0,34.0,15.0,11.0,High Utilization
H005,D008,2025-02-06,28,11,17,18.0,0.0,24.0,2.0,Normal
H005,D006,2025-06-28,54,46,8,27.0,1.0,8.0,4.0,High Utilization
H005,D003,2025-03-04,30,28,2,28.0,13.0,25.0,14.0,Critical
H006,D006,2025-03-22,22,10,12,11.0,1.0,25.0,24.0,Normal
H003,D006,2025-06-20,38,6,32,39.0,34.0,10.0,8.0,Limited
H003,D001,2025-09-05,24,17,7,34.0,8.0,13.0,8.0,Normal
H006,D007,2025-07-31,40,3,37,20.0,2.0,6.0,0.0,Limited
H002,D007,2025-10-09,37,35,2,32.0,3.0,13.0,13.0,Critical
H004,D009,2025-04-04,26,11,15,10.0,2.0,16.0,7.0,Normal
H001,D001,2025-12-25,40,30,10,7.0,2.0,29.0,2.0,High Utilization
H002,D003,2025-10-09,28,16,12,9.0,7.0,19.0,8.0,Normal
H001,D005,2025-06-14,45,0,45,18.0,1.0,20.0,3.0,Limited
H006,D009,2025-10-08,34,7,27,13.0,8.0,29.0,12.0,Limited
H001,D004,2025-06-06,53,35,18,38.0,0.0,19.0,9.0,Normal
H006,D001,2025-12-05,36,31,5,31.0,18.0,26.0,0.0,High Utilization
H007,D009,2025-10-12,33,25,8,26.0,12.0,18.0,11.0,High Utilization
H001,D001,2025-06-29,40,1,39,38.0,7.0,6.0,4.0,Limited
H007,D009,2025-04-20,51,28,23,7.0,2.0,16.0,13.0,Normal
H007,D005,2025-02-07,60,13,47,26.0,4.0,22.0,20.0,Limited
H002,D004,2025-08-16,40,26,14,31.0,19.0,27.0,1.0,Normal
H003,D001,2025-11-02,59,25,34,28.0,21.0,7.0,4.0,Normal
H003,D006,2025-07-14,58,21,37,37.0,35.0,12.0,4.0,Normal
H003,D010,2025-09-19,36,11,25,40.0,37.0,22.0,3.0,Normal
H004,D007,2025-12-20,43,38,5,12.0,7.0,9.0,8.0,High Utilization
H002,D010,2025-06-19,24,2,22,24.0,2.0,26.0,26.0,Limited
H003,D007,2025-07-09,50,45,5,18.0,10.0,30.0,4.0,Critical
H003,D003,2025-05-25,24,23,1,32.0,2.0,14.0,1.0,Critical
H001,D009,2025-04-28,24,17,7,27.0,3.0,17.0,13.0,Normal
H002,D009,2025-07-15,60,43,17,31.0,6.0,23.0,20.0,Normal
H004,D003,2025-06-23,21,15,6,32.0,26.0,17.0,5.0,Normal
H007,D001,2025-05-10,49,22,27,6.0,1.0,11.0,4.0,Normal
H007,D007,2025-07-05,31,13,18,6.0,0.0,7.0,3.0,Normal
H007,D005,2025-06-05,55,41,14,18.0,16.0,13.0,8.0,Normal
H001,D010,2025-08-09,44,42,2,34.0,31.0,6.0,0.0,Critical
H001,D007,2025-03-29,55,14,41,36.0,2.0,27.0,4.0,Limited
H005,D005,2025-07-17,29,5,24,22.0,10.0,29.0,28.0,Limited
H007,D003,2025-03-31,36,15,21,20.0,4.0,23.0,6.0,Normal
H002,D007,2025-03-24,45,12,33,33.0,10.0,7.0,3.0,Limited
H006,D004,2025-09-15,27,23,4,36.0,11.0,21.0,18.0,High Utilization
H003,D004,2025-04-30,50,19,31,38.0,38.0,21.0,6.0,Normal
H002,D010,2025-01-01,14,5,9,8.0,4.0,7.0,2.0,Normal
H002,D001,2025-06-18,36,11,25,36.0,35.0,28.0,6.0,Normal
H003,D006,2025-10-06,43,30,13,37.0,6.0,15.0,3.0,Normal
H004,D008,2025-01-17,16,2,14,26.0,26.0,25.0,9.0,Limited
H004,D002,2025-06-14,31,1,30,30.0,20.0,18.0,13.0,Limited
H003,D006,2025-12-17,51,41,10,36.0,8.0,18.0,18.0,High Utilization
H006,D006,2025-07-09,54,36,18,12.0,12.0,15.0,7.0,Normal
H007,D004,2025-08-17,55,12,43,40.0,4.0,26.0,7.0,Limited
H006,D004,2025-03-15,24,5,19,10.0,6.0,21.0,5.0,Limited
H001,D002,2025-05-18,44,37,7,5.0,3.0,26.0,25.0,High Utilization
H007,D010,2025-04-15,46,4,42,35.0,12.0,28.0,25.0,Limited
H005,D002,2025-12-14,45,29,16,6.0,5.0,7.0,5.0,Normal
H003,D007,2025-02-02,18,9,9,8.0,1.0,12.0,11.0,Normal
H001,D010,2025-07-19,43,32,11,24.0,12.0,9.0,2.0,Normal
H004,D003,2025-08-31,10,8,2,23.0,15.0,13.0,8.0,High Utilization
H001,D003,2025-03-19,40,23,17,39.0,31.0,23.0,8.0,Normal
H005,D008,2025-11-27,32,11,21,37.0,4.0,14.0,12.0,Normal
H002,D009,2025-06-03,20,17,3,21.0,18.0,19.0,6.0,High Utilization
H005,D008,2025-01-27,50,19,31,38.0,25.0,22.0,1.0,Normal
H005,D005,2025-03-27,15,15,0,28.0,20.0,22.0,6.0,Critical
H005,D001,2025-07-09,58,32,26,34.0,8.0,23.0,10.0,Normal
H004,D010,2025-03-27,32,22,10,18.0,17.0,28.0,12.0,Normal
H007,D004,2025-06-07,59,36,23,40.0,39.0,13.0,7.0,Normal
H002,D009,2025-07-08,15,6,9,34.0,30.0,9.0,7.0,Normal
H006,D008,2025-09-21,42,5,37,25.0,16.0,8.0,4.0,Limited
H007,D008,2025-05-16,18,8,10,18.0,10.0,28.0,0.0,Normal
H004,D004,2025-06-22,23,23,0,24.0,5.0,25.0,3.0,Critical
H006,D008,2025-09-15,32,30,2,6.0,6.0,21.0,8.0,Critical
H002,D009,2025-03-15,27,15,12,39.0,38.0,11.0,0.0,Normal
H004,D004,2025-08-11,25,12,13,37.0,3.0,16.0,5.0,Normal
H002,D004,2025-05-12,35,1,34,8.0,2.0,15.0,6.0,Limited
H004,D005,2025-05-01,11,11,0,21.0,15.0,7.0,4.0,Critical
H007,D009,2025-02-14,32,11,21,9.0,8.0,8.0,6.0,Normal
H004,D010,2025-02-06,56,5,51,34.0,2.0,29.0,14.0,Limited
H007,D010,2025-05-22,35,29,6,39.0,25.0,28.0,18.0,High Utilization
H002,D008,2025-09-26,31,2,29,20.0,8.0,7.0,3.0,Limited
H004,D006,2025-09-08,29,25,4,20.0,17.0,22.0,4.0,High Utilization
H005,D002,2025-07-23,46,46,0,39.0,5.0,8.0,0.0,Critical
H005,D010,2025-11-24,46,2,44,31.0,5.0,15.0,7.0,Limited
H005,D009,2025-12-09,33,10,23,29.0,15.0,20.0,12.0,Normal
H005,D005,2025-10-14,48,39,9,12.0,10.0,11.0,5.0,High Utilization
H003,D010,2025-06-23,41,13,28,29.0,26.0,8.0,0.0,Normal
H002,D001,2025-12-26,47,21,26,40.0,23.0,8.0,8.0,Normal
H006,D009,2025-05-13,11,9,2,32.0,7.0,18.0,16.0,High Utilization
H002,D004,2025-09-05,27,25,2,15.0,11.0,24.0,3.0,Critical
H004,D003,2025-11-19,49,31,18,7.0,5.0,25.0,15.0,Normal
H007,D005,2025-01-10,42,5,37,22.0,15.0,29.0,27.0,Limited
H003,D001,2025-03-03,58,40,18,17.0,6.0,29.0,28.0,Normal
H004,D004,2025-05-27,25,15,10,29.0,29.0,30.0,4.0,Normal
H001,D003,2025-12-06,50,44,6,37.0,36.0,19.0,6.0,High Utilization
H004,D005,2025-08-21,49,48,1,35.0,8.0,22.0,21.0,Critical
H007,D010,2025-12-17,19,9,10,8.0,1.0,24.0,8.0,Normal
H003,D003,2025-07-30,42,15,27,21.0,5.0,11.0,11.0,Normal
H003,D010,2025-05-16,16,11,5,37.0,21.0,22.0,6.0,Normal
H001,D009,2025-01-05,34,10,24,12.0,7.0,26.0,10.0,Limited
H001,D002,2025-11-29,16,13,3,6.0,3.0,17.0,4.0,High Utilization
H002,D010,2025-03-09,26,20,6,40.0,24.0,19.0,19.0,High Utilization
H007,D009,2025-05-04,56,3,53,14.0,4.0,16.0,1.0,Limited
H001,D002,2025-01-22,40,40,0,35.0,24.0,11.0,1.0,Critical
H004,D009,2025-06-15,33,14,19,33.0,10.0,13.0,12.0,Normal
H003,D009,2025-09-06,48,9,39,6.0,3.0,11.0,8.0,Limited
H005,D009,2025-12-11,27,3,24,11.0,7.0,20.0,20.0,Limited
H002,D006,2025-09-21,39,6,33,29.0,21.0,11.0,4.0,Limited
H001,D002,2025-12-04,11,5,6,10.0,6.0,30.0,13.0,Normal
H001,D002,2025-01-26,42,35,7,26.0,0.0,30.0,18.0,High Utilization
H002,D009,2025-04-10,39,14,25,13.0,2.0,6.0,1.0,Normal
H007,D001,2025-08-03,14,0,14,8.0,5.0,24.0,8.0,Limited
H002,D010,2025-07-10,46,32,14,35.0,26.0,13.0,0.0,Normal
H007,D001,2025-06-28,54,40,14,36.0,24.0,25.0,8.0,Normal
H003,D010,2025-01-10,54,47,7,9.0,0.0,12.0,5.0,High Utilization
H002,D002,2025-07-16,22,0,22,39.0,18.0,28.0,1.0,Limited
H002,D004,2025-08-11,60,33,27,16.0,0.0,26.0,17.0,Normal
H006,D003,2025-04-23,57,36,21,29.0,0.0,26.0,19.0,Normal
H002,D002,2025-11-17,25,15,10,10.0,2.0,22.0,7.0,Normal
H003,D006,2025-02-14,16,8,8,11.0,0.0,6.0,4.0,Normal
H004,D003,2025-12-20,34,15,19,30.0,12.0,28.0,22.0,Normal
H001,D003,2025-12-16,58,38,20,27.0,25.0,18.0,0.0,Normal
H004,D005,2025-08-09,42,17,25,34.0,3.0,17.0,4.0,Normal
H004,D007,2025-12-29,22,7,15,39.0,37.0,28.0,18.0,Normal
H005,D007,2025-02-02,15,11,4,24.0,18.0,13.0,7.0,Normal
H001,D009,2025-01-13,44,9,35,20.0,5.0,25.0,2.0,Limited
H002,D002,2025-05-03,41,19,22,16.0,11.0,22.0,15.0,Normal
H007,D010,2025-01-01,49,46,3,5.0,5.0,21.0,11.0,Critical
H001,D007,2025-06-01,32,14,18,14.0,14.0,27.0,16.0,Normal
H005,D004,2025-04-11,50,43,7,30.0,8.0,13.0,12.0,High Utilization
H001,D008,2025-07-25,28,6,22,32.0,28.0,19.0,18.0,Limited
H002,D001,2025-03-20,55,43,12,18.0,2.0,13.0,11.0,High Utilization
H003,D005,2025-03-20,47,19,28,29.0,0.0,17.0,2.0,Normal
H002,D001,2025-11-06,18,13,5,40.0,1.0,19.0,11.0,Normal
H004,D001,2025-03-28,16,11,5,32.0,12.0,9.0,3.0,Normal
H005,D002,2025-04-12,32,18,14,15.0,7.0,18.0,11.0,Normal
H003,D007,2025-10-21,21,6,15,39.0,7.0,17.0,11.0,Limited
H007,D004,2025-08-18,50,7,43,22.0,6.0,25.0,25.0,Limited
H007,D002,2025-03-24,42,6,36,7.0,0.0,29.0,12.0,Limited
H003,D009,2025-06-11,10,3,7,27.0,15.0,13.0,3.0,Limited
H006,D006,2025-11-25,13,9,4,33.0,1.0,28.0,13.0,Normal
H005,D001,2025-03-04,21,11,10,20.0,5.0,9.0,0.0,Normal
H001,D001,2025-06-14,57,19,38,12.0,1.0,18.0,12.0,Normal
H001,D010,2025-06-11,35,11,24,24.0,19.0,24.0,7.0,Normal
H004,D010,2025-10-02,15,13,2,21.0,10.0,25.0,20.0,High Utilization
H007,D006,2025-10-14,49,2,47,26.0,6.0,11.0,2.0,Limited
H003,D010,2025-08-29,14,11,3,28.0,16.0,20.0,10.0,High Utilization
H007,D001,2025-11-25,59,26,33,20.0,16.0,23.0,10.0,Normal
H006,D007,2025-09-15,51,49,2,34.0,24.0,22.0,22.0,Critical
H004,D007,2025-04-11,16,11,5,5.0,5.0,23.0,14.0,Normal
H002,D001,2025-03-24,42,32,10,12.0,6.0,29.0,18.0,High Utilization
H007,D007,2025-12-22,18,15,3,7.0,2.0,27.0,12.0,High Utilization
H002,D007,2025-11-28,56,32,24,20.0,8.0,21.0,13.0,Normal
H003,D002,2025-04-21,31,10,21,8.0,2.0,20.0,6.0,Normal
H006,D010,2025-10-11,45,29,16,32.0,26.0,8.0,1.0,Normal
H005,D004,2025-11-02,42,16,26,22.0,22.0,8.0,2.0,Normal
H007,D002,2025-09-20,49,38,11,36.0,11.0,30.0,8.0,High Utilization
H003,D007,2025-12-22,46,23,23,11.0,7.0,22.0,22.0,Normal
H004,D001,2025-12-30,13,8,5,10.0,10.0,16.0,10.0,Normal
H005,D004,2025-07-27,42,29,13,29.0,0.0,24.0,8.0,Normal
H004,D001,2025-03-01,27,6,21,34.0,29.0,5.0,5.0,Limited
H002,D001,2025-10-29,37,28,9,20.0,20.0,24.0,15.0,High Utilization
H005,D007,2025-04-19,16,5,11,40.0,23.0,16.0,5.0,Normal
H003,D003,2025-04-20,35,9,26,14.0,8.0,21.0,4.0,Limited
H006,D009,2025-06-22,37,20,17,31.0,7.0,23.0,2.0,Normal
H007,D005,2025-06-11,12,7,5,6.0,5.0,25.0,9.0,Normal
H006,D004,2025-11-19,45,41,4,32.0,13.0,7.0,4.0,Critical
H006,D008,2025-01-08,35,27,8,19.0,10.0,14.0,8.0,High Utilization
H003,D010,2025-03-19,11,9,2,8.0,4.0,17.0,12.0,High Utilization
H001,D007,2025-10-19,50,19,31,19.0,9.0,8.0,0.0,Normal
H004,D010,2025-08-25,50,6,44,14.0,9.0,29.0,19.0,Limited
H001,D003,2025-09-06,50,46,4,28.0,22.0,17.0,16.0,Critical
H001,D008,2025-07-05,28,24,4,30.0,7.0,15.0,8.0,High Utilization
H004,D002,2025-09-30,13,11,2,39.0,4.0,25.0,17.0,High Utilization
H005,D001,2025-12-04,12,9,3,13.0,13.0,23.0,0.0,High Utilization
H002,D003,2025-03-20,52,47,5,23.0,9.0,30.0,12.0,Critical
H007,D007,2025-06-14,19,17,2,16.0,10.0,20.0,0.0,High Utilization
H007,D001,2025-09-02,31,18,13,31.0,11.0,22.0,9.0,Normal
H007,D006,2025-02-27,29,15,14,11.0,4.0,12.0,8.0,Normal
H003,D007,2025-02-28,54,53,1,24.0,10.0,17.0,13.0,Critical
H006,D008,2025-01-07,21,17,4,12.0,10.0,18.0,5.0,High Utilization
H001,D009,2025-01-23,32,10,22,37.0,15.0,16.0,13.0,Normal
H004,D007,2025-10-31,24,11,13,23.0,8.0,23.0,19.0,Normal
H003,D009,2025-09-05,56,24,32,12.0,0.0,23.0,4.0,Normal
H007,D009,2025-08-02,25,17,8,10.0,2.0,14.0,0.0,Normal
H002,D009,2025-05-14,29,18,11,35.0,30.0,22.0,15.0,Normal
H007,D009,2025-03-14,40,2,38,31.0,2.0,22.0,14.0,Limited
H002,D003,2025-08-01,35,6,29,22.0,18.0,21.0,15.0,Limited
H007,D010,2025-12-20,19,12,7,37.0,3.0,11.0,11.0,Normal
H006,D001,2025-01-12,54,54,0,30.0,5.0,15.0,2.0,Critical
H003,D003,2025-09-15,17,12,5,5.0,2.0,8.0,3.0,Normal
H001,D001,2025-03-07,19,6,13,35.0,31.0,23.0,20.0,Normal
H005,D003,2025-02-02,20,0,20,28.0,8.0,6.0,2.0,Limited
H006,D010,2025-05-01,44,35,9,6.0,6.0,16.0,5.0,High Utilization
H006,D002,2025-07-30,55,7,48,19.0,1.0,11.0,0.0,Limited
H003,D010,2025-10-19,13,10,3,38.0,7.0,16.0,14.0,High Utilization
H006,D007,2025-06-04,52,52,0,5.0,4.0,26.0,9.0,Critical
H003,D004,2025-01-17,54,6,48,6.0,5.0,20.0,7.0,Limited
H002,D010,2025-09-05,21,8,13,20.0,6.0,13.0,7.0,Normal
H002,D002,2025-08-14,50,17,33,11.0,0.0,26.0,20.0,Normal
H007,D010,2025-11-24,42,7,35,28.0,2.0,26.0,8.0,Limited
H005,D009,2025-04-06,55,28,27,34.0,23.0,25.0,13.0,Normal
H001,D003,2025-01-28,27,12,15,21.0,10.0,18.0,15.0,Normal
H004,D004,2025-08-21,29,24,5,22.0,3.0,25.0,4.0,High Utilization
H002,D007,2025-05-22,18,1,17,24.0,8.0,7.0,5.0,Limited
H003,D010,2025-06-10,37,30,7,14.0,1.0,15.0,5.0,High Utilization
H007,D007,2025-03-13,17,10,7,24.0,18.0,29.0,20.0,Normal
H007,D008,2025-07-07,54,12,42,7.0,2.0,26.0,8.0,Limited
H003,D001,2025-08-07,14,7,7,28.0,2.0,16.0,8.0,Normal
H003,D009,2025-11-19,15,12,3,19.0,8.0,15.0,11.0,High Utilization
H002,D001,2025-03-27,15,1,14,19.0,3.0,18.0,10.0,Limited
H007,D001,2025-01-21,17,10,7,34.0,30.0,14.0,4.0,Normal
H003,D005,2025-11-18,36,10,26,18.0,17.0,9.0,8.0,Limited
H006,D004,2025-05-24,29,9,20,12.0,0.0,17.0,3.0,Normal
H005,D007,2025-07-13,22,14,8,35.0,14.0,28.0,24.0,Normal
H002,D001,2025-03-07,17,5,12,24.0,4.0,21.0,6.0,Limited
H005,D008,2025-08-03,22,14,8,21.0,15.0,17.0,4.0,Normal
H001,D005,2025-05-02,54,35,19,12.0,0.0,29.0,28.0,Normal
H007,D006,2025-12-28,35,2,33,23.0,21.0,29.0,0.0,Limited
H005,D008,2025-02-28,31,30,1,26.0,6.0,21.0,1.0,Critical
H004,D008,2025-01-16,14,11,3,24.0,0.0,8.0,5.0,High Utilization
H006,D005,2025-10-03,18,10,8,24.0,2.0,12.0,12.0,Normal
H006,D010,2025-09-21,51,41,10,12.0,0.0,15.0,0.0,High Utilization
H002,D002,2025-10-10,47,10,37,5.0,0.0,15.0,8.0,Limited
H002,D010,2025-04-17,10,1,9,19.0,5.0,27.0,21.0,Limited
H002,D007,2025-09-28,47,6,41,8.0,4.0,8.0,1.0,Limited
H006,D010,2025-03-21,32,23,9,20.0,13.0,15.0,11.0,Normal
H006,D006,2025-10-05,53,0,53,8.0,3.0,18.0,2.0,Limited
H001,D006,2025-07-27,22,14,8,30.0,7.0,7.0,5.0,Normal
H003,D008,2025-03-23,31,20,11,34.0,18.0,14.0,4.0,Normal
H002,D008,2025-12-20,58,42,16,22.0,16.0,12.0,7.0,Normal
H003,D008,2025-03-11,15,2,13,13.0,6.0,14.0,1.0,Limited
H003,D009,2025-01-12,44,1,43,23.0,10.0,12.0,1.0,Limited
H001,D009,2025-01-03,28,20,8,29.0,17.0,19.0,3.0,Normal
H003,D006,2025-01-13,48,3,45,7.0,0.0,17.0,5.0,Limited
H001,D010,2025-06-09,20,14,6,37.0,23.0,8.0,2.0,Normal
H006,D007,2025-06-30,33,22,11,19.0,17.0,11.0,7.0,Normal
H004,D007,2025-12-13,23,22,1,9.0,3.0,12.0,2.0,Critical
H001,D008,2025-11-03,31,24,7,16.0,11.0,23.0,16.0,High Utilization
H004,D005,2025-07-09,33,10,23,27.0,6.0,28.0,9.0,Normal
H001,D006,2025-12-03,23,10,13,10.0,9.0,26.0,11.0,Normal
H007,D006,2025-12-02,22,6,16,31.0,4.0,23.0,10.0,Limited
H005,D010,2025-05-21,44,43,1,17.0,14.0,7.0,5.0,Critical
H006,D004,2025-12-22,30,24,6,12.0,10.0,6.0,3.0,High Utilization
H006,D001,2025-02-01,60,42,18,8.0,6.0,20.0,14.0,Normal
H003,D002,2025-06-27,54,15,39,25.0,24.0,9.0,5.0,Limited
H004,D001,2025-05-05,32,23,9,21.0,19.0,24.0,21.0,Normal
H003,D009,2025-11-06,44,8,36,9.0,6.0,7.0,1.0,Limited
H004,D002,2025-12-07,25,16,9,24.0,17.0,5.0,1.0,Normal
H007,D001,2025-06-02,37,30,7,20.0,16.0,24.0,13.0,High Utilization
H003,D002,2025-10-21,60,9,51,29.0,22.0,20.0,3.0,Limited
H004,D010,2025-04-18,34,5,29,19.0,10.0,11.0,8.0,Limited
H002,D002,2025-02-13,13,10,3,33.0,27.0,11.0,0.0,High Utilization
H006,D009,2025-11-02,58,35,23,22.0,15.0,27.0,10.0,Normal
H003,D004,2025-01-15,35,12,23,39.0,28.0,6.0,3.0,Normal
H006,D007,2025-12-25,28,7,21,7.0,1.0,20.0,2.0,Limited
H004,D004,2025-12-18,20,4,16,18.0,17.0,23.0,6.0,Limited
H003,D002,2025-09-26,19,7,12,19.0,2.0,20.0,15.0,Normal
H007,D004,2025-10-02,51,39,12,22.0,9.0,13.0,5.0,High Utilization
H004,D009,2025-09-28,35,2,33,6.0,3.0,13.0,12.0,Limited
H005,D001,2025-10-07,42,30,12,17.0,9.0,5.0,5.0,Normal
H004,D008,2025-07-23,32,24,8,21.0,20.0,27.0,5.0,High Utilization
H001,D006,2025-07-01,15,11,4,38.0,18.0,21.0,16.0,Normal
H001,D004,2025-05-31,30,14,16,30.0,18.0,10.0,2.0,Normal
H006,D003,2025-06-10,14,2,12,16.0,0.0,7.0,6.0,Limited
H003,D004,2025-11-10,22,21,1,39.0,38.0,27.0,25.0,Critical
H001,D004,2025-01-14,39,8,31,35.0,17.0,23.0,11.0,Limited
H005,D006,2025-04-23,59,34,25,18.0,14.0,20.0,19.0,Normal
H001,D010,2025-01-16,47,2,45,20.0,6.0,25.0,23.0,Limited
H001,D001,2025-03-14,56,4,52,29.0,26.0,7.0,4.0,Limited
H003,D006,2025-04-10,30,4,26,25.0,5.0,18.0,2.0,Limited
H006,D008,2025-03-19,43,6,37,16.0,4.0,18.0,8.0,Limited
H004,D002,2025-02-09,57,36,21,23.0,10.0,29.0,4.0,Normal
H005,D007,2025-01-11,53,3,50,12.0,10.0,19.0,13.0,Limited
H004,D010,2025-06-16,11,1,10,11.0,10.0,15.0,11.0,Limited
H003,D010,2025-09-12,54,2,52,17.0,16.0,20.0,4.0,Limited
H002,D006,2025-12-14,34,13,21,23.0,10.0,7.0,2.0,Normal
H006,D006,2025-07-02,53,10,43,15.0,14.0,21.0,5.0,Limited
H003,D008,2025-09-09,49,25,24,17.0,3.0,8.0,7.0,Normal
H006,D003,2025-11-06,12,0,12,22.0,2.0,21.0,2.0,Limited
H001,D008,2025-03-16,57,26,31,35.0,4.0,14.0,0.0,Normal
H006,D001,2025-03-21,15,11,4,22.0,17.0,6.0,2.0,Normal
H006,D010,2025-02-22,12,4,8,6.0,5.0,14.0,4.0,Normal
H001,D002,2025-11-07,51,9,42,19.0,5.0,27.0,13.0,Limited
H002,D001,2025-09-30,15,8,7,7.0,7.0,25.0,4.0,Normal
H006,D005,2025-03-02,51,46,5,10.0,1.0,9.0,8.0,Critical
H001,D007,2025-02-27,58,49,9,27.0,15.0,12.0,11.0,High Utilization
H006,D003,2025-12-22,52,16,36,29.0,12.0,17.0,6.0,Normal
H006,D007,2025-12-21,13,4,9,16.0,11.0,27.0,20.0,Normal
H004,D007,2025-04-04,49,34,15,29.0,29.0,6.0,1.0,Normal
H005,D005,2025-10-27,27,22,5,26.0,13.0,28.0,1.0,High Utilization
H007,D010,2025-11-24,20,10,10,8.0,8.0,29.0,28.0,Normal
H002,D002,2025-02-07,57,7,50,16.0,10.0,23.0,12.0,Limited
H003,D005,2025-11-16,49,25,24,12.0,3.0,12.0,1.0,Normal
H001,D009,2025-11-06,43,30,13,23.0,0.0,17.0,4.0,Normal
H003,D002,2025-11-23,50,20,30,22.0,9.0,23.0,10.0,Normal
H003,D005,2025-08-25,18,8,10,11.0,10.0,30.0,14.0,Normal
H005,D002,2025-02-24,32,15,17,10.0,0.0,27.0,8.0,Normal
H007,D006,2025-03-05,32,15,17,10.0,2.0,10.0,1.0,Normal
H003,D001,2025-07-26,28,9,19,8.0,8.0,25.0,8.0,Normal
H002,D005,2025-01-29,10,7,3,12.0,6.0,12.0,1.0,Normal
H001,D006,2025-04-07,31,16,15,5.0,5.0,8.0,2.0,Normal
H005,D001,2025-08-22,33,13,20,19.0,18.0,15.0,2.0,Normal
H003,D006,2025-10-24,31,21,10,26.0,12.0,13.0,13.0,Normal
H007,D002,2025-03-05,35,18,17,36.0,0.0,24.0,15.0,Normal
H004,D009,2025-11-19,28,21,7,10.0,3.0,9.0,2.0,High Utilization
H002,D003,2025-01-14,46,1,45,13.0,1.0,7.0,3.0,Limited
H006,D006,2025-07-13,16,2,14,28.0,2.0,15.0,9.0,Limited
H007,D009,2025-08-27,25,2,23,19.0,6.0,8.0,2.0,Limited
H006,D006,2025-12-02,57,15,42,37.0,11.0,27.0,16.0,Limited
H005,D010,2025-05-10,54,6,48,36.0,15.0,30.0,3.0,Limited
H007,D004,2025-04-22,20,10,10,40.0,40.0,23.0,12.0,Normal
H001,D007,2025-11-09,46,45,1,20.0,19.0,14.0,7.0,Critical
H006,D004,2025-03-21,57,16,41,20.0,7.0,17.0,11.0,Limited
H001,D007,2025-11-21,55,16,39,38.0,30.0,11.0,4.0,Limited
H007,D006,2025-05-25,53,34,19,37.0,10.0,13.0,2.0,Normal
H001,D001,2025-05-17,35,8,27,39.0,4.0,15.0,7.0,Limited
H002,D010,2025-04-30,42,21,21,26.0,9.0,20.0,13.0,Normal
H007,D010,2025-04-28,11,3,8,11.0,0.0,8.0,1.0,Limited
H006,D001,2025-08-06,49,18,31,36.0,7.0,21.0,6.0,Normal
H006,D001,2025-01-03,56,18,38,12.0,7.0,18.0,16.0,Normal
H004,D001,2025-04-13,27,4,23,17.0,14.0,13.0,11.0,Limited
H003,D010,2025-10-10,33,23,10,29.0,2.0,26.0,18.0,Normal
H007,D010,2025-04-11,54,40,14,34.0,12.0,23.0,10.0,Normal
H006,D003,2025-08-20,15,8,7,36.0,5.0,9.0,5.0,Normal
H007,D010,2025-10-17,46,13,33,12.0,7.0,11.0,0.0,Limited
H006,D005,2025-03-22,24,23,1,34.0,4.0,10.0,7.0,Critical
H006,D003,2025-11-23,36,14,22,22.0,11.0,17.0,9.0,Normal
H001,D009,2025-10-12,54,21,33,10.0,7.0,15.0,7.0,Normal
H003,D006,2025-01-16,37,28,9,17.0,16.0,20.0,10.0,High Utilization
H005,D010,2025-07-28,33,14,19,26.0,12.0,8.0,4.0,Normal
H005,D010,2025-05-01,29,2,27,26.0,11.0,15.0,3.0,Limited
H001,D001,2025-07-26,26,14,12,26.0,6.0,9.0,5.0,Normal
H006,D007,2025-09-14,27,16,11,28.0,12.0,8.0,2.0,Normal
H003,D001,2025-05-17,45,4,41,20.0,18.0,26.0,4.0,Limited
H002,D001,2025-11-05,58,43,15,7.0,6.0,9.0,8.0,Normal
H007,D008,2025-07-03,11,7,4,8.0,0.0,21.0,20.0,Normal
H006,D003,2025-09-08,34,24,10,25.0,25.0,14.0,2.0,Normal
H002,D010,2025-11-14,15,2,13,35.0,4.0,6.0,3.0,Limited
H002,D004,2025-05-19,17,17,0,10.0,10.0,22.0,9.0,Critical
H006,D002,2025-06-19,11,9,2,20.0,15.0,11.0,0.0,High Utilization
H005,D006,2025-01-16,19,16,3,40.0,29.0,11.0,3.0,High Utilization
H001,D009,2025-08-20,37,19,18,15.0,9.0,29.0,18.0,Normal
H006,D004,2025-09-13,45,8,37,10.0,4.0,16.0,12.0,Limited
H002,D002,2025-05-16,59,55,4,15.0,3.0,24.0,5.0,Critical
H007,D001,2025-01-30,55,51,4,18.0,14.0,10.0,1.0,Critical
H007,D004,2025-08-26,32,2,30,39.0,24.0,12.0,9.0,Limited
H004,D002,2025-03-31,22,13,9,35.0,1.0,16.0,7.0,Normal
H004,D007,2025-04-01,56,4,52,29.0,26.0,21.0,10.0,Limited
H002,D005,2025-05-29,47,45,2,38.0,29.0,6.0,6.0,Critical
H003,D002,2025-06-28,41,3,38,32.0,20.0,18.0,7.0,Limited
H003,D002,2025-08-26,26,15,11,7.0,5.0,14.0,0.0,Normal
H001,D004,2025-07-26,35,2,33,16.0,15.0,15.0,8.0,Limited
H007,D009,2025-02-10,30,26,4,19.0,15.0,11.0,4.0,High Utilization
H005,D007,2025-04-16,50,28,22,8.0,8.0,26.0,12.0,Normal
H002,D008,2025-08-02,13,13,0,30.0,9.0,13.0,9.0,Critical
H002,D010,2025-04-30,55,48,7,6.0,0.0,30.0,21.0,High Utilization
H003,D008,2025-09-08,45,3,42,34.0,18.0,30.0,11.0,Limited
H003,D004,2025-03-21,23,18,5,19.0,3.0,15.0,2.0,High Utilization
H005,D002,2025-03-21,13,12,1,11.0,3.0,11.0,2.0,Critical
H005,D002,2025-12-01,46,21,25,29.0,8.0,9.0,2.0,Normal
H004,D004,2025-10-23,54,40,14,29.0,16.0,15.0,13.0,Normal
H006,D008,2025-03-20,55,34,21,15.0,10.0,25.0,19.0,Normal
H007,D004,2025-06-30,28,12,16,24.0,0.0,11.0,10.0,Normal
H002,D002,2025-08-09,20,8,12,37.0,17.0,29.0,7.0,Normal
H007,D001,2025-01-02,42,26,16,28.0,1.0,28.0,5.0,Normal
H004,D006,2025-09-19,19,18,1,37.0,5.0,11.0,11.0,Critical
H004,D005,2025-07-18,39,2,37,13.0,12.0,26.0,15.0,Limited
H002,D002,2025-05-23,36,7,29,10.0,9.0,8.0,8.0,Limited
H007,D009,2025-11-03,36,27,9,24.0,2.0,19.0,5.0,High Utilization
H001,D004,2025-04-03,32,13,19,26.0,7.0,24.0,13.0,Normal
H004,D007,2025-10-25,11,0,11,9.0,0.0,12.0,8.0,Limited
H007,D006,2025-11-15,59,13,46,19.0,1.0,25.0,22.0,Limited
H001,D005,2025-01-08,49,32,17,15.0,11.0,27.0,6.0,Normal
H007,D009,2025-10-26,21,21,0,8.0,8.0,16.0,16.0,Critical
H007,D006,2025-07-01,45,39,6,5.0,0.0,26.0,2.0,High Utilization
H005,D002,2025-01-11,38,7,31,31.0,8.0,11.0,2.0,Limited
H002,D008,2025-06-29,53,0,53,13.0,1.0,30.0,1.0,Limited
H004,D001,2025-09-30,21,14,7,8.0,6.0,18.0,10.0,Normal
H004,D003,2025-01-24,21,14,7,12.0,8.0,27.0,6.0,Normal
H007,D008,2025-10-31,50,10,40,6.0,5.0,28.0,15.0,Limited
H007,D001,2025-06-21,40,36,4,9.0,8.0,22.0,4.0,Critical
H005,D003,2025-06-12,43,18,25,40.0,37.0,8.0,1.0,Normal
H006,D008,2025-08-23,24,2,22,8.0,1.0,7.0,0.0,Limited
H006,D001,2025-11-25,52,20,32,11.0,1.0,11.0,3.0,Normal
H001,D008,2025-12-11,17,0,17,23.0,11.0,23.0,14.0,Limited
H001,D008,2025-01-13,45,6,39,24.0,21.0,16.0,4.0,Limited
H005,D010,2025-03-02,20,13,7,37.0,21.0,12.0,1.0,Normal
H007,D004,2025-04-26,18,0,18,18.0,12.0,5.0,3.0,Limited
H003,D001,2025-10-04,49,12,37,17.0,7.0,30.0,21.0,Limited
H006,D008,2025-11-01,26,18,8,11.0,2.0,5.0,0.0,Normal
H005,D007,2025-11-21,19,3,16,21.0,18.0,20.0,8.0,Limited
H005,D003,2025-12-26,16,5,11,23.0,7.0,9.0,5.0,Normal
H007,D001,2025-07-08,30,22,8,6.0,5.0,11.0,10.0,Normal
H002,D007,2025-09-10,39,31,8,16.0,3.0,25.0,23.0,High Utilization
H002,D004,2025-06-02,47,44,3,30.0,5.0,12.0,10.0,Critical
H002,D004,2025-04-20,55,38,17,36.0,24.0,21.0,17.0,Normal
H002,D009,2025-06-08,44,42,2,26.0,10.0,30.0,24.0,Critical
H003,D008,2025-01-14,50,33,17,38.0,11.0,30.0,8.0,Normal
H003,D007,2025-07-26,51,33,18,31.0,16.0,25.0,6.0,Normal
H003,D003,2025-09-14,52,23,29,19.0,11.0,20.0,9.0,Normal
H004,D005,2025-06-11,12,10,2,40.0,11.0,5.0,5.0,High Utilization
H001,D008,2025-06-23,16,6,10,33.0,18.0,25.0,17.0,Normal
H002,D008,2025-07-14,36,36,0,11.0,9.0,20.0,12.0,Critical
H007,D010,2025-08-17,53,29,24,39.0,38.0,28.0,8.0,Normal
H003,D001,2025-05-04,11,11,0,39.0,38.0,14.0,6.0,Critical
H007,D004,2025-10-11,25,22,3,19.0,5.0,22.0,10.0,High Utilization
H005,D009,2025-07-27,51,21,30,26.0,25.0,20.0,10.0,Normal
H003,D002,2025-09-23,21,6,15,20.0,4.0,30.0,1.0,Limited
H007,D007,2025-05-01,36,7,29,25.0,12.0,11.0,3.0,Limited
H004,D006,2025-06-22,48,47,1,16.0,7.0,18.0,8.0,Critical
H006,D008,2025-04-04,53,51,2,26.0,18.0,22.0,11.0,Critical
H002,D004,2025-02-11,17,13,4,25.0,6.0,30.0,28.0,High Utilization
H004,D002,2025-04-14,13,0,13,19.0,14.0,13.0,1.0,Limited
H003,D007,2025-12-10,36,30,6,12.0,3.0,23.0,0.0,High Utilization
H006,D004,2025-04-18,44,25,19,16.0,7.0,11.0,8.0,Normal
H005,D006,2025-03-09,20,3,17,12.0,9.0,21.0,13.0,Limited
H002,D002,2025-09-05,55,14,41,37.0,18.0,24.0,12.0,Limited
H006,D010,2025-11-24,11,4,7,32.0,19.0,28.0,0.0,Normal
H005,D003,2025-01-15,15,14,1,35.0,9.0,20.0,7.0,Critical
H006,D009,2025-05-01,59,53,6,17.0,16.0,9.0,8.0,High Utilization
H002,D010,2025-06-14,21,16,5,16.0,11.0,8.0,6.0,High Utilization
H001,D004,2025-07-29,34,28,6,11.0,2.0,13.0,9.0,High Utilization
H001,D007,2025-03-25,22,16,6,39.0,6.0,25.0,6.0,Normal
H007,D002,2025-01-27,34,9,25,14.0,10.0,8.0,7.0,Limited
H002,D001,2025-12-27,52,35,17,19.0,5.0,16.0,10.0,Normal
H006,D002,2025-09-07,14,14,0,21.0,11.0,9.0,7.0,Critical
H007,D001,2025-12-16,60,31,29,39.0,17.0,30.0,1.0,Normal
H007,D007,2025-08-05,44,25,19,9.0,1.0,28.0,22.0,Normal
H003,D001,2025-03-26,59,52,7,24.0,18.0,6.0,0.0,High Utilization
H004,D009,2025-09-05,18,4,14,35.0,27.0,25.0,8.0,Limited
H007,D007,2025-01-12,42,27,15,40.0,19.0,19.0,13.0,Normal
H007,D005,2025-05-07,15,13,2,7.0,7.0,14.0,5.0,High Utilization
H001,D004,2025-03-29,18,0,18,15.0,13.0,29.0,14.0,Limited
H003,D003,2025-02-15,38,28,10,16.0,1.0,19.0,9.0,Normal
H004,D001,2025-01-17,53,1,52,29.0,3.0,25.0,14.0,Limited
H002,D004,2025-05-14,25,1,24,11.0,10.0,30.0,18.0,Limited
H003,D009,2025-08-01,56,52,4,14.0,13.0,29.0,4.0,Critical
H007,D001,2025-11-05,57,35,22,26.0,16.0,18.0,8.0,Normal
H005,D001,2025-06-01,43,14,29,12.0,5.0,30.0,30.0,Normal
H003,D005,2025-05-31,55,42,13,23.0,22.0,20.0,5.0,High Utilization
H001,D008,2025-04-26,20,8,12,8.0,0.0,19.0,5.0,Normal
H007,D010,2025-04-05,42,36,6,36.0,21.0,21.0,20.0,High Utilization
H004,D010,2025-11-29,27,16,11,26.0,6.0,8.0,2.0,Normal
H005,D001,2025-04-27,49,5,44,14.0,0.0,13.0,0.0,Limited
H006,D001,2025-05-25,34,11,23,16.0,1.0,15.0,13.0,Normal
H007,D008,2025-04-10,36,9,27,18.0,0.0,22.0,2.0,Limited
H006,D008,2025-08-28,23,2,21,19.0,6.0,13.0,11.0,Limited
H007,D001,2025-09-09,42,19,23,13.0,5.0,8.0,0.0,Normal
H007,D004,2025-07-07,59,9,50,19.0,1.0,27.0,7.0,Limited
H006,D006,2025-05-20,44,41,3,12.0,8.0,17.0,16.0,Critical
H007,D003,2025-11-23,40,3,37,9.0,8.0,12.0,0.0,Limited
H006,D005,2025-06-25,48,22,26,18.0,1.0,6.0,3.0,Normal
H001,D010,2025-02-28,14,8,6,11.0,9.0,15.0,0.0,Normal
H007,D006,2025-09-02,18,16,2,16.0,9.0,26.0,13.0,High Utilization
H005,D009,2025-06-23,57,29,28,23.0,19.0,24.0,22.0,Normal
H007,D008,2025-04-09,41,16,25,7.0,2.0,16.0,10.0,Normal
H004,D004,2025-02-19,34,27,7,22.0,11.0,19.0,8.0,High Utilization
H001,D006,2025-09-27,58,10,48,17.0,10.0,5.0,4.0,Limited
H007,D005,2025-12-30,55,49,6,27.0,17.0,14.0,9.0,High Utilization
H006,D002,2025-05-30,34,1,33,13.0,8.0,21.0,21.0,Limited
H006,D004,2025-08-15,12,11,1,21.0,2.0,15.0,3.0,Critical
H004,D010,2025-01-10,47,33,14,32.0,27.0,21.0,3.0,Normal
H003,D009,2025-01-20,38,31,7,10.0,2.0,11.0,2.0,High Utilization
H003,D008,2025-10-10,44,17,27,25.0,16.0,11.0,10.0,Normal
H002,D007,2025-08-11,24,5,19,31.0,11.0,12.0,7.0,Limited
H007,D008,2025-04-23,21,12,9,35.0,1.0,13.0,5.0,Normal
H006,D004,2025-06-14,53,32,21,31.0,0.0,12.0,12.0,Normal
H006,D010,2025-12-11,26,5,21,9.0,7.0,21.0,15.0,Limited
H002,D003,2025-08-31,52,26,26,10.0,9.0,20.0,6.0,Normal
H003,D005,2025-04-23,23,20,3,26.0,13.0,16.0,14.0,High Utilization
H002,D009,2025-03-17,12,11,1,20.0,17.0,20.0,13.0,Critical
H006,D002,2025-08-12,20,19,1,37.0,4.0,23.0,19.0,Critical
H003,D007,2025-05-26,55,24,31,15.0,5.0,14.0,11.0,Normal
H001,D007,2025-01-25,28,20,8,25.0,3.0,9.0,6.0,Normal
H003,D005,2025-08-08,57,45,12,21.0,21.0,16.0,9.0,High Utilization
H007,D010,2025-03-09,42,5,37,7.0,4.0,12.0,8.0,Limited
H003,D010,2025-01-03,43,22,21,29.0,5.0,17.0,5.0,Normal
H002,D004,2025-05-24,38,29,9,31.0,27.0,21.0,9.0,High Utilization
H004,D010,2025-08-20,16,12,4,36.0,23.0,28.0,12.0,High Utilization
H007,D009,2025-07-11,28,7,21,36.0,34.0,10.0,10.0,Limited
H001,D003,2025-01-05,13,3,10,13.0,0.0,17.0,12.0,Limited
H004,D001,2025-07-18,57,45,12,29.0,25.0,22.0,4.0,High Utilization
H007,D001,2025-11-15,30,17,13,36.0,35.0,6.0,3.0,Normal
H007,D006,2025-01-22,13,4,9,30.0,20.0,5.0,3.0,Normal
H005,D001,2025-07-21,23,1,22,38.0,0.0,6.0,0.0,Limited
H003,D007,2025-09-21,46,10,36,11.0,1.0,18.0,6.0,Limited
H003,D009,2025-05-15,24,16,8,19.0,7.0,16.0,0.0,Normal
H007,D006,2025-04-12,59,19,40,27.0,20.0,28.0,14.0,Normal
H003,D003,2025-10-28,15,10,5,39.0,4.0,14.0,7.0,Normal
H007,D001,2025-01-24,57,7,50,15.0,11.0,5.0,5.0,Limited
H004,D010,2025-01-17,22,13,9,6.0,0.0,10.0,7.0,Normal
H001,D005,2025-01-19,20,10,10,7.0,4.0,19.0,11.0,Normal
H001,D010,2025-03-15,40,8,32,24.0,21.0,8.0,7.0,Limited
H001,D002,2025-11-13,28,11,17,9.0,7.0,19.0,18.0,Normal
H003,D004,2025-07-30,34,24,10,22.0,11.0,19.0,1.0,Normal
H004,D001,2025-04-04,40,15,25,40.0,16.0,22.0,17.0,Normal
H007,D007,2025-05-01,42,0,42,22.0,3.0,18.0,6.0,Limited
H006,D010,2025-05-20,35,23,12,30.0,6.0,25.0,16.0,Normal
H005,D008,2025-02-02,36,13,23,38.0,32.0,21.0,7.0,Normal
H003,D008,2025-07-12,30,3,27,27.0,13.0,15.0,8.0,Limited
H002,D005,2025-10-22,27,12,15,5.0,5.0,5.0,3.0,Normal
H005,D001,2025-05-12,20,5,15,10.0,8.0,30.0,9.0,Limited
H005,D001,2025-11-27,60,31,29,37.0,16.0,21.0,7.0,Normal
H005,D008,2025-09-08,58,21,37,19.0,2.0,14.0,8.0,Normal
H002,D009,2025-07-10,36,2,34,15.0,14.0,25.0,12.0,Limited
H001,D009,2025-08-16,26,11,15,24.0,19.0,22.0,22.0,Normal
H001,D007,2025-01-30,31,17,14,9.0,3.0,7.0,6.0,Normal
H003,D009,2025-12-23,38,8,30,14.0,4.0,9.0,8.0,Limited
H005,D004,2025-07-23,27,5,22,30.0,20.0,10.0,4.0,Limited
H004,D008,2025-02-07,14,0,14,33.0,12.0,26.0,9.0,Limited
H003,D001,2025-05-04,58,22,36,26.0,10.0,8.0,0.0,Normal
H004,D004,2025-03-11,21,14,7,17.0,9.0,28.0,13.0,Normal
H001,D002,2025-05-31,32,9,23,17.0,2.0,23.0,3.0,Limited
H002,D005,2025-01-12,18,1,17,39.0,31.0,27.0,9.0,Limited
H007,D002,2025-02-12,14,0,14,37.0,12.0,20.0,18.0,Limited
H001,D002,2025-05-11,22,22,0,30.0,1.0,15.0,13.0,Critical
H005,D006,2025-06-26,17,11,6,11.0,0.0,29.0,21.0,Normal
H005,D005,2025-03-01,27,21,6,31.0,29.0,14.0,7.0,High Utilization
H001,D005,2025-01-02,46,32,14,29.0,14.0,22.0,0.0,Normal
H004,D009,2025-11-11,40,35,5,32.0,26.0,14.0,3.0,High Utilization
H004,D005,2025-11-18,57,12,45,15.0,7.0,28.0,27.0,Limited
H002,D003,2025-08-05,19,0,19,14.0,6.0,21.0,16.0,Limited
H005,D009,2025-07-03,45,37,8,14.0,8.0,14.0,12.0,High Utilization
H002,D009,2025-05-26,44,40,4,22.0,8.0,13.0,4.0,Critical
H003,D006,2025-10-22,11,0,11,29.0,14.0,10.0,8.0,Limited
H007,D008,2025-12-17,28,27,1,5.0,2.0,22.0,20.0,Critical
H004,D003,2025-09-19,18,9,9,11.0,7.0,23.0,9.0,Normal
H002,D004,2025-06-25,55,22,33,29.0,7.0,9.0,5.0,Normal
H004,D006,2025-07-06,31,26,5,31.0,18.0,13.0,13.0,High Utilization
H004,D004,2025-03-14,27,9,18,38.0,13.0,24.0,8.0,Normal
H004,D003,2025-06-17,31,21,10,17.0,16.0,30.0,2.0,Normal
H001,D005,2025-11-10,29,26,3,37.0,29.0,7.0,2.0,High Utilization
H006,D006,2025-09-30,26,11,15,31.0,25.0,5.0,5.0,Normal
H005,D008,2025-08-11,54,48,6,23.0,13.0,25.0,18.0,High Utilization
H007,D001,2025-06-01,44,25,19,36.0,4.0,10.0,1.0,Normal
H002,D005,2025-07-04,34,25,9,18.0,12.0,22.0,22.0,Normal
H006,D007,2025-06-16,37,6,31,24.0,18.0,26.0,1.0,Limited
H007,D003,2025-05-23,42,6,36,31.0,29.0,13.0,3.0,Limited
H004,D009,2025-11-06,19,2,17,24.0,15.0,16.0,10.0,Limited
H005,D008,2025-01-05,53,18,35,32.0,23.0,11.0,4.0,Normal
H004,D005,2025-01-27,57,34,23,10.0,6.0,25.0,14.0,Normal
H004,D008,2025-11-03,56,46,10,7.0,4.0,15.0,14.0,High Utilization
H006,D007,2025-10-22,24,1,23,26.0,14.0,24.0,24.0,Limited
H003,D002,2025-07-01,44,34,10,35.0,6.0,12.0,2.0,High Utilization
H003,D006,2025-06-04,31,18,13,5.0,4.0,26.0,23.0,Normal
H005,D001,2025-01-03,19,17,2,28.0,0.0,8.0,4.0,High Utilization
H004,D002,2025-03-03,60,47,13,27.0,5.0,12.0,12.0,High Utilization
H007,D001,2025-05-14,44,44,0,6.0,4.0,27.0,22.0,Critical
H004,D003,2025-06-03,25,18,7,12.0,5.0,26.0,24.0,Normal
H005,D001,2025-05-22,41,23,18,29.0,0.0,22.0,0.0,Normal
H005,D002,2025-05-18,17,16,1,26.0,0.0,21.0,3.0,Critical
H004,D009,2025-07-27,46,27,19,18.0,15.0,8.0,0.0,Normal
H001,D001,2025-04-20,22,12,10,27.0,8.0,15.0,7.0,Normal
H007,D002,2025-04-26,56,28,28,27.0,23.0,29.0,13.0,Normal
H002,D002,2025-04-30,53,32,21,7.0,5.0,25.0,4.0,Normal
H007,D008,2025-05-15,15,9,6,37.0,27.0,24.0,7.0,Normal
H006,D006,2025-08-14,57,3,54,40.0,17.0,27.0,10.0,Limited
H005,D008,2025-05-14,13,12,1,10.0,5.0,5.0,1.0,Critical
H003,D001,2025-06-17,46,33,13,30.0,28.0,19.0,4.0,Normal
H003,D006,2025-09-18,52,43,9,32.0,0.0,15.0,13.0,High Utilization
H006,D004,2025-05-04,60,60,0,23.0,5.0,29.0,13.0,Critical
H003,D007,2025-10-13,40,26,14,10.0,10.0,26.0,24.0,Normal
H005,D007,2025-10-12,49,21,28,27.0,4.0,11.0,0.0,Normal
H005,D007,2025-11-21,21,14,7,35.0,24.0,16.0,11.0,Normal
H001,D010,2025-03-16,18,10,8,40.0,0.0,13.0,13.0,Normal
H006,D009,2025-08-08,25,18,7,12.0,7.0,29.0,2.0,Normal
H005,D001,2025-07-20,10,5,5,16.0,6.0,11.0,8.0,Normal
H004,D008,2025-02-09,31,31,0,35.0,21.0,28.0,27.0,Critical
H005,D005,2025-11-13,60,19,41,33.0,6.0,11.0,7.0,Normal
H003,D008,2025-01-23,30,23,7,29.0,16.0,28.0,4.0,High Utilization
H006,D008,2025-10-21,16,0,16,5.0,5.0,11.0,3.0,Limited
H007,D003,2025-09-23,14,4,10,40.0,7.0,22.0,1.0,Limited
H001,D001,2025-09-14,59,16,43,22.0,15.0,18.0,12.0,Limited
H003,D007,2025-01-12,39,18,21,24.0,10.0,26.0,21.0,Normal
H006,D009,2025-05-02,38,20,18,30.0,16.0,27.0,8.0,Normal
H007,D006,2025-07-01,12,6,6,24.0,3.0,24.0,14.0,Normal
H002,D009,2025-02-23,45,6,39,16.0,11.0,25.0,14.0,Limited
H002,D005,2025-09-06,13,3,10,28.0,9.0,21.0,0.0,Limited
H004,D003,2025-09-01,27,6,21,31.0,18.0,27.0,12.0,Limited
H004,D005,2025-10-30,16,4,12,24.0,13.0,23.0,0.0,Limited
H003,D010,2025-09-26,38,25,13,34.0,33.0,24.0,14.0,Normal
H003,D001,2025-07-02,36,11,25,10.0,2.0,25.0,14.0,Normal
H003,D001,2025-09-01,52,6,46,32.0,30.0,25.0,23.0,Limited
H001,D003,2025-08-27,57,6,51,32.0,8.0,19.0,16.0,Limited
H001,D005,2025-04-20,53,40,13,15.0,0.0,11.0,6.0,High Utilization
H003,D002,2025-02-07,28,21,7,32.0,2.0,20.0,15.0,High Utilization
H007,D003,2025-08-28,37,34,3,35.0,3.0,11.0,2.0,Critical
H006,D010,2025-12-26,10,1,9,10.0,9.0,5.0,4.0,Limited
H006,D004,2025-02-19,21,20,1,15.0,12.0,30.0,4.0,Critical
H004,D009,2025-04-15,60,58,2,26.0,13.0,25.0,17.0,Critical
H002,D009,2025-12-25,15,3,12,13.0,3.0,19.0,19.0,Limited
H004,D005,2025-10-25,24,3,21,36.0,18.0,12.0,6.0,Limited
H002,D005,2025-08-11,28,19,9,22.0,5.0,5.0,1.0,Normal
H004,D009,2025-09-06,17,6,11,6.0,2.0,10.0,0.0,Normal
H001,D007,2025-11-28,35,9,26,25.0,3.0,9.0,4.0,Limited
H007,D010,2025-05-18,56,56,0,19.0,11.0,19.0,16.0,Critical
H005,D007,2025-01-16,23,7,16,17.0,13.0,15.0,13.0,Normal
H005,D007,2025-01-11,40,4,36,16.0,14.0,26.0,26.0,Limited
H007,D009,2025-07-10,14,6,8,29.0,26.0,26.0,6.0,Normal
H005,D005,2025-04-28,29,25,4,21.0,8.0,6.0,4.0,High Utilization
H007,D008,2025-07-29,12,12,0,24.0,16.0,24.0,18.0,Critical
H003,D001,2025-07-29,23,17,6,6.0,4.0,30.0,12.0,Normal
H002,D003,2025-08-02,48,38,10,10.0,7.0,15.0,11.0,High Utilization
H006,D006,2025-05-09,51,3,48,28.0,27.0,12.0,7.0,Limited
H006,D006,2025-10-30,45,28,17,31.0,13.0,14.0,8.0,Normal
H006,D010,2025-06-03,13,6,7,20.0,20.0,24.0,11.0,Normal
H006,D005,2025-08-09,47,18,29,11.0,6.0,10.0,0.0,Normal
H006,D004,2025-11-03,53,24,29,17.0,8.0,14.0,5.0,Normal
H003,D009,2025-11-22,15,15,0,22.0,20.0,26.0,4.0,Critical
H001,D002,2025-11-27,26,20,6,14.0,6.0,26.0,13.0,High Utilization
H003,D010,2025-12-28,51,24,27,33.0,16.0,6.0,4.0,Normal
H001,D006,2025-01-19,29,24,5,7.0,1.0,7.0,6.0,High Utilization
H005,D009,2025-02-28,25,3,22,40.0,30.0,27.0,12.0,Limited
H006,D009,2025-04-19,53,17,36,18.0,4.0,26.0,25.0,Normal
H002,D002,2025-04-21,48,37,11,15.0,6.0,9.0,3.0,High Utilization
H004,D005,2025-06-13,50,4,46,39.0,17.0,21.0,2.0,Limited
H002,D001,2025-04-06,50,28,22,8.0,8.0,25.0,7.0,Normal
H007,D005,2025-09-30,57,52,5,20.0,6.0,15.0,2.0,Critical
H003,D005,2025-01-29,58,20,38,26.0,21.0,16.0,9.0,Normal
H006,D005,2025-04-06,44,24,20,36.0,4.0,25.0,2.0,Normal
H004,D005,2025-10-15,39,12,27,27.0,14.0,5.0,0.0,Normal
H007,D008,2025-05-12,24,22,2,31.0,24.0,7.0,1.0,Critical
H002,D002,2025-08-01,33,1,32,35.0,24.0,16.0,12.0,Limited
H005,D003,2025-04-27,44,10,34,12.0,8.0,8.0,0.0,Limited
H006,D003,2025-08-02,59,36,23,12.0,9.0,21.0,12.0,Normal
H002,D006,2025-08-05,10,8,2,12.0,0.0,20.0,9.0,High Utilization
H006,D007,2025-06-02,35,15,20,26.0,5.0,13.0,13.0,Normal
H007,D008,2025-03-29,34,10,24,32.0,26.0,29.0,10.0,Limited
H002,D007,2025-01-30,28,12,16,24.0,9.0,14.0,6.0,Normal
H002,D005,2025-07-21,12,2,10,25.0,7.0,12.0,4.0,Limited
H004,D005,2025-11-12,39,38,1,32.0,31.0,19.0,3.0,Critical
H005,D002,2025-11-07,52,32,20,33.0,9.0,30.0,8.0,Normal
H004,D006,2025-09-09,38,7,31,37.0,27.0,27.0,15.0,Limited
H003,D008,2025-05-24,35,28,7,23.0,20.0,28.0,8.0,High Utilization
H003,D002,2025-10-05,54,20,34,15.0,3.0,9.0,4.0,Normal
H006,D001,2025-08-09,21,13,8,19.0,10.0,19.0,10.0,Normal
H002,D001,2025-10-23,58,15,43,33.0,32.0,6.0,2.0,Limited
H001,D009,2025-08-26,26,15,11,33.0,10.0,12.0,10.0,Normal
H006,D007,2025-05-04,46,36,10,5.0,2.0,12.0,7.0,High Utilization
H007,D005,2025-02-28,15,0,15,26.0,0.0,9.0,7.0,Limited
H006,D008,2025-05-06,47,28,19,40.0,13.0,25.0,8.0,Normal
H003,D005,2025-01-17,52,31,21,24.0,5.0,11.0,2.0,Normal
H002,D007,2025-11-14,32,3,29,31.0,15.0,29.0,27.0,Limited
H004,D001,2025-04-05,40,30,10,8.0,3.0,17.0,2.0,High Utilization
H006,D004,2025-05-14,47,40,7,15.0,15.0,24.0,4.0,High Utilization
H006,D002,2025-05-20,15,5,10,21.0,18.0,16.0,12.0,Normal
H003,D003,2025-06-18,31,3,28,30.0,2.0,21.0,17.0,Limited
H002,D004,2025-10-11,57,30,27,36.0,15.0,16.0,11.0,Normal
H003,D001,2025-07-28,15,4,11,29.0,4.0,14.0,0.0,Limited
H004,D008,2025-07-10,50,44,6,27.0,15.0,5.0,0.0,High Utilization
H001,D002,2025-09-14,41,11,30,25.0,21.0,26.0,9.0,Limited
H003,D005,2025-12-11,20,18,2,6.0,1.0,9.0,5.0,Critical
H002,D005,2025-09-17,49,18,31,30.0,10.0,25.0,25.0,Normal
H006,D009,2025-07-05,54,32,22,26.0,13.0,24.0,21.0,Normal
H004,D003,2025-07-22,55,5,50,25.0,18.0,17.0,10.0,Limited
H002,D007,2025-09-15,47,18,29,9.0,6.0,26.0,22.0,Normal
H001,D009,2025-09-18,29,27,2,29.0,24.0,8.0,2.0,Critical
H001,D005,2025-07-02,54,5,49,39.0,21.0,6.0,5.0,Limited
H001,D002,2025-02-24,57,18,39,19.0,3.0,6.0,0.0,Normal
H004,D007,2025-10-17,37,0,37,11.0,11.0,11.0,3.0,Limited
H004,D002,2025-10-12,33,16,17,34.0,9.0,21.0,18.0,Normal
H004,D003,2025-09-06,52,3,49,33.0,13.0,16.0,9.0,Limited
H006,D010,2025-01-14,31,30,1,12.0,1.0,29.0,7.0,Critical
H007,D007,2025-11-29,19,7,12,32.0,13.0,7.0,2.0,Normal
H003,D007,2025-12-21,54,20,34,6.0,0.0,10.0,3.0,Normal
H002,D005,2025-08-22,51,0,51,39.0,31.0,22.0,4.0,Limited
H004,D010,2025-09-13,50,6,44,28.0,14.0,13.0,9.0,Limited
H002,D003,2025-05-27,20,5,15,19.0,8.0,19.0,2.0,Limited
H001,D009,2025-03-19,55,27,28,31.0,29.0,8.0,7.0,Normal
H005,D002,2025-11-01,29,7,22,22.0,19.0,17.0,14.0,Limited
H007,D002,2025-07-02,38,16,22,23.0,10.0,7.0,0.0,Normal
H007,D006,2025-03-26,49,18,31,38.0,28.0,8.0,2.0,Normal
H005,D004,2025-06-22,36,35,1,16.0,2.0,28.0,23.0,Critical
H002,D002,2025-01-29,31,27,4,7.0,1.0,29.0,14.0,High Utilization
H002,D003,2025-01-14,28,2,26,21.0,10.0,27.0,2.0,Limited
H002,D002,2025-12-24,49,28,21,31.0,5.0,12.0,8.0,Normal
H002,D010,2025-09-17,25,24,1,40.0,6.0,8.0,2.0,Critical
H004,D002,2025-07-06,54,41,13,14.0,7.0,5.0,0.0,High Utilization
H005,D004,2025-12-26,32,31,1,12.0,7.0,20.0,14.0,Critical
H002,D002,2025-02-02,50,15,35,25.0,20.0,17.0,8.0,Limited
H002,D007,2025-02-25,12,7,5,16.0,12.0,29.0,25.0,Normal
H001,D010,2025-07-27,60,22,38,38.0,19.0,23.0,2.0,Normal
H003,D001,2025-08-30,35,2,33,20.0,13.0,10.0,6.0,Limited
H005,D003,2025-11-27,31,5,26,11.0,4.0,27.0,26.0,Limited
H006,D002,2025-02-08,38,14,24,18.0,18.0,7.0,1.0,Normal
H004,D003,2025-01-03,50,4,46,40.0,23.0,7.0,4.0,Limited
H001,D002,2025-03-01,25,13,12,10.0,1.0,29.0,24.0,Normal
H004,D006,2025-03-02,58,37,21,24.0,18.0,15.0,13.0,Normal
H006,D006,2025-11-29,28,1,27,20.0,11.0,10.0,7.0,Limited
H003,D005,2025-01-20,47,2,45,32.0,22.0,21.0,20.0,Limited
H002,D006,2025-02-13,54,28,26,18.0,10.0,11.0,7.0,Normal
H003,D007,2025-12-22,33,12,21,15.0,11.0,18.0,10.0,Normal
H005,D004,2025-09-13,50,37,13,34.0,11.0,19.0,6.0,Normal
H002,D010,2025-03-13,10,7,3,35.0,28.0,28.0,9.0,Normal
H006,D005,2025-10-11,18,2,16,27.0,20.0,27.0,27.0,Limited
H001,D001,2025-10-25,22,21,1,18.0,2.0,21.0,13.0,Critical
H001,D010,2025-12-25,54,34,20,32.0,20.0,20.0,4.0,Normal
H004,D007,2025-05-24,49,39,10,38.0,22.0,17.0,9.0,High Utilization
H006,D006,2025-08-14,51,10,41,24.0,20.0,12.0,4.0,Limited
H005,D007,2025-04-23,10,5,5,10.0,3.0,10.0,7.0,Normal
H002,D001,2025-08-26,55,51,4,22.0,19.0,28.0,6.0,Critical
H002,D004,2025-03-16,28,5,23,13.0,10.0,28.0,5.0,Limited
H004,D005,2025-10-18,45,21,24,21.0,17.0,16.0,1.0,Normal
H003,D008,2025-01-28,56,17,39,28.0,22.0,27.0,14.0,Normal
H007,D006,2025-02-06,51,33,18,17.0,15.0,27.0,0.0,Normal
H007,D002,2025-02-02,42,14,28,16.0,10.0,30.0,1.0,Normal
H007,D009,2025-09-22,34,7,27,26.0,26.0,16.0,11.0,Limited
H002,D003,2025-02-28,40,13,27,39.0,38.0,24.0,4.0,Normal
H005,D009,2025-05-17,56,4,52,29.0,14.0,10.0,0.0,Limited
H006,D010,2025-03-24,39,18,21,18.0,10.0,21.0,21.0,Normal
H001,D004,2025-09-19,21,17,4,31.0,25.0,12.0,10.0,High Utilization
H006,D006,2025-10-18,53,15,38,23.0,9.0,11.0,2.0,Limited
H007,D005,2025-06-20,52,30,22,26.0,2.0,19.0,8.0,Normal
H004,D007,2025-06-06,56,54,2,30.0,24.0,10.0,2.0,Critical
H007,D004,2025-07-01,55,13,42,18.0,9.0,21.0,0.0,Limited
H001,D010,2025-10-01,15,7,8,21.0,2.0,5.0,2.0,Normal
H003,D001,2025-01-14,26,5,21,29.0,5.0,21.0,11.0,Limited
H001,D002,2025-05-18,26,1,25,38.0,13.0,14.0,4.0,Limited
H006,D003,2025-03-03,50,24,26,40.0,9.0,23.0,12.0,Normal
H007,D010,2025-01-04,38,5,33,36.0,27.0,27.0,11.0,Limited
H004,D002,2025-05-03,46,31,15,18.0,10.0,8.0,0.0,Normal
H001,D010,2025-02-14,40,31,9,40.0,1.0,5.0,1.0,High Utilization
H001,D007,2025-04-15,60,60,0,24.0,4.0,10.0,8.0,Critical
H002,D010,2025-01-31,41,21,20,35.0,1.0,13.0,12.0,Normal
H003,D010,2025-11-09,18,6,12,10.0,8.0,9.0,0.0,Normal
H006,D007,2025-03-18,38,15,23,16.0,16.0,16.0,11.0,Normal
H003,D006,2025-05-12,52,13,39,36.0,20.0,20.0,9.0,Limited
H002,D004,2025-11-03,17,11,6,36.0,10.0,17.0,10.0,Normal
H001,D007,2025-09-22,33,20,13,27.0,26.0,13.0,0.0,Normal
H007,D003,2025-05-28,26,17,9,32.0,27.0,22.0,7.0,Normal
H003,D007,2025-10-11,22,3,19,29.0,3.0,16.0,7.0,Limited
H005,D008,2025-11-23,32,27,5,7.0,4.0,23.0,18.0,High Utilization
H004,D010,2025-02-18,20,19,1,14.0,7.0,30.0,11.0,Critical
H006,D008,2025-04-24,12,0,12,35.0,18.0,18.0,11.0,Limited
H005,D003,2025-11-27,16,14,2,33.0,27.0,24.0,16.0,High Utilization
H002,D006,2025-03-21,19,8,11,18.0,0.0,29.0,20.0,Normal
H005,D010,2025-07-21,37,31,6,12.0,5.0,18.0,6.0,High Utilization
H001,D009,2025-08-08,11,5,6,5.0,3.0,13.0,1.0,Normal
H003,D009,2025-04-17,28,11,17,8.0,5.0,17.0,6.0,Normal
H001,D007,2025-03-25,57,24,33,36.0,19.0,26.0,4.0,Normal
H002,D006,2025-08-20,42,39,3,5.0,1.0,12.0,6.0,Critical
H004,D008,2025-12-15,51,32,19,31.0,5.0,25.0,3.0,Normal
H003,D003,2025-06-08,19,13,6,33.0,15.0,23.0,0.0,Normal
H004,D001,2025-09-20,46,10,36,23.0,2.0,28.0,5.0,Limited
H007,D003,2025-06-09,28,7,21,21.0,4.0,22.0,16.0,Limited
H003,D009,2025-05-07,14,2,12,24.0,13.0,28.0,15.0,Limited
H001,D001,2025-03-02,46,43,3,21.0,12.0,27.0,3.0,Critical
H003,D005,2025-01-15,50,23,27,29.0,9.0,13.0,1.0,Normal
H002,D010,2025-09-14,58,24,34,40.0,13.0,15.0,2.0,Normal
H004,D009,2025-12-20,36,17,19,12.0,2.0,17.0,13.0,Normal
H007,D001,2025-06-01,17,5,12,14.0,14.0,30.0,24.0,Limited
H005,D009,2025-01-22,41,1,40,38.0,21.0,8.0,4.0,Limited
H007,D007,2025-06-25,60,49,11,14.0,5.0,29.0,25.0,High Utilization
H005,D001,2025-10-23,45,11,34,29.0,16.0,8.0,0.0,Limited
H001,D002,2025-10-05,41,9,32,8.0,4.0,20.0,12.0,Limited
H001,D001,2025-06-04,60,19,41,15.0,2.0,21.0,10.0,Normal
H006,D005,2025-09-01,15,13,2,5.0,1.0,27.0,10.0,High Utilization
H007,D007,2025-05-31,39,13,26,29.0,10.0,23.0,5.0,Normal
H006,D010,2025-09-19,30,2,28,24.0,21.0,16.0,7.0,Limited
H006,D007,2025-03-13,35,22,13,34.0,21.0,30.0,24.0,Normal
H007,D010,2025-01-04,26,17,9,5.0,4.0,7.0,2.0,Normal
H001,D003,2025-07-17,29,28,1,14.0,7.0,19.0,4.0,Critical
H006,D001,2025-05-16,15,11,4,34.0,16.0,22.0,0.0,Normal
H003,D006,2025-02-10,47,44,3,37.0,8.0,18.0,6.0,Critical
H001,D004,2025-08-02,44,14,30,11.0,11.0,25.0,5.0,Normal
H001,D006,2025-06-17,52,32,20,29.0,24.0,30.0,11.0,Normal
H006,D009,2025-02-17,34,4,30,20.0,15.0,6.0,0.0,Limited
H004,D010,2025-06-30,49,23,26,5.0,2.0,7.0,1.0,Normal
H006,D004,2025-09-05,31,19,12,5.0,5.0,6.0,5.0,Normal
H003,D003,2025-05-15,19,15,4,22.0,6.0,13.0,1.0,High Utilization
H003,D006,2025-02-08,16,5,11,29.0,29.0,9.0,5.0,Normal
H005,D003,2025-08-18,34,10,24,18.0,12.0,10.0,3.0,Limited
H006,D004,2025-08-03,29,6,23,11.0,2.0,8.0,8.0,Limited
H006,D007,2025-06-06,53,51,2,12.0,4.0,8.0,7.0,Critical
H001,D007,2025-06-08,46,36,10,36.0,33.0,6.0,2.0,High Utilization
H003,D010,2025-03-29,60,54,6,26.0,16.0,20.0,17.0,Critical
H005,D003,2025-05-05,21,11,10,5.0,4.0,26.0,11.0,Normal
H003,D002,2025-02-16,14,1,13,21.0,15.0,6.0,0.0,Limited
H002,D001,2025-12-19,19,7,12,32.0,12.0,13.0,8.0,Normal
H007,D007,2025-06-25,32,30,2,21.0,21.0,29.0,18.0,Critical
H001,D004,2025-09-14,48,48,0,17.0,15.0,9.0,5.0,Critical
H002,D006,2025-06-13,16,7,9,29.0,25.0,8.0,2.0,Normal
H004,D009,2025-06-22,36,15,21,22.0,15.0,25.0,20.0,Normal
H002,D004,2025-04-03,58,31,27,6.0,1.0,30.0,26.0,Normal
H006,D008,2025-12-24,35,18,17,23.0,20.0,26.0,4.0,Normal
H004,D007,2025-11-09,21,14,7,19.0,0.0,15.0,11.0,Normal
H007,D007,2025-03-19,36,32,4,32.0,9.0,14.0,5.0,High Utilization
H003,D005,2025-01-15,58,33,25,26.0,19.0,12.0,8.0,Normal
H005,D002,2025-06-26,53,38,15,14.0,12.0,27.0,26.0,Normal
H003,D006,2025-09-04,55,26,29,37.0,9.0,21.0,15.0,Normal
H004,D009,2025-10-20,59,28,31,15.0,14.0,23.0,0.0,Normal
H004,D001,2025-03-30,44,23,21,37.0,25.0,13.0,2.0,Normal
H001,D005,2025-07-31,19,16,3,38.0,8.0,29.0,8.0,High Utilization
H005,D006,2025-12-20,52,6,46,19.0,18.0,14.0,7.0,Limited
H005,D002,2025-01-27,25,0,25,9.0,8.0,15.0,0.0,Limited
H004,D007,2025-11-17,53,33,20,8.0,7.0,11.0,11.0,Normal
H006,D005,2025-07-22,36,2,34,31.0,20.0,14.0,5.0,Limited
H003,D002,2025-12-30,41,30,11,32.0,15.0,8.0,1.0,Normal
H003,D003,2025-09-16,49,39,10,33.0,7.0,6.0,2.0,High Utilization
H004,D002,2025-12-08,36,10,26,14.0,9.0,22.0,5.0,Limited
H006,D001,2025-04-12,55,33,22,5.0,1.0,7.0,0.0,Normal
H006,D007,2025-06-24,57,31,26,40.0,38.0,22.0,13.0,Normal
H004,D006,2025-05-15,12,9,3,18.0,0.0,18.0,18.0,High Utilization
H005,D001,2025-03-07,23,11,12,34.0,24.0,16.0,6.0,Normal
H002,D003,2025-12-28,27,14,13,29.0,26.0,9.0,2.0,Normal
H006,D006,2025-02-04,11,6,5,26.0,0.0,26.0,16.0,Normal
H001,D005,2025-03-31,44,37,7,19.0,13.0,15.0,0.0,High Utilization
H001,D003,2025-11-01,60,32,28,37.0,3.0,22.0,2.0,Normal
H006,D007,2025-03-23,44,0,44,28.0,14.0,21.0,21.0,Limited
H002,D004,2025-07-09,18,6,12,28.0,5.0,26.0,22.0,Normal
H003,D005,2025-01-27,58,52,6,10.0,4.0,7.0,1.0,High Utilization
H004,D007,2025-11-11,20,14,6,6.0,6.0,28.0,11.0,Normal
H005,D007,2025-08-29,20,10,10,10.0,6.0,21.0,8.0,Normal
H007,D005,2025-11-11,14,8,6,30.0,6.0,16.0,2.0,Normal
H007,D003,2025-01-05,46,33,13,29.0,14.0,30.0,21.0,Normal
H004,D006,2025-11-14,13,2,11,24.0,17.0,11.0,11.0,Limited
H001,D009,2025-06-05,22,18,4,21.0,4.0,29.0,1.0,High Utilization
H003,D005,2025-07-04,54,32,22,39.0,35.0,13.0,5.0,Normal
H002,D005,2025-04-25,25,4,21,35.0,33.0,5.0,4.0,Limited
H007,D009,2025-07-26,28,21,7,5.0,0.0,22.0,2.0,High Utilization
H005,D001,2025-05-29,14,11,3,15.0,10.0,28.0,5.0,High Utilization
H001,D001,2025-03-10,10,5,5,11.0,0.0,24.0,20.0,Normal
H007,D002,2025-04-25,56,17,39,13.0,7.0,10.0,2.0,Normal
H005,D003,2025-02-24,26,22,4,34.0,11.0,29.0,13.0,High Utilization
H001,D007,2025-07-12,35,27,8,30.0,1.0,13.0,5.0,High Utilization
H006,D005,2025-04-30,38,25,13,7.0,7.0,17.0,0.0,Normal
H002,D005,2025-02-21,37,10,27,24.0,23.0,28.0,28.0,Limited
H001,D008,2025-05-31,13,10,3,32.0,18.0,22.0,14.0,High Utilization
H005,D005,2025-12-28,44,24,20,9.0,5.0,21.0,8.0,Normal
H003,D008,2025-01-22,39,7,32,24.0,20.0,7.0,7.0,Limited
H002,D004,2025-02-24,40,26,14,22.0,7.0,26.0,23.0,Normal
H004,D008,2025-06-09,31,0,31,15.0,11.0,30.0,4.0,Limited
H002,D003,2025-10-15,23,15,8,18.0,7.0,24.0,3.0,Normal
H004,D006,2025-11-27,19,10,9,22.0,6.0,20.0,7.0,Normal
H003,D004,2025-07-10,17,10,7,39.0,31.0,6.0,5.0,Normal
H004,D009,2025-06-10,47,24,23,10.0,10.0,23.0,1.0,Normal
H002,D001,2025-02-11,20,18,2,33.0,29.0,25.0,8.0,Critical
H005,D008,2025-03-17,30,19,11,32.0,13.0,26.0,2.0,Normal
H002,D006,2025-02-13,43,18,25,36.0,25.0,10.0,9.0,Normal
H002,D001,2025-07-30,12,7,5,25.0,18.0,24.0,3.0,Normal
H007,D001,2025-09-18,60,14,46,6.0,0.0,17.0,5.0,Limited
H001,D006,2025-12-11,13,11,2,30.0,20.0,13.0,13.0,High Utilization
H007,D007,2025-09-02,15,1,14,19.0,13.0,30.0,6.0,Limited
H007,D006,2025-06-17,49,1,48,22.0,1.0,18.0,4.0,Limited
H002,D008,2025-03-21,37,14,23,19.0,1.0,5.0,0.0,Normal
H004,D002,2025-05-06,43,33,10,13.0,8.0,28.0,10.0,High Utilization
H005,D006,2025-12-21,58,26,32,5.0,1.0,16.0,12.0,Normal
H005,D007,2025-09-05,53,12,41,32.0,15.0,16.0,13.0,Limited
H003,D008,2025-03-20,34,21,13,37.0,35.0,10.0,7.0,Normal
H001,D008,2025-02-20,36,12,24,40.0,34.0,7.0,7.0,Normal
H005,D001,2025-03-19,32,31,1,15.0,8.0,30.0,19.0,Critical
H001,D009,2025-07-27,17,13,4,19.0,8.0,23.0,13.0,High Utilization
H007,D005,2025-02-04,22,5,17,10.0,1.0,8.0,1.0,Limited
H002,D006,2025-02-03,55,16,39,12.0,0.0,7.0,0.0,Limited
H003,D001,2025-01-19,16,16,0,40.0,38.0,19.0,12.0,Critical
H007,D008,2025-12-10,38,16,22,33.0,26.0,15.0,4.0,Normal
H001,D009,2025-06-06,45,37,8,36.0,33.0,12.0,9.0,High Utilization
H007,D001,2025-04-01,24,21,3,31.0,20.0,21.0,14.0,High Utilization
H007,D007,2025-09-25,53,25,28,5.0,0.0,6.0,0.0,Normal
H005,D004,2025-01-05,51,45,6,39.0,11.0,16.0,14.0,High Utilization
H007,D004,2025-10-07,55,36,19,8.0,4.0,13.0,2.0,Normal
H007,D001,2025-06-09,11,5,6,16.0,4.0,16.0,14.0,Normal
H007,D006,2025-01-02,15,9,6,20.0,9.0,8.0,8.0,Normal
H002,D010,2025-09-14,10,3,7,9.0,2.0,28.0,8.0,Limited
H007,D003,2025-09-10,48,32,16,38.0,36.0,17.0,5.0,Normal
H002,D001,2025-11-03,56,45,11,5.0,3.0,17.0,11.0,High Utilization
H001,D005,2025-05-07,26,24,2,20.0,9.0,10.0,3.0,Critical
H001,D006,2025-05-19,40,34,6,40.0,8.0,15.0,11.0,High Utilization
H006,D006,2025-02-28,28,2,26,7.0,4.0,22.0,16.0,Limited
H001,D004,2025-09-25,24,18,6,34.0,7.0,27.0,20.0,High Utilization
H007,D004,2025-03-10,43,3,40,5.0,4.0,21.0,6.0,Limited
H004,D008,2025-03-04,48,22,26,23.0,3.0,25.0,11.0,Normal
H007,D005,2025-12-26,56,41,15,16.0,0.0,8.0,0.0,Normal
H004,D004,2025-02-04,34,19,15,8.0,6.0,26.0,2.0,Normal
H006,D010,2025-03-23,41,23,18,27.0,24.0,9.0,5.0,Normal
H006,D004,2025-07-16,31,8,23,27.0,13.0,28.0,15.0,Limited
H004,D004,2025-04-10,24,10,14,40.0,19.0,10.0,4.0,Normal
H006,D008,2025-03-04,28,7,21,30.0,10.0,12.0,10.0,Limited
H005,D007,2025-11-05,49,33,16,29.0,11.0,27.0,19.0,Normal
H003,D006,2025-05-19,51,23,28,37.0,16.0,6.0,5.0,Normal
H005,D010,2025-12-29,32,1,31,27.0,21.0,25.0,4.0,Limited
H001,D005,2025-04-17,31,19,12,16.0,10.0,25.0,20.0,Normal
H002,D007,2025-05-10,20,0,20,7.0,5.0,13.0,1.0,Limited
H004,D006,2025-01-09,17,10,7,11.0,7.0,25.0,3.0,Normal
H001,D002,2025-05-20,26,9,17,26.0,20.0,11.0,7.0,Normal
H004,D009,2025-06-22,38,15,23,21.0,21.0,22.0,10.0,Normal
H003,D002,2025-08-18,46,4,42,29.0,1.0,6.0,2.0,Limited
H001,D005,2025-10-11,22,21,1,10.0,2.0,25.0,0.0,Critical
H003,D006,2025-03-19,28,22,6,6.0,6.0,11.0,0.0,High Utilization
H003,D002,2025-01-30,28,0,28,35.0,35.0,14.0,4.0,Limited
H006,D008,2025-03-08,39,22,17,34.0,13.0,8.0,8.0,Normal
H003,D010,2025-03-26,46,22,24,30.0,23.0,20.0,10.0,Normal
H005,D007,2025-06-05,48,43,5,9.0,7.0,22.0,1.0,High Utilization
H003,D003,2025-06-28,22,15,7,31.0,19.0,21.0,4.0,Normal
H003,D001,2025-03-25,53,49,4,22.0,22.0,23.0,23.0,Critical
H007,D010,2025-01-14,17,15,2,8.0,5.0,18.0,18.0,High Utilization
H007,D009,2025-08-18,13,5,8,26.0,8.0,30.0,29.0,Normal
H003,D002,2025-08-22,25,4,21,12.0,0.0,26.0,24.0,Limited
H004,D003,2025-04-22,47,26,21,14.0,13.0,18.0,2.0,Normal
H003,D004,2025-04-17,42,38,4,33.0,2.0,22.0,19.0,Critical
H006,D009,2025-06-08,38,24,14,18.0,0.0,14.0,14.0,Normal
H001,D006,2025-09-29,33,20,13,12.0,1.0,6.0,6.0,Normal
H006,D006,2025-10-18,16,10,6,7.0,3.0,5.0,4.0,Normal
H005,D009,2025-12-16,58,23,35,16.0,5.0,16.0,12.0,Normal
H002,D009,2025-06-25,26,1,25,5.0,5.0,28.0,6.0,Limited
H006,D001,2025-07-25,33,17,16,5.0,5.0,28.0,20.0,Normal
H005,D003,2025-10-10,50,37,13,12.0,1.0,30.0,8.0,Normal
H001,D004,2025-07-31,56,19,37,15.0,6.0,30.0,5.0,Normal
H001,D006,2025-06-28,59,7,52,33.0,31.0,15.0,15.0,Limited
H002,D009,2025-08-09,47,26,21,29.0,17.0,9.0,4.0,Normal
H004,D002,2025-10-22,32,16,16,37.0,12.0,10.0,10.0,Normal
H003,D010,2025-07-28,17,1,16,20.0,17.0,19.0,9.0,Limited
H005,D001,2025-06-20,41,22,19,35.0,19.0,29.0,17.0,Normal
H003,D002,2025-08-01,59,32,27,18.0,7.0,30.0,2.0,Normal
H004,D002,2025-06-28,13,9,4,19.0,19.0,19.0,3.0,Normal
H006,D007,2025-06-01,47,38,9,10.0,7.0,17.0,1.0,High Utilization
H006,D006,2025-04-13,32,5,27,10.0,4.0,28.0,22.0,Limited
H004,D008,2025-08-15,20,7,13,15.0,7.0,21.0,17.0,Normal
H003,D004,2025-01-02,25,25,0,15.0,15.0,11.0,0.0,Critical
H003,D010,2025-08-11,16,13,3,30.0,1.0,11.0,3.0,High Utilization
H006,D002,2025-09-15,14,2,12,34.0,32.0,21.0,16.0,Limited
H005,D007,2025-02-12,26,3,23,5.0,2.0,28.0,16.0,Limited
H001,D008,2025-07-21,43,8,35,9.0,3.0,9.0,5.0,Limited
H004,D001,2025-09-05,32,32,0,11.0,3.0,27.0,0.0,Critical
H002,D001,2025-03-05,40,25,15,21.0,10.0,26.0,5.0,Normal
H003,D005,2025-07-12,31,11,20,37.0,37.0,21.0,17.0,Normal
H007,D005,2025-04-07,43,22,21,13.0,7.0,19.0,4.0,Normal
H002,D010,2025-09-04,23,14,9,16.0,0.0,13.0,1.0,Normal
H003,D003,2025-04-23,28,9,19,31.0,14.0,27.0,6.0,Normal
H002,D003,2025-10-15,38,32,6,32.0,5.0,25.0,22.0,High Utilization
H001,D007,2025-04-10,33,24,9,27.0,3.0,7.0,6.0,Normal
H007,D008,2025-11-25,12,12,0,21.0,14.0,8.0,8.0,Critical
H003,D002,2025-04-12,46,16,30,24.0,22.0,21.0,21.0,Normal
H005,D004,2025-05-13,52,40,12,16.0,15.0,19.0,4.0,High Utilization
H006,D010,2025-08-31,22,16,6,19.0,9.0,16.0,6.0,Normal
H006,D009,2025-10-15,40,14,26,34.0,4.0,26.0,11.0,Normal
H006,D001,2025-07-29,38,18,20,31.0,18.0,24.0,7.0,Normal
H003,D006,2025-05-18,12,7,5,37.0,4.0,13.0,2.0,Normal
H001,D002,2025-07-24,15,5,10,26.0,4.0,6.0,3.0,Normal
H006,D001,2025-05-02,14,7,7,35.0,29.0,27.0,3.0,Normal
H007,D007,2025-03-04,14,4,10,8.0,7.0,12.0,1.0,Limited
H004,D003,2025-09-05,35,9,26,32.0,6.0,7.0,7.0,Limited
H007,D007,2025-05-09,49,1,48,7.0,0.0,17.0,1.0,Limited
H001,D007,2025-08-12,22,15,7,18.0,5.0,27.0,20.0,Normal
H003,D010,2025-07-29,18,4,14,32.0,31.0,19.0,10.0,Limited
H004,D001,2025-09-26,53,9,44,19.0,3.0,14.0,14.0,Limited
H006,D003,2025-06-01,43,13,30,30.0,16.0,13.0,3.0,Normal
H002,D005,2025-03-28,32,7,25,10.0,3.0,12.0,9.0,Limited
H004,D005,2025-10-07,45,45,0,40.0,15.0,12.0,11.0,Critical
H003,D004,2025-06-08,16,5,11,30.0,29.0,28.0,26.0,Normal
H002,D005,2025-02-25,16,16,0,23.0,8.0,24.0,22.0,Critical
H007,D008,2025-07-21,24,4,20,22.0,19.0,14.0,12.0,Limited
H001,D010,2025-03-13,47,45,2,17.0,0.0,14.0,3.0,Critical
H002,D010,2025-04-10,17,3,14,15.0,5.0,17.0,13.0,Limited
H004,D009,2025-10-21,55,37,18,10.0,8.0,24.0,21.0,Normal
H001,D002,2025-11-23,36,22,14,28.0,7.0,13.0,12.0,Normal
H003,D005,2025-10-24,27,15,12,19.0,3.0,29.0,5.0,Normal
H004,D003,2025-01-04,31,2,29,22.0,18.0,7.0,1.0,Limited
H002,D009,2025-04-11,28,8,20,14.0,9.0,26.0,1.0,Limited
H004,D006,2025-03-29,14,6,8,29.0,2.0,26.0,14.0,Normal
H007,D001,2025-03-14,26,17,9,6.0,6.0,18.0,11.0,Normal
H002,D005,2025-05-26,33,23,10,5.0,2.0,18.0,9.0,Normal
H001,D003,2025-02-21,39,19,20,37.0,13.0,21.0,6.0,Normal
H007,D003,2025-08-25,15,10,5,8.0,6.0,7.0,3.0,Normal
H002,D005,2025-06-21,29,4,25,27.0,19.0,14.0,11.0,Limited
H006,D001,2025-10-05,13,6,7,30.0,13.0,29.0,8.0,Normal
H002,D002,2025-10-27,29,20,9,13.0,11.0,19.0,2.0,Normal
H003,D009,2025-03-18,42,32,10,36.0,21.0,9.0,5.0,High Utilization
H002,D002,2025-12-04,22,14,8,40.0,34.0,29.0,23.0,Normal
H004,D006,2025-11-01,10,6,4,7.0,4.0,17.0,14.0,Normal
H004,D009,2025-08-02,47,16,31,31.0,15.0,12.0,12.0,Normal
H007,D008,2025-03-19,21,5,16,17.0,9.0,10.0,3.0,Limited
H002,D006,2025-08-17,37,37,0,17.0,8.0,11.0,1.0,Critical
H007,D001,2025-05-10,18,18,0,21.0,6.0,9.0,1.0,Critical
H002,D002,2025-09-10,52,33,19,21.0,2.0,15.0,2.0,Normal
H005,D006,2025-10-07,33,32,1,20.0,9.0,13.0,3.0,Critical
H005,D006,2025-02-15,40,0,40,35.0,26.0,19.0,14.0,Limited
H001,D001,2025-04-15,18,0,18,33.0,31.0,28.0,5.0,Limited
H006,D002,2025-10-01,59,4,55,21.0,21.0,8.0,5.0,Limited
H002,D001,2025-04-23,29,11,18,19.0,1.0,14.0,11.0,Normal
H005,D004,2025-02-01,55,24,31,21.0,12.0,5.0,0.0,Normal
H001,D001,2025-06-19,46,6,40,35.0,32.0,25.0,15.0,Limited
H005,D007,2025-12-09,50,20,30,40.0,24.0,14.0,4.0,Normal
H006,D007,2025-10-14,50,37,13,14.0,6.0,16.0,9.0,Normal
H005,D005,2025-11-19,41,6,35,30.0,22.0,22.0,13.0,Limited
H005,D008,2025-03-14,36,8,28,15.0,2.0,5.0,4.0,Limited
H004,D006,2025-05-21,24,7,17,13.0,13.0,19.0,17.0,Limited
H006,D008,2025-06-10,36,32,4,26.0,22.0,14.0,2.0,High Utilization
H001,D001,2025-06-23,23,15,8,36.0,36.0,27.0,17.0,Normal
H005,D004,2025-04-15,47,16,31,30.0,6.0,14.0,3.0,Normal
H001,D009,2025-04-23,20,6,14,33.0,5.0,16.0,7.0,Limited
H002,D003,2025-10-27,36,10,26,16.0,6.0,8.0,4.0,Limited
H006,D004,2025-01-26,43,39,4,36.0,12.0,27.0,21.0,Critical
H004,D001,2025-04-17,32,20,12,34.0,22.0,7.0,2.0,Normal
H007,D008,2025-02-16,29,21,8,20.0,10.0,26.0,23.0,Normal
H003,D002,2025-11-30,49,32,17,15.0,10.0,24.0,19.0,Normal
H002,D002,2025-05-28,44,36,8,7.0,0.0,13.0,13.0,High Utilization
H007,D006,2025-07-13,15,4,11,20.0,11.0,25.0,21.0,Limited
H004,D001,2025-02-13,54,26,28,31.0,22.0,8.0,8.0,Normal
H002,D003,2025-04-20,11,2,9,35.0,4.0,26.0,11.0,Limited
H007,D009,2025-07-31,58,15,43,40.0,10.0,13.0,6.0,Limited
H003,D002,2025-06-19,51,28,23,34.0,11.0,18.0,2.0,Normal
H001,D008,2025-03-22,30,23,7,14.0,10.0,24.0,12.0,High Utilization
H001,D001,2025-03-05,13,13,0,34.0,18.0,23.0,20.0,Critical
H003,D010,2025-03-31,15,8,7,34.0,18.0,23.0,7.0,Normal
H005,D006,2025-11-08,31,20,11,11.0,9.0,22.0,10.0,Normal
H003,D008,2025-04-12,42,15,27,16.0,16.0,6.0,1.0,Normal
H006,D007,2025-04-09,35,18,17,19.0,10.0,28.0,0.0,Normal
H003,D006,2025-09-30,44,23,21,19.0,13.0,20.0,2.0,Normal
H005,D004,2025-07-23,53,41,12,38.0,10.0,24.0,18.0,High Utilization
H007,D009,2025-07-19,36,25,11,9.0,6.0,29.0,0.0,Normal
H006,D006,2025-10-27,35,35,0,5.0,0.0,16.0,10.0,Critical
H006,D009,2025-12-22,18,2,16,26.0,11.0,6.0,6.0,Limited
H004,D008,2025-12-07,22,16,6,9.0,2.0,22.0,11.0,Normal
H002,D007,2025-06-23,54,46,8,30.0,14.0,10.0,3.0,High Utilization
H001,D002,2025-05-29,19,11,8,39.0,18.0,12.0,2.0,Normal
H007,D007,2025-01-14,26,21,5,13.0,6.0,30.0,14.0,High Utilization
H003,D006,2025-04-11,60,46,14,13.0,1.0,16.0,6.0,High Utilization
H002,D010,2025-09-25,57,57,0,26.0,18.0,16.0,4.0,Critical
H002,D002,2025-05-26,32,10,22,15.0,9.0,7.0,4.0,Normal
H005,D010,2025-08-30,50,10,40,29.0,16.0,7.0,1.0,Limited
H007,D002,2025-05-22,10,1,9,14.0,14.0,24.0,24.0,Limited
H004,D005,2025-11-13,20,1,19,36.0,14.0,7.0,0.0,Limited
H004,D010,2025-11-14,46,46,0,9.0,9.0,16.0,8.0,Critical
H005,D002,2025-09-10,30,23,7,33.0,16.0,14.0,5.0,High Utilization
H004,D008,2025-07-26,22,10,12,39.0,21.0,9.0,1.0,Normal
H006,D004,2025-06-06,34,8,26,27.0,12.0,19.0,5.0,Limited
H006,D009,2025-07-20,16,14,2,34.0,1.0,28.0,8.0,High Utilization
H006,D009,2025-03-17,37,11,26,27.0,24.0,18.0,5.0,Limited
H002,D008,2025-10-12,55,38,17,30.0,26.0,17.0,17.0,Normal
H006,D004,2025-05-20,51,25,26,36.0,1.0,29.0,10.0,Normal
H003,D007,2025-05-26,44,10,34,31.0,23.0,28.0,10.0,Limited
H003,D001,2025-12-24,57,51,6,18.0,6.0,15.0,15.0,High Utilization
H004,D005,2025-05-02,24,23,1,38.0,38.0,9.0,6.0,Critical
H004,D003,2025-12-26,51,44,7,22.0,11.0,26.0,20.0,High Utilization
H005,D004,2025-04-15,13,10,3,36.0,13.0,29.0,1.0,High Utilization
H002,D002,2025-05-25,24,6,18,34.0,17.0,7.0,5.0,Limited
H007,D002,2025-04-22,52,4,48,5.0,2.0,10.0,10.0,Limited
H002,D010,2025-09-13,60,56,4,11.0,4.0,30.0,3.0,Critical
H006,D007,2025-05-25,26,5,21,10.0,4.0,24.0,10.0,Limited
H007,D010,2025-02-05,46,18,28,29.0,20.0,15.0,9.0,Normal
H005,D007,2025-01-14,33,1,32,20.0,10.0,7.0,3.0,Limited
H003,D004,2025-11-08,44,22,22,21.0,0.0,19.0,3.0,Normal
H003,D003,2025-09-06,18,0,18,27.0,2.0,28.0,26.0,Limited
H005,D003,2025-10-04,27,26,1,18.0,14.0,13.0,0.0,Critical
H007,D001,2025-10-13,26,21,5,5.0,1.0,28.0,28.0,High Utilization
H003,D002,2025-07-31,26,0,26,26.0,20.0,26.0,19.0,Limited
H007,D002,2025-11-20,28,7,21,37.0,27.0,18.0,4.0,Limited
H006,D001,2025-06-07,45,34,11,35.0,33.0,27.0,26.0,High Utilization
H007,D005,2025-12-29,32,8,24,14.0,8.0,10.0,4.0,Limited
H006,D004,2025-01-20,25,20,5,14.0,1.0,14.0,4.0,High Utilization
H007,D004,2025-03-13,29,18,11,25.0,16.0,6.0,3.0,Normal
H007,D003,2025-12-05,12,11,1,25.0,10.0,21.0,21.0,Critical
H002,D005,2025-03-26,29,1,28,29.0,21.0,9.0,9.0,Limited
H004,D005,2025-01-16,19,8,11,12.0,8.0,20.0,18.0,Normal
H002,D006,2025-03-14,32,6,26,30.0,26.0,16.0,13.0,Limited
H007,D006,2025-12-17,24,4,20,23.0,10.0,9.0,6.0,Limited
H001,D001,2025-09-27,16,1,15,15.0,12.0,9.0,3.0,Limited
H004,D002,2025-01-15,31,26,5,37.0,14.0,29.0,26.0,High Utilization
H006,D005,2025-03-07,56,35,21,16.0,12.0,8.0,3.0,Normal
H004,D005,2025-03-07,45,33,12,33.0,28.0,6.0,2.0,Normal
H001,D008,2025-03-10,37,27,10,7.0,7.0,23.0,1.0,Normal
H003,D007,2025-01-20,36,13,23,19.0,17.0,17.0,3.0,Normal
H004,D003,2025-05-22,21,18,3,26.0,3.0,16.0,7.0,High Utilization
H006,D003,2025-03-05,55,7,48,18.0,18.0,16.0,10.0,Limited
H006,D010,2025-03-02,58,29,29,9.0,3.0,19.0,10.0,Normal
H002,D007,2025-12-25,32,25,7,15.0,4.0,27.0,16.0,High Utilization
H004,D005,2025-07-17,35,24,11,14.0,12.0,19.0,3.0,Normal
H003,D002,2025-07-20,57,8,49,14.0,8.0,19.0,11.0,Limited
H005,D010,2025-08-20,16,14,2,11.0,11.0,11.0,2.0,High Utilization
H006,D004,2025-12-01,47,44,3,37.0,19.0,19.0,10.0,Critical
H004,D007,2025-09-30,47,32,15,36.0,29.0,30.0,23.0,Normal
H004,D005,2025-02-28,14,12,2,10.0,7.0,26.0,4.0,High Utilization
H006,D006,2025-07-22,26,22,4,9.0,5.0,16.0,14.0,High Utilization
H007,D004,2025-08-20,47,6,41,6.0,4.0,24.0,5.0,Limited
H004,D007,2025-03-03,36,18,18,16.0,15.0,8.0,6.0,Normal
H007,D002,2025-02-07,54,27,27,23.0,1.0,17.0,2.0,Normal
H004,D001,2025-12-02,34,10,24,18.0,9.0,10.0,10.0,Limited
H005,D008,2025-09-02,60,41,19,8.0,1.0,16.0,13.0,Normal
H007,D010,2025-10-11,31,21,10,36.0,25.0,12.0,4.0,Normal
H005,D001,2025-08-27,44,37,7,5.0,3.0,18.0,5.0,High Utilization
H002,D003,2025-01-17,13,13,0,30.0,4.0,30.0,19.0,Critical
H007,D005,2025-05-12,51,43,8,38.0,26.0,5.0,3.0,High Utilization
H002,D005,2025-10-14,42,8,34,32.0,17.0,24.0,21.0,Limited
H006,D004,2025-01-29,14,13,1,29.0,0.0,20.0,4.0,Critical
H002,D009,2025-10-14,44,23,21,28.0,22.0,9.0,9.0,Normal
H001,D007,2025-04-11,44,13,31,23.0,22.0,11.0,11.0,Limited
H003,D001,2025-10-25,49,14,35,18.0,16.0,17.0,6.0,Limited
H004,D006,2025-06-10,15,7,8,8.0,6.0,8.0,2.0,Normal
H003,D001,2025-05-05,58,13,45,30.0,18.0,12.0,5.0,Limited
H006,D002,2025-11-20,51,24,27,17.0,4.0,7.0,6.0,Normal
H001,D003,2025-06-07,17,14,3,28.0,17.0,22.0,21.0,High Utilization
H003,D008,2025-05-28,50,13,37,28.0,13.0,20.0,18.0,Limited
H001,D004,2025-04-01,15,13,2,38.0,30.0,5.0,4.0,High Utilization
H005,D006,2025-05-18,20,11,9,8.0,4.0,25.0,7.0,Normal
H005,D010,2025-09-04,14,10,4,39.0,34.0,14.0,6.0,Normal
H007,D003,2025-06-25,30,24,6,28.0,16.0,11.0,9.0,High Utilization
H002,D006,2025-10-17,19,15,4,26.0,24.0,27.0,8.0,High Utilization
H007,D007,2025-04-04,51,3,48,13.0,13.0,23.0,20.0,Limited
H006,D006,2025-09-09,16,9,7,34.0,6.0,14.0,14.0,Normal
H007,D006,2025-02-11,10,8,2,40.0,32.0,30.0,14.0,High Utilization
H003,D001,2025-10-17,14,10,4,24.0,13.0,24.0,13.0,Normal
H004,D005,2025-09-11,10,1,9,30.0,24.0,30.0,26.0,Limited
H002,D004,2025-04-20,48,36,12,7.0,1.0,26.0,14.0,High Utilization
H001,D006,2025-06-26,36,2,34,35.0,15.0,19.0,14.0,Limited
H007,D003,2025-11-13,53,21,32,38.0,20.0,11.0,2.0,Normal
H007,D005,2025-12-15,51,30,21,17.0,16.0,7.0,2.0,Normal
H005,D009,2025-04-21,41,3,38,15.0,14.0,20.0,1.0,Limited
H007,D002,2025-07-17,58,56,2,12.0,5.0,28.0,28.0,Critical
H007,D005,2025-08-05,10,7,3,36.0,33.0,27.0,9.0,Normal
H007,D008,2025-03-19,19,5,14,39.0,6.0,5.0,3.0,Limited
H001,D003,2025-05-24,52,25,27,38.0,12.0,16.0,4.0,Normal
H007,D002,2025-08-09,32,32,0,38.0,25.0,26.0,0.0,Critical
H001,D007,2025-04-25,24,13,11,35.0,35.0,12.0,2.0,Normal
H001,D005,2025-05-04,21,8,13,35.0,5.0,19.0,7.0,Normal
H002,D008,2025-08-01,52,40,12,18.0,2.0,26.0,6.0,High Utilization
H006,D004,2025-05-24,38,34,4,30.0,30.0,7.0,0.0,High Utilization
H006,D008,2025-12-21,11,4,7,15.0,14.0,22.0,14.0,Normal
H005,D008,2025-01-24,26,14,12,26.0,14.0,28.0,1.0,Normal
H006,D004,2025-12-23,42,27,15,29.0,13.0,30.0,30.0,Normal
H005,D001,2025-09-28,48,5,43,30.0,3.0,28.0,19.0,Limited
H006,D006,2025-01-08,25,8,17,9.0,1.0,13.0,6.0,Normal
H002,D010,2025-08-07,50,50,0,18.0,12.0,12.0,2.0,Critical
H007,D002,2025-02-13,47,19,28,22.0,10.0,9.0,8.0,Normal
H003,D006,2025-12-01,24,13,11,27.0,24.0,28.0,24.0,Normal
H007,D009,2025-11-03,40,0,40,15.0,12.0,21.0,18.0,Limited
H001,D005,2025-02-09,58,17,41,13.0,7.0,15.0,11.0,Limited
H005,D005,2025-07-01,26,15,11,12.0,7.0,15.0,9.0,Normal
H004,D006,2025-09-10,52,43,9,19.0,0.0,8.0,2.0,High Utilization
H002,D004,2025-05-07,51,49,2,19.0,8.0,20.0,8.0,Critical
H007,D003,2025-07-13,40,5,35,24.0,18.0,21.0,7.0,Limited
H003,D005,2025-10-18,22,13,9,30.0,21.0,18.0,12.0,Normal
H003,D006,2025-06-25,44,2,42,23.0,22.0,27.0,10.0,Limited
H005,D004,2025-12-04,18,15,3,25.0,3.0,19.0,5.0,High Utilization
H004,D001,2025-12-02,60,16,44,37.0,15.0,18.0,10.0,Limited
H005,D003,2025-04-07,56,27,29,6.0,6.0,28.0,15.0,Normal
H006,D007,2025-01-26,14,9,5,36.0,33.0,30.0,17.0,Normal
H005,D004,2025-04-12,38,26,12,39.0,12.0,29.0,12.0,Normal
H007,D010,2025-09-04,53,31,22,39.0,7.0,8.0,6.0,Normal
H005,D007,2025-01-15,51,31,20,7.0,5.0,30.0,2.0,Normal
H005,D006,2025-11-10,16,10,6,23.0,6.0,11.0,9.0,Normal
H001,D003,2025-08-25,30,7,23,27.0,26.0,29.0,25.0,Limited
H006,D004,2025-11-21,40,30,10,28.0,14.0,17.0,1.0,High Utilization
H006,D004,2025-06-14,14,11,3,12.0,11.0,14.0,0.0,High Utilization
H003,D005,2025-03-08,33,32,1,29.0,12.0,11.0,7.0,Critical
H006,D005,2025-12-11,58,25,33,20.0,5.0,20.0,10.0,Normal
H002,D005,2025-01-17,31,31,0,5.0,0.0,10.0,10.0,Critical
H007,D002,2025-05-01,28,3,25,34.0,19.0,5.0,2.0,Limited
H006,D007,2025-08-25,15,13,2,14.0,3.0,6.0,1.0,High Utilization
H004,D009,2025-06-24,45,2,43,35.0,19.0,7.0,6.0,Limited
H001,D005,2025-04-28,20,13,7,10.0,5.0,8.0,8.0,Normal
H007,D001,2025-02-05,40,27,13,15.0,12.0,23.0,12.0,Normal
H003,D001,2025-09-12,32,24,8,28.0,11.0,24.0,17.0,High Utilization
H001,D008,2025-02-10,35,11,24,23.0,4.0,24.0,11.0,Normal
H006,D004,2025-05-23,35,24,11,22.0,5.0,14.0,9.0,Normal
H003,D005,2025-12-15,26,13,13,15.0,15.0,21.0,7.0,Normal
H005,D007,2025-03-29,44,21,23,40.0,37.0,12.0,11.0,Normal
H005,D009,2025-09-11,59,27,32,11.0,6.0,25.0,8.0,Normal
H007,D002,2025-11-06,36,19,17,22.0,6.0,24.0,21.0,Normal
H004,D007,2025-02-11,14,1,13,31.0,27.0,17.0,16.0,Limited
H001,D004,2025-11-19,56,48,8,32.0,14.0,24.0,4.0,High Utilization
H004,D004,2025-09-19,59,28,31,38.0,4.0,24.0,19.0,Normal
H006,D005,2025-08-24,26,22,4,26.0,25.0,9.0,0.0,High Utilization
H002,D007,2025-03-25,51,8,43,31.0,27.0,15.0,1.0,Limited
H001,D003,2025-04-30,44,20,24,5.0,2.0,13.0,12.0,Normal
H006,D009,2025-05-27,40,15,25,27.0,11.0,22.0,14.0,Normal
H004,D007,2025-05-03,28,10,18,16.0,0.0,9.0,1.0,Normal
H005,D010,2025-07-14,58,9,49,34.0,29.0,9.0,8.0,Limited
H005,D003,2025-04-23,23,12,11,26.0,13.0,14.0,3.0,Normal
H003,D001,2025-05-27,56,42,14,11.0,5.0,14.0,4.0,High Utilization
H004,D009,2025-03-12,51,4,47,9.0,0.0,18.0,14.0,Limited
H006,D006,2025-01-04,11,7,4,19.0,17.0,22.0,19.0,Normal
H006,D009,2025-09-15,45,6,39,19.0,11.0,25.0,8.0,Limited
H004,D002,2025-05-31,45,9,36,8.0,2.0,13.0,6.0,Limited
H005,D007,2025-09-25,13,5,8,39.0,12.0,6.0,3.0,Normal
H003,D009,2025-05-07,12,10,2,34.0,24.0,28.0,19.0,High Utilization
H005,D007,2025-09-18,31,29,2,31.0,1.0,16.0,0.0,Critical
H002,D005,2025-05-21,60,48,12,11.0,3.0,18.0,18.0,High Utilization
H005,D007,2025-03-23,20,1,19,19.0,19.0,14.0,8.0,Limited
H003,D001,2025-06-20,17,6,11,37.0,27.0,8.0,7.0,Normal
H003,D005,2025-12-24,41,18,23,25.0,7.0,19.0,8.0,Normal
H003,D008,2025-11-09,59,57,2,39.0,35.0,26.0,2.0,Critical
H004,D005,2025-10-11,44,13,31,9.0,8.0,7.0,0.0,Limited
H004,D010,2025-05-05,26,17,9,17.0,16.0,28.0,6.0,Normal
H007,D010,2025-04-19,15,13,2,5.0,2.0,24.0,12.0,High Utilization
H003,D009,2025-01-25,40,4,36,25.0,15.0,13.0,2.0,Limited
H004,D001,2025-11-29,10,1,9,32.0,7.0,10.0,7.0,Limited
H003,D002,2025-01-23,21,3,18,26.0,8.0,29.0,29.0,Limited
H005,D006,2025-07-26,56,1,55,11.0,3.0,28.0,18.0,Limited
H007,D008,2025-10-31,13,6,7,25.0,18.0,12.0,7.0,Normal
H004,D005,2025-10-10,28,0,28,27.0,18.0,29.0,18.0,Limited
H004,D003,2025-02-09,13,11,2,17.0,5.0,28.0,13.0,High Utilization
H002,D008,2025-11-11,14,3,11,12.0,11.0,6.0,1.0,Limited
H001,D007,2025-05-30,17,2,15,9.0,1.0,29.0,12.0,Limited
H006,D005,2025-08-27,46,10,36,33.0,2.0,26.0,10.0,Limited
H003,D004,2025-12-29,41,12,29,19.0,1.0,25.0,23.0,Limited
H007,D002,2025-01-29,38,36,2,33.0,28.0,27.0,27.0,Critical
H001,D010,2025-07-22,40,24,16,21.0,10.0,18.0,17.0,Normal
H007,D006,2025-11-02,10,5,5,14.0,6.0,23.0,17.0,Normal
H005,D007,2025-07-16,46,13,33,13.0,8.0,20.0,8.0,Limited
H004,D004,2025-07-21,56,31,25,36.0,36.0,25.0,11.0,Normal
H005,D006,2025-09-03,31,10,21,16.0,13.0,10.0,5.0,Normal
H005,D010,2025-09-11,37,37,0,12.0,2.0,12.0,5.0,Critical
H004,D010,2025-08-18,54,9,45,39.0,24.0,16.0,0.0,Limited
H005,D004,2025-07-04,44,4,40,13.0,8.0,13.0,8.0,Limited
H003,D002,2025-08-01,56,34,22,22.0,7.0,8.0,1.0,Normal
H007,D001,2025-01-05,20,8,12,28.0,5.0,21.0,11.0,Normal
H001,D009,2025-05-05,27,17,10,35.0,18.0,10.0,2.0,Normal
H001,D009,2025-10-08,56,33,23,23.0,8.0,11.0,7.0,Normal
H005,D001,2025-08-17,20,7,13,11.0,4.0,22.0,17.0,Normal
H002,D007,2025-06-05,57,55,2,10.0,6.0,27.0,20.0,Critical
H004,D008,2025-01-09,27,7,20,39.0,16.0,10.0,8.0,Limited
H006,D002,2025-10-15,45,27,18,8.0,1.0,6.0,1.0,Normal
H007,D005,2025-08-19,47,1,46,21.0,11.0,27.0,9.0,Limited
H002,D010,2025-09-09,13,11,2,37.0,23.0,16.0,6.0,High Utilization
H005,D001,2025-04-21,46,26,20,20.0,10.0,18.0,1.0,Normal
H004,D008,2025-08-20,27,15,12,9.0,7.0,23.0,18.0,Normal
H007,D004,2025-08-31,30,2,28,30.0,12.0,27.0,27.0,Limited
H003,D007,2025-06-28,19,19,0,5.0,0.0,12.0,3.0,Critical
H004,D003,2025-08-08,46,0,46,15.0,8.0,25.0,13.0,Limited
H004,D006,2025-01-02,56,49,7,36.0,22.0,29.0,14.0,High Utilization
H004,D002,2025-12-10,20,13,7,14.0,0.0,10.0,10.0,Normal
H004,D009,2025-06-04,19,0,19,28.0,5.0,5.0,1.0,Limited
H002,D009,2025-01-16,40,4,36,6.0,0.0,13.0,11.0,Limited
H001,D006,2025-03-24,13,0,13,10.0,4.0,15.0,1.0,Limited
H006,D005,2025-05-03,14,1,13,33.0,10.0,28.0,3.0,Limited
H002,D010,2025-01-08,49,28,21,30.0,17.0,22.0,8.0,Normal
H002,D001,2025-11-27,41,23,18,23.0,5.0,10.0,2.0,Normal
H004,D008,2025-03-13,36,15,21,19.0,6.0,8.0,3.0,Normal
H002,D002,2025-01-28,24,2,22,13.0,8.0,6.0,3.0,Limited
H005,D009,2025-10-05,33,21,12,10.0,4.0,30.0,12.0,Normal
H001,D004,2025-03-14,58,17,41,22.0,4.0,27.0,3.0,Limited
H006,D002,2025-06-28,12,9,3,30.0,1.0,12.0,0.0,High Utilization
H002,D007,2025-01-05,45,38,7,30.0,18.0,16.0,16.0,High Utilization
H003,D003,2025-02-02,54,52,2,23.0,16.0,28.0,17.0,Critical
H004,D002,2025-10-13,34,3,31,33.0,10.0,20.0,9.0,Limited
H006,D007,2025-08-10,21,12,9,5.0,0.0,21.0,7.0,Normal
H005,D006,2025-04-09,21,17,4,15.0,5.0,21.0,12.0,High Utilization
H005,D010,2025-05-29,56,1,55,18.0,4.0,10.0,3.0,Limited
H007,D010,2025-06-23,47,13,34,8.0,6.0,27.0,0.0,Limited
H004,D007,2025-05-14,34,28,6,28.0,22.0,24.0,13.0,High Utilization
H005,D005,2025-02-09,27,20,7,13.0,3.0,20.0,1.0,Normal
H003,D002,2025-10-30,57,57,0,40.0,33.0,6.0,4.0,Critical
H001,D005,2025-09-19,34,15,19,35.0,3.0,8.0,2.0,Normal
H007,D003,2025-09-04,49,15,34,19.0,12.0,19.0,13.0,Normal
H004,D001,2025-04-16,50,2,48,15.0,5.0,23.0,6.0,Limited
H001,D002,2025-01-03,23,6,17,11.0,3.0,29.0,24.0,Limited
H001,D010,2025-09-06,49,21,28,38.0,36.0,9.0,1.0,Normal
H005,D008,2025-03-02,21,18,3,21.0,20.0,10.0,2.0,High Utilization
H005,D010,2025-04-29,47,4,43,40.0,36.0,6.0,0.0,Limited
H007,D005,2025-12-01,54,11,43,8.0,7.0,29.0,20.0,Limited
H006,D008,2025-06-30,14,3,11,11.0,0.0,8.0,0.0,Limited
H006,D007,2025-12-21,37,36,1,33.0,5.0,14.0,6.0,Critical
H006,D001,2025-02-28,52,33,19,12.0,7.0,29.0,7.0,Normal
H006,D007,2025-07-04,30,18,12,27.0,24.0,25.0,2.0,Normal
H002,D005,2025-01-11,16,0,16,20.0,11.0,12.0,0.0,Limited
H005,D005,2025-01-23,39,39,0,26.0,13.0,20.0,11.0,Critical
H002,D005,2025-07-28,16,2,14,17.0,7.0,18.0,5.0,Limited
H002,D002,2025-04-07,56,30,26,40.0,2.0,20.0,15.0,Normal
H004,D004,2025-09-06,39,20,19,32.0,10.0,17.0,3.0,Normal
H006,D009,2025-09-16,28,13,15,32.0,21.0,17.0,3.0,Normal
H005,D007,2025-09-01,45,17,28,12.0,12.0,19.0,0.0,Normal
H002,D002,2025-08-22,40,4,36,12.0,4.0,18.0,14.0,Limited
H007,D005,2025-10-27,26,18,8,25.0,1.0,16.0,7.0,Normal
H001,D008,2025-04-13,29,8,21,24.0,16.0,25.0,1.0,Limited
H003,D010,2025-01-05,10,6,4,17.0,9.0,6.0,4.0,Normal
H003,D010,2025-03-16,39,8,31,33.0,23.0,30.0,2.0,Limited
H003,D009,2025-08-16,55,54,1,34.0,3.0,17.0,3.0,Critical
H001,D001,2025-02-08,55,39,16,9.0,3.0,14.0,13.0,Normal
H007,D003,2025-11-29,15,3,12,34.0,25.0,11.0,3.0,Limited
H002,D006,2025-05-18,33,13,20,14.0,11.0,26.0,1.0,Normal
H002,D001,2025-04-17,24,17,7,21.0,7.0,27.0,9.0,Normal
H003,D005,2025-08-04,25,15,10,29.0,26.0,10.0,7.0,Normal
H007,D004,2025-03-24,42,16,26,10.0,7.0,12.0,6.0,Normal
H004,D003,2025-05-27,46,34,12,9.0,8.0,27.0,19.0,Normal
H004,D007,2025-03-10,30,25,5,26.0,9.0,9.0,5.0,High Utilization
H002,D010,2025-02-21,41,32,9,26.0,18.0,27.0,0.0,High Utilization
H001,D010,2025-12-08,19,18,1,18.0,9.0,6.0,2.0,Critical
H003,D007,2025-05-11,17,1,16,16.0,0.0,18.0,3.0,Limited
H006,D002,2025-09-03,54,52,2,18.0,17.0,25.0,23.0,Critical
H002,D009,2025-01-10,33,9,24,28.0,12.0,9.0,2.0,Limited
H003,D008,2025-02-03,34,18,16,17.0,14.0,22.0,1.0,Normal
H004,D010,2025-08-18,35,18,17,7.0,0.0,12.0,10.0,Normal
H003,D002,2025-10-17,56,47,9,15.0,7.0,8.0,0.0,High Utilization
H005,D002,2025-08-29,33,30,3,28.0,22.0,11.0,11.0,Critical
H007,D007,2025-11-04,13,4,9,22.0,18.0,29.0,10.0,Normal
H004,D008,2025-10-31,35,12,23,37.0,26.0,20.0,13.0,Normal
H001,D007,2025-10-23,28,26,2,40.0,15.0,9.0,6.0,Critical
H006,D007,2025-12-12,45,24,21,21.0,17.0,24.0,14.0,Normal
H001,D004,2025-03-20,31,20,11,28.0,15.0,22.0,2.0,Normal
H005,D002,2025-01-31,23,17,6,22.0,21.0,19.0,2.0,Normal
H004,D001,2025-06-26,38,18,20,23.0,2.0,21.0,3.0,Normal
H003,D006,2025-10-28,43,11,32,35.0,3.0,5.0,3.0,Limited
H001,D006,2025-08-14,48,32,16,16.0,15.0,12.0,0.0,Normal
H001,D003,2025-05-05,26,20,6,40.0,38.0,24.0,22.0,High Utilization
H004,D004,2025-01-16,15,8,7,12.0,8.0,17.0,9.0,Normal
H005,D003,2025-10-20,51,21,30,38.0,9.0,25.0,2.0,Normal
H005,D010,2025-05-28,32,18,14,21.0,11.0,6.0,0.0,Normal
H001,D009,2025-04-25,15,5,10,36.0,30.0,11.0,1.0,Normal
H007,D005,2025-05-25,54,45,9,32.0,0.0,24.0,6.0,High Utilization
H007,D003,2025-09-02,15,1,14,15.0,1.0,11.0,7.0,Limited
H006,D003,2025-04-02,19,13,6,36.0,34.0,21.0,15.0,Normal
H003,D008,2025-02-02,31,31,0,33.0,0.0,20.0,7.0,Critical
H006,D001,2025-03-10,35,2,33,37.0,21.0,27.0,10.0,Limited
H001,D002,2025-02-13,60,15,45,37.0,35.0,6.0,4.0,Limited
H006,D007,2025-11-10,12,10,2,9.0,4.0,12.0,7.0,High Utilization
H001,D009,2025-01-10,44,44,0,40.0,11.0,17.0,10.0,Critical
H003,D002,2025-07-03,10,0,10,5.0,0.0,14.0,6.0,Limited
H002,D004,2025-11-27,16,15,1,8.0,7.0,22.0,4.0,Critical
H006,D005,2025-10-03,42,17,25,21.0,17.0,20.0,18.0,Normal
H004,D001,2025-03-09,22,20,2,10.0,7.0,25.0,8.0,Critical
H007,D009,2025-08-26,51,10,41,29.0,18.0,26.0,0.0,Limited
H006,D004,2025-05-21,20,17,3,15.0,3.0,18.0,10.0,High Utilization
H001,D006,2025-10-04,13,6,7,20.0,20.0,14.0,2.0,Normal
H007,D003,2025-07-17,14,11,3,13.0,12.0,21.0,17.0,High Utilization
H005,D007,2025-01-02,32,23,9,14.0,4.0,7.0,1.0,Normal
H007,D008,2025-09-01,42,0,42,18.0,5.0,14.0,0.0,Limited
H005,D010,2025-10-13,37,31,6,12.0,4.0,23.0,2.0,High Utilization
H005,D001,2025-04-21,11,9,2,14.0,2.0,18.0,12.0,High Utilization
H003,D008,2025-07-14,58,38,20,26.0,16.0,6.0,0.0,Normal
H004,D007,2025-03-10,53,14,39,37.0,9.0,11.0,8.0,Limited
H007,D003,2025-04-16,26,17,9,16.0,1.0,13.0,5.0,Normal
H006,D010,2025-06-14,26,22,4,39.0,4.0,8.0,1.0,High Utilization
H003,D007,2025-05-30,11,0,11,19.0,0.0,22.0,7.0,Limited
H006,D001,2025-08-18,59,33,26,20.0,14.0,6.0,1.0,Normal
H005,D007,2025-05-07,48,16,32,17.0,6.0,21.0,21.0,Normal
H005,D005,2025-10-23,19,19,0,38.0,9.0,30.0,16.0,Critical
H004,D010,2025-10-02,58,23,35,17.0,12.0,21.0,3.0,Normal
H006,D007,2025-04-08,28,9,19,39.0,29.0,17.0,4.0,Normal
H003,D008,2025-11-15,25,2,23,18.0,17.0,23.0,10.0,Limited
H003,D002,2025-02-12,29,18,11,16.0,1.0,30.0,14.0,Normal
H003,D009,2025-08-10,37,21,16,14.0,11.0,6.0,2.0,Normal
H003,D002,2025-05-17,28,2,26,10.0,10.0,7.0,3.0,Limited
H006,D010,2025-05-29,16,16,0,37.0,32.0,21.0,12.0,Critical
H003,D003,2025-04-28,20,13,7,31.0,2.0,22.0,12.0,Normal
H005,D006,2025-11-18,45,43,2,16.0,2.0,6.0,3.0,Critical
H003,D008,2025-07-19,28,20,8,26.0,2.0,26.0,3.0,Normal
H007,D001,2025-06-18,33,20,13,16.0,12.0,27.0,13.0,Normal
H007,D002,2025-12-29,40,1,39,13.0,8.0,20.0,8.0,Limited
H006,D005,2025-12-07,33,14,19,29.0,29.0,17.0,3.0,Normal
H001,D001,2025-02-27,26,21,5,22.0,3.0,18.0,18.0,High Utilization
H005,D003,2025-12-05,10,0,10,14.0,3.0,26.0,25.0,Limited
H001,D007,2025-01-14,46,27,19,17.0,2.0,21.0,1.0,Normal
H001,D004,2025-12-11,29,26,3,23.0,23.0,20.0,13.0,High Utilization
H003,D005,2025-07-18,17,5,12,17.0,1.0,7.0,7.0,Limited
H001,D002,2025-06-11,39,4,35,34.0,33.0,15.0,14.0,Limited
H005,D008,2025-10-18,50,7,43,39.0,4.0,16.0,16.0,Limited
H003,D005,2025-10-30,32,9,23,36.0,16.0,17.0,17.0,Limited
H001,D008,2025-05-06,37,1,36,15.0,2.0,24.0,6.0,Limited
H004,D007,2025-06-02,21,15,6,21.0,1.0,20.0,12.0,Normal
H005,D003,2025-07-03,47,5,42,31.0,21.0,14.0,3.0,Limited
H007,D006,2025-09-12,40,20,20,36.0,34.0,20.0,6.0,Normal
H003,D010,2025-01-20,25,11,14,16.0,9.0,19.0,5.0,Normal
H006,D006,2025-10-08,58,9,49,29.0,17.0,21.0,5.0,Limited
H005,D001,2025-01-04,51,19,32,23.0,13.0,15.0,12.0,Normal
H007,D003,2025-04-28,42,38,4,18.0,18.0,8.0,1.0,Critical
H003,D003,2025-05-25,32,12,20,40.0,33.0,5.0,3.0,Normal
H006,D008,2025-03-29,46,30,16,24.0,2.0,10.0,7.0,Normal
H001,D004,2025-11-11,10,9,1,6.0,3.0,8.0,7.0,Critical
H006,D008,2025-02-17,51,2,49,10.0,10.0,16.0,13.0,Limited
H007,D003,2025-04-05,60,15,45,27.0,25.0,7.0,7.0,Limited
H007,D006,2025-03-21,59,24,35,26.0,0.0,6.0,6.0,Normal
H003,D003,2025-10-03,55,11,44,20.0,3.0,30.0,6.0,Limited
H007,D002,2025-02-25,59,44,15,34.0,20.0,27.0,5.0,Normal
H003,D001,2025-03-22,32,29,3,16.0,7.0,25.0,2.0,Critical
H004,D006,2025-01-02,23,12,11,13.0,8.0,24.0,19.0,Normal
H005,D007,2025-06-12,27,11,16,9.0,1.0,30.0,23.0,Normal
H002,D001,2025-07-06,57,40,17,14.0,1.0,17.0,13.0,Normal
H003,D007,2025-04-17,26,2,24,29.0,0.0,14.0,13.0,Limited
H003,D005,2025-06-18,60,1,59,24.0,19.0,16.0,6.0,Limited
H007,D004,2025-07-04,20,12,8,10.0,4.0,10.0,2.0,Normal
H004,D001,2025-06-03,35,34,1,20.0,19.0,8.0,8.0,Critical
H002,D002,2025-08-03,22,16,6,10.0,2.0,22.0,21.0,Normal
H002,D004,2025-03-26,22,8,14,39.0,38.0,12.0,2.0,Normal
H002,D002,2025-09-25,44,41,3,13.0,11.0,10.0,10.0,Critical
H001,D001,2025-02-21,40,17,23,19.0,16.0,11.0,7.0,Normal
H006,D002,2025-03-18,11,11,0,29.0,20.0,11.0,1.0,Critical
H007,D006,2025-05-20,22,16,6,14.0,13.0,24.0,2.0,Normal
H002,D004,2025-09-07,50,25,25,39.0,9.0,8.0,5.0,Normal
H002,D002,2025-07-07,59,59,0,15.0,3.0,11.0,8.0,Critical
H002,D004,2025-10-24,22,0,22,28.0,22.0,17.0,15.0,Limited
H001,D003,2025-04-17,42,0,42,38.0,0.0,19.0,6.0,Limited
H006,D005,2025-03-22,32,19,13,35.0,1.0,20.0,4.0,Normal
H007,D010,2025-07-28,14,12,2,22.0,18.0,22.0,0.0,High Utilization
H007,D001,2025-12-08,47,8,39,14.0,2.0,24.0,15.0,Limited
H004,D003,2025-04-12,16,15,1,28.0,21.0,22.0,4.0,Critical
H002,D004,2025-08-31,19,16,3,24.0,15.0,7.0,2.0,High Utilization
H004,D003,2025-12-28,11,0,11,30.0,24.0,27.0,25.0,Limited
H004,D005,2025-05-17,24,9,15,37.0,20.0,13.0,2.0,Normal
H001,D008,2025-10-12,38,10,28,38.0,18.0,6.0,0.0,Limited
H003,D008,2025-12-27,40,40,0,7.0,0.0,30.0,12.0,Critical
H007,D005,2025-08-25,30,3,27,24.0,23.0,17.0,8.0,Limited
H001,D004,2025-03-31,18,18,0,5.0,0.0,26.0,14.0,Critical
H007,D002,2025-03-15,53,49,4,33.0,19.0,22.0,11.0,Critical
H002,D006,2025-04-16,15,8,7,22.0,2.0,11.0,2.0,Normal
H004,D004,2025-09-13,56,11,45,32.0,30.0,6.0,3.0,Limited
H006,D007,2025-01-21,21,2,19,35.0,28.0,6.0,1.0,Limited
H003,D008,2025-11-28,36,31,5,27.0,7.0,16.0,8.0,High Utilization
H001,D005,2025-07-12,43,17,26,8.0,0.0,29.0,21.0,Normal
H001,D003,2025-01-16,14,12,2,20.0,6.0,6.0,1.0,High Utilization
H001,D010,2025-03-06,24,8,16,14.0,9.0,26.0,26.0,Normal
H004,D003,2025-06-05,42,22,20,5.0,3.0,7.0,3.0,Normal
H005,D006,2025-12-02,39,5,34,18.0,9.0,24.0,24.0,Limited
H002,D010,2025-08-19,26,7,19,31.0,19.0,22.0,11.0,Limited
H004,D008,2025-09-21,59,39,20,33.0,4.0,28.0,18.0,Normal
H003,D006,2025-02-26,42,16,26,40.0,14.0,14.0,1.0,Normal
H004,D002,2025-09-01,40,36,4,6.0,6.0,15.0,8.0,Critical
H007,D010,2025-08-24,14,9,5,10.0,3.0,24.0,5.0,Normal
H001,D002,2025-07-24,26,15,11,13.0,10.0,5.0,5.0,Normal
H001,D008,2025-04-04,30,28,2,20.0,17.0,7.0,2.0,Critical
H003,D005,2025-10-31,18,12,6,29.0,13.0,23.0,11.0,Normal
H005,D001,2025-11-26,30,13,17,25.0,2.0,18.0,6.0,Normal
H004,D008,2025-07-04,25,3,22,10.0,5.0,23.0,15.0,Limited
H001,D005,2025-09-19,59,49,10,15.0,7.0,22.0,1.0,High Utilization
H003,D008,2025-09-27,19,13,6,36.0,33.0,9.0,8.0,Normal
H005,D006,2025-05-23,50,3,47,6.0,2.0,28.0,9.0,Limited
H006,D008,2025-04-13,54,45,9,18.0,11.0,28.0,2.0,High Utilization
H006,D001,2025-08-14,38,14,24,25.0,9.0,13.0,7.0,Normal
H006,D002,2025-08-12,19,12,7,7.0,7.0,10.0,6.0,Normal
H006,D006,2025-03-07,56,21,35,20.0,17.0,13.0,4.0,Normal
H004,D008,2025-06-30,29,26,3,6.0,4.0,18.0,16.0,High Utilization
H002,D010,2025-05-13,15,7,8,6.0,1.0,21.0,18.0,Normal
H006,D002,2025-03-12,20,5,15,13.0,5.0,13.0,4.0,Limited
H002,D004,2025-03-12,53,4,49,8.0,7.0,15.0,7.0,Limited
H001,D004,2025-04-12,44,31,13,25.0,6.0,26.0,11.0,Normal
H001,D003,2025-05-30,58,15,43,19.0,3.0,26.0,13.0,Limited
H001,D002,2025-02-04,37,19,18,25.0,5.0,28.0,15.0,Normal
H007,D002,2025-07-08,19,7,12,7.0,3.0,28.0,11.0,Normal
H007,D008,2025-01-26,59,24,35,22.0,19.0,6.0,0.0,Normal
H002,D005,2025-05-28,52,49,3,28.0,16.0,27.0,5.0,Critical
H003,D008,2025-01-02,42,20,22,25.0,8.0,25.0,9.0,Normal
H003,D001,2025-01-31,39,25,14,31.0,31.0,24.0,16.0,Normal
H006,D006,2025-09-26,49,29,20,33.0,13.0,16.0,6.0,Normal
H004,D001,2025-05-11,22,15,7,7.0,2.0,14.0,13.0,Normal
H005,D002,2025-09-20,58,8,50,23.0,0.0,18.0,16.0,Limited
H001,D003,2025-01-12,19,9,10,17.0,2.0,22.0,2.0,Normal
H007,D003,2025-08-31,21,5,16,35.0,25.0,20.0,4.0,Limited
H004,D009,2025-12-23,31,20,11,17.0,2.0,24.0,1.0,Normal
H006,D010,2025-02-12,32,20,12,12.0,5.0,7.0,5.0,Normal
H006,D006,2025-07-30,36,18,18,36.0,2.0,15.0,9.0,Normal
H005,D006,2025-07-04,14,3,11,27.0,6.0,10.0,7.0,Limited
H001,D002,2025-07-04,41,13,28,13.0,11.0,18.0,12.0,Normal
H002,D007,2025-10-22,26,24,2,27.0,3.0,5.0,2.0,Critical
H004,D001,2025-02-02,48,11,37,31.0,8.0,7.0,7.0,Limited
H001,D007,2025-10-22,46,35,11,30.0,22.0,18.0,8.0,High Utilization
H006,D009,2025-07-26,38,21,17,10.0,10.0,26.0,12.0,Normal
H006,D008,2025-07-28,12,2,10,40.0,0.0,26.0,9.0,Limited
H005,D010,2025-11-30,45,22,23,6.0,3.0,16.0,12.0,Normal
H002,D002,2025-07-17,48,23,25,32.0,9.0,22.0,10.0,Normal
H002,D007,2025-10-22,46,29,17,9.0,8.0,23.0,7.0,Normal
H002,D005,2025-02-07,32,26,6,23.0,1.0,15.0,15.0,High Utilization
H002,D006,2025-08-27,16,8,8,34.0,24.0,22.0,10.0,Normal
H001,D006,2025-04-02,37,1,36,10.0,6.0,22.0,1.0,Limited
H004,D004,2025-10-10,54,6,48,17.0,16.0,10.0,9.0,Limited
H001,D004,2025-09-17,28,3,25,39.0,19.0,25.0,7.0,Limited
H003,D008,2025-07-24,40,2,38,33.0,27.0,10.0,8.0,Limited
H003,D008,2025-09-04,21,9,12,19.0,17.0,6.0,5.0,Normal
H007,D001,2025-10-25,11,2,9,19.0,3.0,13.0,9.0,Limited
H007,D006,2025-02-09,45,13,32,32.0,7.0,9.0,4.0,Limited
H003,D005,2025-08-02,39,26,13,6.0,3.0,22.0,7.0,Normal
H007,D005,2025-01-14,44,12,32,10.0,2.0,13.0,6.0,Limited
H005,D006,2025-02-07,21,0,21,7.0,4.0,27.0,11.0,Limited
H003,D007,2025-08-17,42,37,5,26.0,21.0,14.0,0.0,High Utilization
H007,D006,2025-05-08,26,21,5,36.0,2.0,21.0,0.0,High Utilization
H002,D007,2025-07-19,27,9,18,36.0,13.0,30.0,18.0,Normal
H007,D006,2025-10-01,54,51,3,21.0,10.0,10.0,9.0,Critical
H006,D006,2025-10-18,26,20,6,16.0,0.0,19.0,11.0,High Utilization
H001,D010,2025-10-04,38,11,27,19.0,17.0,24.0,12.0,Limited
H006,D006,2025-10-02,17,0,17,31.0,26.0,8.0,3.0,Limited
H005,D005,2025-06-12,11,4,7,11.0,5.0,22.0,15.0,Normal
H006,D006,2025-12-08,49,45,4,25.0,18.0,28.0,8.0,Critical
H002,D001,2025-08-29,58,4,54,11.0,0.0,17.0,10.0,Limited
H005,D006,2025-04-19,32,15,17,25.0,4.0,15.0,1.0,Normal
H003,D005,2025-04-07,22,19,3,26.0,19.0,26.0,14.0,High Utilization
H005,D008,2025-09-30,40,25,15,5.0,5.0,7.0,2.0,Normal
H003,D009,2025-07-06,33,11,22,19.0,2.0,12.0,3.0,Normal
H002,D001,2025-11-22,39,34,5,5.0,3.0,17.0,13.0,High Utilization
H005,D009,2025-02-03,44,37,7,6.0,3.0,27.0,17.0,High Utilization
H004,D008,2025-07-09,56,19,37,16.0,5.0,19.0,4.0,Normal
H005,D003,2025-12-15,58,26,32,7.0,7.0,13.0,1.0,Normal
H006,D004,2025-05-01,32,14,18,6.0,0.0,13.0,10.0,Normal
H007,D003,2025-01-14,43,33,10,9.0,2.0,11.0,10.0,High Utilization
H007,D010,2025-04-20,35,13,22,17.0,7.0,7.0,3.0,Normal
H002,D006,2025-04-11,12,2,10,13.0,3.0,23.0,20.0,Limited
H005,D004,2025-09-24,55,33,22,15.0,8.0,9.0,7.0,Normal
H006,D009,2025-10-03,20,17,3,30.0,12.0,7.0,2.0,High Utilization
H007,D001,2025-06-04,43,33,10,25.0,3.0,22.0,16.0,High Utilization
H001,D003,2025-06-13,51,34,17,8.0,8.0,9.0,3.0,Normal
H001,D009,2025-07-13,51,28,23,5.0,2.0,6.0,2.0,Normal
H007,D006,2025-08-20,43,24,19,36.0,30.0,19.0,2.0,Normal
H001,D008,2025-10-25,51,7,44,30.0,12.0,17.0,13.0,Limited
H003,D004,2025-06-19,49,38,11,36.0,33.0,23.0,13.0,High Utilization
H005,D006,2025-06-22,25,20,5,24.0,21.0,6.0,0.0,High Utilization
H001,D009,2025-01-24,32,7,25,19.0,3.0,14.0,6.0,Limited
H002,D005,2025-10-13,54,32,22,33.0,0.0,21.0,19.0,Normal
H004,D010,2025-04-12,22,18,4,13.0,6.0,5.0,4.0,High Utilization
H003,D001,2025-01-31,52,7,45,25.0,11.0,27.0,1.0,Limited
H001,D008,2025-03-20,44,25,19,36.0,16.0,28.0,3.0,Normal
H005,D009,2025-03-18,43,21,22,37.0,18.0,25.0,25.0,Normal
H005,D008,2025-03-27,24,6,18,32.0,28.0,28.0,2.0,Limited
H006,D006,2025-12-13,12,0,12,26.0,22.0,19.0,16.0,Limited
H003,D001,2025-06-24,41,39,2,10.0,0.0,6.0,5.0,Critical
H006,D008,2025-03-27,53,1,52,21.0,17.0,30.0,22.0,Limited
H005,D004,2025-09-27,47,25,22,40.0,22.0,24.0,8.0,Normal
H007,D006,2025-02-18,47,44,3,6.0,1.0,11.0,1.0,Critical
H003,D004,2025-07-28,57,5,52,40.0,12.0,10.0,9.0,Limited
H004,D003,2025-06-06,49,14,35,8.0,8.0,27.0,5.0,Limited
H002,D008,2025-02-13,44,6,38,11.0,10.0,9.0,4.0,Limited
H002,D003,2025-01-23,39,13,26,37.0,23.0,7.0,5.0,Normal
H005,D010,2025-08-14,41,12,29,10.0,8.0,22.0,8.0,Limited
H005,D003,2025-02-10,10,5,5,12.0,11.0,28.0,2.0,Normal
H002,D003,2025-05-25,60,37,23,14.0,1.0,13.0,1.0,Normal
H002,D006,2025-07-11,19,0,19,18.0,10.0,6.0,4.0,Limited
H001,D002,2025-12-14,22,12,10,26.0,15.0,27.0,11.0,Normal
H003,D010,2025-09-01,48,6,42,40.0,23.0,22.0,8.0,Limited
H007,D006,2025-01-28,19,0,19,38.0,10.0,6.0,6.0,Limited
H005,D005,2025-08-03,42,32,10,32.0,32.0,10.0,7.0,High Utilization
H003,D009,2025-12-01,49,18,31,17.0,11.0,22.0,12.0,Normal
H002,D003,2025-04-21,42,9,33,15.0,5.0,18.0,4.0,Limited
H001,D004,2025-09-02,35,26,9,36.0,9.0,24.0,1.0,Normal
H007,D008,2025-06-27,14,2,12,30.0,24.0,20.0,7.0,Limited
H003,D002,2025-12-29,20,15,5,33.0,10.0,22.0,12.0,High Utilization
H001,D006,2025-08-12,48,23,25,35.0,3.0,20.0,3.0,Normal
H006,D003,2025-01-04,36,17,19,10.0,6.0,17.0,16.0,Normal
H006,D008,2025-03-28,27,25,2,33.0,7.0,13.0,10.0,Critical
H005,D004,2025-04-07,47,23,24,35.0,14.0,27.0,0.0,Normal
H002,D002,2025-03-30,48,18,30,5.0,2.0,28.0,1.0,Normal
H003,D005,2025-08-29,12,2,10,32.0,32.0,23.0,23.0,Limited
H004,D001,2025-10-09,60,32,28,8.0,2.0,16.0,9.0,Normal
H006,D002,2025-12-10,22,20,2,19.0,18.0,24.0,11.0,Critical
H001,D003,2025-04-14,26,8,18,9.0,8.0,25.0,8.0,Normal
H003,D002,2025-08-20,12,7,5,37.0,24.0,22.0,19.0,Normal
H006,D010,2025-06-19,24,5,19,5.0,5.0,29.0,24.0,Limited
H002,D005,2025-07-23,59,47,12,40.0,32.0,27.0,19.0,High Utilization
H004,D006,2025-01-21,47,41,6,30.0,2.0,23.0,16.0,High Utilization
H001,D002,2025-11-12,49,40,9,7.0,5.0,11.0,10.0,High Utilization
H003,D006,2025-08-06,35,22,13,38.0,4.0,24.0,22.0,Normal
H002,D009,2025-01-21,44,25,19,16.0,1.0,19.0,12.0,Normal
H002,D003,2025-03-11,15,14,1,6.0,4.0,23.0,22.0,Critical
H004,D008,2025-04-12,49,42,7,32.0,17.0,16.0,3.0,High Utilization
H001,D010,2025-10-10,59,42,17,28.0,4.0,22.0,14.0,Normal
H005,D003,2025-11-23,48,40,8,21.0,12.0,7.0,0.0,High Utilization
H006,D010,2025-06-23,57,24,33,6.0,6.0,24.0,3.0,Normal
H003,D008,2025-02-03,18,10,8,32.0,24.0,17.0,3.0,Normal
H005,D009,2025-10-20,34,13,21,10.0,1.0,5.0,4.0,Normal
H003,D008,2025-05-22,43,18,25,13.0,9.0,30.0,21.0,Normal
H006,D008,2025-05-19,42,38,4,22.0,12.0,17.0,15.0,Critical
H004,D003,2025-09-10,36,25,11,21.0,10.0,24.0,5.0,Normal
H003,D001,2025-05-03,27,17,10,16.0,4.0,10.0,4.0,Normal
H006,D002,2025-04-30,48,30,18,6.0,4.0,5.0,1.0,Normal
H006,D007,2025-05-05,52,39,13,9.0,2.0,28.0,27.0,High Utilization
H007,D010,2025-08-17,21,17,4,16.0,3.0,19.0,9.0,High Utilization
H003,D002,2025-01-17,54,37,17,7.0,7.0,10.0,7.0,Normal
H002,D007,2025-02-16,11,7,4,5.0,5.0,12.0,2.0,Normal
H007,D006,2025-01-03,24,15,9,15.0,3.0,20.0,17.0,Normal
H006,D002,2025-01-27,37,14,23,8.0,1.0,19.0,19.0,Normal
H002,D010,2025-07-29,18,11,7,33.0,33.0,24.0,15.0,Normal
H002,D002,2025-03-19,15,6,9,39.0,13.0,6.0,4.0,Normal
H007,D004,2025-12-24,42,15,27,32.0,2.0,27.0,21.0,Normal
H005,D003,2025-04-17,40,40,0,40.0,15.0,21.0,20.0,Critical
H002,D002,2025-12-29,21,12,9,40.0,8.0,29.0,3.0,Normal
H006,D002,2025-11-11,46,14,32,24.0,22.0,18.0,9.0,Normal
H001,D009,2025-06-17,14,7,7,39.0,9.0,19.0,7.0,Normal
H005,D010,2025-12-22,57,2,55,36.0,12.0,11.0,1.0,Limited
H006,D002,2025-06-30,54,30,24,30.0,2.0,28.0,20.0,Normal
H003,D002,2025-12-17,26,0,26,13.0,11.0,17.0,7.0,Limited
H002,D006,2025-05-16,21,3,18,24.0,14.0,10.0,10.0,Limited
H007,D007,2025-05-01,55,51,4,40.0,23.0,6.0,1.0,Critical
H005,D010,2025-01-13,50,21,29,30.0,9.0,11.0,2.0,Normal
H003,D007,2025-07-29,25,24,1,12.0,11.0,20.0,16.0,Critical
H004,D008,2025-02-23,39,32,7,15.0,13.0,16.0,9.0,High Utilization
H005,D001,2025-02-14,27,10,17,36.0,36.0,15.0,12.0,Normal
H004,D005,2025-01-05,43,8,35,27.0,21.0,24.0,9.0,Limited
H005,D003,2025-05-04,60,26,34,31.0,25.0,22.0,21.0,Normal
H006,D005,2025-11-05,54,18,36,21.0,8.0,10.0,10.0,Normal
H007,D005,2025-08-31,57,57,0,32.0,13.0,21.0,21.0,Critical
H002,D010,2025-01-28,43,32,11,13.0,2.0,16.0,14.0,Normal
H007,D005,2025-08-20,34,24,10,15.0,12.0,24.0,1.0,Normal
H002,D009,2025-08-15,56,45,11,9.0,0.0,16.0,6.0,High Utilization
H003,D002,2025-10-19,10,0,10,11.0,1.0,27.0,5.0,Limited
H004,D002,2025-12-30,57,8,49,22.0,2.0,15.0,12.0,Limited
H001,D005,2025-11-20,42,30,12,40.0,26.0,28.0,17.0,Normal
H002,D001,2025-09-10,39,9,30,31.0,24.0,24.0,3.0,Limited
H006,D010,2025-08-07,44,30,14,27.0,21.0,10.0,6.0,Normal
H007,D008,2025-01-14,34,21,13,34.0,14.0,11.0,10.0,Normal
H001,D008,2025-08-10,35,2,33,32.0,18.0,17.0,15.0,Limited
H007,D010,2025-01-28,36,36,0,24.0,8.0,6.0,3.0,Critical
H005,D001,2025-03-21,41,3,38,5.0,5.0,6.0,4.0,Limited
H007,D001,2025-02-25,46,26,20,27.0,5.0,25.0,13.0,Normal
H004,D006,2025-12-20,60,44,16,20.0,17.0,9.0,8.0,Normal
H006,D010,2025-06-21,34,0,34,40.0,20.0,29.0,25.0,Limited
H006,D010,2025-10-10,14,2,12,12.0,9.0,17.0,10.0,Limited
H005,D007,2025-10-15,58,17,41,38.0,5.0,12.0,6.0,Limited
H001,D003,2025-09-25,21,15,6,23.0,12.0,8.0,8.0,Normal
H007,D002,2025-07-09,36,18,18,20.0,4.0,20.0,6.0,Normal
H003,D001,2025-07-23,46,30,16,26.0,11.0,11.0,11.0,Normal
H007,D003,2025-03-25,33,17,16,16.0,1.0,29.0,14.0,Normal
H003,D009,2025-04-24,47,6,41,38.0,2.0,25.0,24.0,Limited
H004,D009,2025-07-25,60,60,0,19.0,18.0,29.0,9.0,Critical
H001,D005,2025-01-24,24,17,7,12.0,0.0,19.0,19.0,Normal
H002,D004,2025-12-25,22,15,7,30.0,2.0,6.0,6.0,Normal
H005,D007,2025-07-10,13,12,1,15.0,14.0,19.0,3.0,Critical
H005,D008,2025-10-31,27,25,2,23.0,13.0,12.0,4.0,Critical
H006,D001,2025-09-18,22,2,20,40.0,23.0,23.0,5.0,Limited
H006,D003,2025-09-26,46,30,16,22.0,9.0,26.0,8.0,Normal
H003,D003,2025-01-16,11,3,8,34.0,18.0,16.0,4.0,Limited
H007,D004,2025-04-19,37,17,20,12.0,4.0,24.0,4.0,Normal
H007,D002,2025-03-09,47,41,6,37.0,4.0,12.0,11.0,High Utilization
H003,D002,2025-06-24,29,20,9,14.0,2.0,29.0,16.0,Normal
H007,D009,2025-04-30,24,20,4,36.0,14.0,29.0,5.0,High Utilization
H004,D007,2025-11-14,23,21,2,16.0,4.0,23.0,6.0,Critical
H007,D006,2025-10-11,32,24,8,39.0,22.0,12.0,10.0,High Utilization
H007,D005,2025-05-14,39,24,15,35.0,20.0,6.0,5.0,Normal
H004,D002,2025-05-06,15,4,11,15.0,14.0,22.0,1.0,Limited
H007,D007,2025-06-25,53,15,38,17.0,17.0,20.0,12.0,Limited
H007,D002,2025-03-17,60,39,21,26.0,7.0,24.0,7.0,Normal
H005,D001,2025-01-10,60,36,24,13.0,4.0,11.0,1.0,Normal
H007,D005,2025-03-09,44,44,0,24.0,3.0,21.0,20.0,Critical
H001,D006,2025-12-26,35,27,8,21.0,13.0,24.0,0.0,High Utilization
H006,D004,2025-12-25,14,3,11,12.0,12.0,21.0,16.0,Limited
H007,D008,2025-09-21,35,13,22,16.0,3.0,17.0,5.0,Normal
H004,D006,2025-10-15,17,12,5,7.0,7.0,7.0,7.0,Normal
H004,D001,2025-11-29,26,6,20,20.0,19.0,23.0,15.0,Limited
H001,D001,2025-10-29,44,28,16,39.0,24.0,30.0,19.0,Normal
H007,D004,2025-06-12,35,5,30,33.0,5.0,26.0,6.0,Limited
H003,D002,2025-10-17,15,9,6,8.0,2.0,26.0,4.0,Normal
H005,D002,2025-12-06,31,31,0,39.0,28.0,25.0,22.0,Critical
H006,D002,2025-06-25,44,5,39,27.0,19.0,17.0,12.0,Limited
H002,D002,2025-02-26,53,31,22,31.0,7.0,18.0,14.0,Normal
H003,D007,2025-04-03,14,7,7,5.0,4.0,8.0,1.0,Normal
H002,D001,2025-04-26,48,3,45,21.0,3.0,5.0,5.0,Limited
H002,D003,2025-01-15,13,11,2,6.0,0.0,30.0,4.0,High Utilization
H005,D008,2025-10-22,28,20,8,23.0,8.0,14.0,13.0,Normal
H002,D001,2025-11-01,48,33,15,31.0,8.0,25.0,21.0,Normal
H002,D002,2025-01-04,20,1,19,10.0,1.0,27.0,14.0,Limited
H001,D010,2025-07-27,34,22,12,19.0,14.0,11.0,5.0,Normal
H003,D006,2025-12-23,44,19,25,15.0,14.0,11.0,3.0,Normal
H001,D006,2025-10-01,19,3,16,5.0,3.0,23.0,2.0,Limited
H001,D007,2025-12-21,26,14,12,15.0,14.0,28.0,0.0,Normal
H006,D008,2025-05-13,13,11,2,35.0,16.0,24.0,18.0,High Utilization
H005,D004,2025-07-15,20,16,4,24.0,1.0,21.0,17.0,High Utilization
H004,D002,2025-06-23,16,14,2,19.0,10.0,23.0,10.0,High Utilization
H004,D006,2025-09-15,31,23,8,11.0,3.0,8.0,3.0,Normal
H001,D009,2025-03-23,19,14,5,35.0,19.0,8.0,4.0,Normal
H001,D006,2025-09-23,22,1,21,15.0,5.0,11.0,7.0,Limited
H006,D004,2025-09-05,13,12,1,5.0,1.0,18.0,18.0,Critical
H006,D004,2025-01-14,33,30,3,7.0,5.0,5.0,1.0,Critical
H003,D009,2025-07-31,27,17,10,19.0,12.0,7.0,7.0,Normal
H005,D004,2025-07-08,26,18,8,7.0,4.0,8.0,8.0,Normal
H007,D009,2025-11-11,23,18,5,30.0,25.0,8.0,5.0,High Utilization
H005,D008,2025-03-02,33,24,9,40.0,6.0,11.0,2.0,Normal
H003,D009,2025-06-14,21,6,15,18.0,2.0,24.0,0.0,Limited
H004,D006,2025-04-09,27,20,7,10.0,7.0,18.0,10.0,Normal
H001,D002,2025-11-25,26,17,9,10.0,6.0,22.0,11.0,Normal
H001,D008,2025-07-02,54,29,25,25.0,5.0,5.0,3.0,Normal
H003,D003,2025-08-13,15,12,3,23.0,7.0,8.0,6.0,High Utilization
H001,D002,2025-12-10,13,1,12,39.0,33.0,23.0,8.0,Limited
H002,D005,2025-01-25,44,35,9,11.0,3.0,6.0,2.0,High Utilization
H003,D002,2025-08-18,33,19,14,11.0,0.0,23.0,10.0,Normal
H006,D002,2025-05-24,27,4,23,39.0,29.0,29.0,24.0,Limited
H007,D005,2025-08-16,55,17,38,23.0,10.0,8.0,2.0,Normal
H004,D001,2025-06-26,15,14,1,40.0,27.0,11.0,8.0,Critical
H006,D010,2025-08-31,12,5,7,28.0,21.0,30.0,1.0,Normal
H002,D009,2025-08-28,35,27,8,28.0,4.0,28.0,13.0,High Utilization
H004,D001,2025-06-08,18,15,3,22.0,19.0,19.0,16.0,High Utilization
H002,D007,2025-02-05,37,27,10,14.0,11.0,30.0,23.0,Normal
H007,D008,2025-08-02,56,0,56,36.0,33.0,6.0,2.0,Limited
H006,D004,2025-08-06,51,28,23,11.0,9.0,12.0,4.0,Normal
H007,D004,2025-12-24,13,13,0,39.0,31.0,26.0,6.0,Critical
H002,D002,2025-04-06,26,8,18,17.0,7.0,19.0,9.0,Normal
H004,D007,2025-04-19,13,0,13,26.0,22.0,5.0,3.0,Limited
H001,D009,2025-06-21,41,11,30,36.0,20.0,5.0,3.0,Limited
H004,D008,2025-12-01,55,7,48,8.0,7.0,29.0,9.0,Limited
H003,D007,2025-02-20,17,17,0,31.0,0.0,30.0,19.0,Critical
H005,D006,2025-01-09,60,14,46,16.0,6.0,8.0,2.0,Limited
H001,D002,2025-08-11,46,7,39,14.0,2.0,8.0,8.0,Limited
H001,D002,2025-08-12,39,25,14,22.0,20.0,26.0,11.0,Normal
H006,D001,2025-05-17,33,22,11,10.0,8.0,21.0,2.0,Normal
H006,D001,2025-08-20,51,39,12,12.0,10.0,21.0,4.0,High Utilization
H004,D004,2025-05-19,11,8,3,31.0,5.0,24.0,15.0,Normal
H007,D009,2025-12-08,12,11,1,19.0,11.0,16.0,14.0,Critical
H004,D005,2025-11-26,33,13,20,20.0,14.0,8.0,5.0,Normal
H006,D006,2025-09-17,47,12,35,22.0,5.0,13.0,1.0,Limited
H004,D006,2025-09-25,54,32,22,36.0,3.0,28.0,22.0,Normal
H006,D004,2025-05-23,10,7,3,37.0,8.0,26.0,18.0,Normal
H003,D009,2025-01-03,57,42,15,33.0,28.0,20.0,17.0,Normal
H007,D005,2025-10-27,50,22,28,27.0,22.0,14.0,12.0,Normal
H003,D002,2025-08-23,54,29,25,21.0,16.0,6.0,3.0,Normal
H005,D004,2025-12-30,34,11,23,25.0,24.0,7.0,4.0,Normal
H003,D009,2025-01-10,57,32,25,6.0,1.0,26.0,20.0,Normal
H007,D004,2025-12-25,21,18,3,34.0,0.0,8.0,0.0,High Utilization
H006,D005,2025-05-18,48,30,18,40.0,17.0,14.0,14.0,Normal
H007,D009,2025-06-20,24,6,18,15.0,11.0,19.0,17.0,Limited
H005,D005,2025-05-17,60,7,53,31.0,12.0,29.0,6.0,Limited
H005,D005,2025-10-21,33,31,2,34.0,0.0,14.0,8.0,Critical
H005,D008,2025-01-11,28,2,26,12.0,8.0,15.0,11.0,Limited
H006,D003,2025-09-17,44,7,37,27.0,0.0,29.0,20.0,Limited
H007,D007,2025-11-16,53,29,24,11.0,10.0,12.0,12.0,Normal
H006,D005,2025-05-15,13,4,9,7.0,7.0,23.0,17.0,Normal
H006,D010,2025-07-15,49,23,26,25.0,7.0,28.0,26.0,Normal
H002,D009,2025-07-11,42,32,10,37.0,23.0,25.0,16.0,High Utilization
H001,D002,2025-04-24,50,13,37,23.0,16.0,9.0,6.0,Limited
H002,D009,2025-07-05,38,22,16,32.0,2.0,19.0,17.0,Normal
H002,D005,2025-11-27,56,3,53,6.0,5.0,15.0,6.0,Limited
H003,D009,2025-02-18,11,1,10,16.0,10.0,7.0,2.0,Limited
H007,D010,2025-11-18,12,6,6,34.0,8.0,30.0,26.0,Normal
H006,D001,2025-08-21,22,14,8,37.0,34.0,18.0,17.0,Normal
H002,D004,2025-04-05,23,2,21,28.0,20.0,17.0,12.0,Limited
H002,D003,2025-01-02,14,10,4,11.0,8.0,29.0,8.0,Normal
H002,D008,2025-01-18,27,6,21,7.0,1.0,17.0,1.0,Limited
H006,D008,2025-11-24,48,32,16,14.0,14.0,15.0,1.0,Normal
H007,D008,2025-03-01,45,35,10,9.0,9.0,16.0,10.0,High Utilization
H005,D003,2025-09-03,37,11,26,37.0,20.0,30.0,15.0,Limited
H007,D009,2025-03-12,39,14,25,13.0,3.0,19.0,14.0,Normal
H006,D001,2025-09-20,31,23,8,30.0,10.0,25.0,5.0,Normal
H003,D009,2025-08-18,42,34,8,20.0,2.0,12.0,0.0,High Utilization
H007,D010,2025-02-12,11,1,10,26.0,23.0,16.0,3.0,Limited
H006,D002,2025-02-16,31,27,4,39.0,17.0,24.0,7.0,High Utilization
H007,D005,2025-06-24,25,16,9,9.0,2.0,13.0,3.0,Normal
H002,D008,2025-10-14,32,22,10,16.0,0.0,29.0,4.0,Normal
H004,D008,2025-06-12,34,5,29,38.0,38.0,26.0,2.0,Limited
H006,D010,2025-09-03,19,5,14,24.0,6.0,12.0,9.0,Limited
H001,D002,2025-06-30,12,4,8,29.0,11.0,19.0,17.0,Normal
H002,D007,2025-06-13,59,28,31,33.0,12.0,5.0,3.0,Normal
H003,D009,2025-11-28,49,2,47,6.0,2.0,13.0,3.0,Limited
H001,D007,2025-10-12,15,11,4,37.0,13.0,30.0,18.0,Normal
H002,D009,2025-12-01,50,49,1,17.0,14.0,25.0,13.0,Critical
H004,D008,2025-07-27,27,17,10,24.0,2.0,12.0,11.0,Normal
H004,D009,2025-12-27,48,13,35,18.0,7.0,7.0,6.0,Limited
H007,D004,2025-03-12,42,35,7,14.0,4.0,30.0,26.0,High Utilization
H004,D003,2025-09-04,11,9,2,35.0,18.0,21.0,13.0,High Utilization
H001,D003,2025-08-21,49,14,35,35.0,25.0,10.0,2.0,Limited
H007,D010,2025-01-07,52,31,21,22.0,19.0,21.0,0.0,Normal
H007,D010,2025-10-15,36,18,18,13.0,9.0,13.0,10.0,Normal
H007,D003,2025-03-09,52,9,43,5.0,0.0,5.0,5.0,Limited
H006,D008,2025-06-03,32,14,18,27.0,11.0,5.0,5.0,Normal
H003,D004,2025-01-25,39,32,7,8.0,2.0,22.0,5.0,High Utilization
H002,D010,2025-10-10,49,9,40,32.0,9.0,14.0,7.0,Limited
H005,D001,2025-05-13,32,18,14,38.0,29.0,27.0,19.0,Normal
H002,D008,2025-05-05,47,6,41,37.0,8.0,14.0,11.0,Limited
H006,D006,2025-01-15,33,6,27,9.0,0.0,26.0,6.0,Limited
H006,D008,2025-07-08,25,1,24,23.0,10.0,11.0,7.0,Limited
H001,D003,2025-02-03,26,6,20,9.0,2.0,30.0,22.0,Limited
H007,D002,2025-04-29,33,5,28,25.0,21.0,14.0,9.0,Limited
H005,D001,2025-07-23,20,13,7,25.0,18.0,16.0,3.0,Normal
H004,D005,2025-02-27,28,1,27,16.0,5.0,17.0,11.0,Limited
H007,D002,2025-02-11,30,7,23,22.0,10.0,15.0,15.0,Limited
H003,D008,2025-11-20,13,0,13,16.0,15.0,11.0,3.0,Limited
H003,D001,2025-08-11,41,25,16,9.0,5.0,7.0,1.0,Normal
H006,D002,2025-10-03,16,4,12,8.0,4.0,7.0,2.0,Limited
H002,D010,2025-06-05,45,38,7,38.0,21.0,13.0,5.0,High Utilization
H005,D008,2025-08-21,30,25,5,21.0,11.0,10.0,3.0,High Utilization
H003,D003,2025-01-18,34,31,3,34.0,10.0,11.0,8.0,Critical
H007,D006,2025-10-29,32,21,11,17.0,9.0,15.0,15.0,Normal
H003,D003,2025-09-25,17,11,6,25.0,14.0,10.0,6.0,Normal
H006,D005,2025-10-27,36,25,11,10.0,5.0,14.0,6.0,Normal
H003,D006,2025-06-21,59,8,51,21.0,12.0,10.0,4.0,Limited
H004,D003,2025-10-29,43,42,1,29.0,2.0,8.0,1.0,Critical
H007,D001,2025-10-19,32,30,2,29.0,27.0,15.0,2.0,Critical
H001,D001,2025-01-01,27,12,15,31.0,26.0,6.0,5.0,Normal
H002,D002,2025-03-31,10,9,1,13.0,3.0,26.0,14.0,Critical
H005,D005,2025-01-15,25,21,4,38.0,23.0,13.0,3.0,High Utilization
H007,D001,2025-03-02,58,34,24,12.0,1.0,5.0,0.0,Normal
H005,D002,2025-04-16,43,41,2,8.0,6.0,29.0,20.0,Critical
H004,D008,2025-06-29,43,6,37,33.0,28.0,29.0,16.0,Limited
H005,D007,2025-11-04,34,20,14,24.0,10.0,26.0,17.0,Normal
H005,D004,2025-08-10,56,16,40,16.0,4.0,18.0,1.0,Limited
H002,D007,2025-04-13,37,11,26,36.0,35.0,13.0,11.0,Limited
H005,D005,2025-05-16,19,11,8,19.0,7.0,25.0,23.0,Normal
H004,D007,2025-12-12,42,20,22,39.0,18.0,16.0,4.0,Normal
H002,D005,2025-07-31,45,18,27,14.0,6.0,6.0,2.0,Normal
H001,D003,2025-02-07,22,13,9,8.0,4.0,23.0,9.0,Normal
H001,D002,2025-02-23,52,2,50,28.0,5.0,22.0,4.0,Limited
H005,D003,2025-06-29,34,20,14,35.0,24.0,22.0,0.0,Normal
H005,D004,2025-02-14,42,25,17,26.0,25.0,17.0,3.0,Normal
H005,D001,2025-02-15,55,12,43,5.0,5.0,9.0,9.0,Limited
H005,D009,2025-12-09,40,6,34,33.0,23.0,28.0,4.0,Limited
H005,D006,2025-09-22,59,10,49,20.0,4.0,14.0,7.0,Limited
H002,D010,2025-12-25,15,15,0,40.0,11.0,27.0,14.0,Critical
H007,D003,2025-03-20,25,16,9,34.0,19.0,21.0,9.0,Normal
H003,D003,2025-05-04,59,8,51,30.0,23.0,22.0,13.0,Limited
H006,D007,2025-11-11,25,0,25,35.0,17.0,22.0,6.0,Limited
H006,D001,2025-06-08,56,24,32,25.0,16.0,26.0,16.0,Normal
H002,D009,2025-06-15,21,21,0,39.0,12.0,8.0,8.0,Critical
H001,D004,2025-03-27,24,22,2,12.0,9.0,12.0,9.0,Critical
H007,D009,2025-11-04,49,3,46,36.0,3.0,30.0,14.0,Limited
H004,D009,2025-04-06,30,29,1,37.0,27.0,28.0,12.0,Critical
H002,D001,2025-07-27,49,4,45,27.0,17.0,25.0,4.0,Limited
H007,D001,2025-05-29,17,6,11,28.0,7.0,8.0,2.0,Normal
H003,D005,2025-03-17,56,11,45,29.0,18.0,22.0,19.0,Limited
H007,D008,2025-06-22,45,35,10,33.0,7.0,11.0,8.0,High Utilization
H006,D005,2025-08-07,53,7,46,35.0,3.0,7.0,3.0,Limited
H006,D008,2025-06-25,49,37,12,39.0,19.0,12.0,2.0,High Utilization
H005,D005,2025-07-17,13,9,4,37.0,2.0,19.0,16.0,Normal
H003,D008,2025-07-13,42,32,10,19.0,1.0,8.0,1.0,High Utilization
H001,D002,2025-12-17,25,10,15,35.0,19.0,8.0,2.0,Normal
H001,D003,2025-12-01,24,22,2,14.0,6.0,5.0,1.0,Critical
H004,D003,2025-02-14,55,51,4,10.0,3.0,30.0,10.0,Critical
H002,D006,2025-09-13,50,42,8,19.0,4.0,9.0,6.0,High Utilization
H003,D010,2025-04-13,23,6,17,30.0,4.0,13.0,12.0,Limited
H007,D004,2025-03-02,59,33,26,7.0,2.0,5.0,2.0,Normal
H003,D006,2025-11-17,43,29,14,12.0,12.0,10.0,7.0,Normal
H007,D007,2025-11-12,56,12,44,30.0,10.0,20.0,9.0,Limited
H005,D007,2025-11-25,43,8,35,20.0,16.0,8.0,4.0,Limited
H005,D001,2025-07-17,19,12,7,32.0,22.0,20.0,17.0,Normal
H003,D005,2025-01-27,57,12,45,39.0,27.0,6.0,5.0,Limited
H001,D002,2025-09-18,21,17,4,33.0,11.0,29.0,6.0,High Utilization
H007,D005,2025-06-23,40,12,28,12.0,2.0,16.0,14.0,Limited
H007,D008,2025-07-08,21,0,21,26.0,13.0,26.0,13.0,Limited
H001,D006,2025-12-08,20,15,5,8.0,0.0,25.0,5.0,High Utilization
H002,D002,2025-08-24,29,12,17,21.0,17.0,19.0,16.0,Normal
H007,D009,2025-05-13,14,12,2,38.0,23.0,17.0,14.0,High Utilization
H006,D010,2025-04-02,11,0,11,40.0,2.0,24.0,2.0,Limited
H002,D004,2025-10-15,38,37,1,32.0,15.0,13.0,10.0,Critical
H001,D002,2025-04-26,17,0,17,25.0,25.0,11.0,11.0,Limited
H005,D006,2025-09-11,18,18,0,37.0,28.0,10.0,6.0,Critical
H003,D004,2025-07-23,32,15,17,33.0,15.0,12.0,9.0,Normal
H007,D009,2025-11-02,27,2,25,28.0,5.0,12.0,5.0,Limited
H006,D005,2025-01-27,19,4,15,14.0,7.0,29.0,8.0,Limited
H003,D002,2025-05-13,60,6,54,11.0,0.0,25.0,1.0,Limited
H001,D001,2025-12-24,19,4,15,33.0,27.0,8.0,7.0,Limited
H003,D009,2025-04-15,50,46,4,30.0,14.0,21.0,1.0,Critical
H003,D004,2025-11-21,52,25,27,32.0,16.0,10.0,6.0,Normal
H006,D009,2025-04-26,28,22,6,38.0,21.0,20.0,19.0,High Utilization
H006,D001,2025-04-15,50,49,1,25.0,17.0,27.0,24.0,Critical
H007,D005,2025-02-26,49,26,23,16.0,6.0,26.0,13.0,Normal
H006,D010,2025-05-25,55,28,27,25.0,1.0,10.0,6.0,Normal
H004,D006,2025-11-13,50,15,35,22.0,14.0,12.0,7.0,Limited
H003,D006,2025-09-10,18,9,9,18.0,13.0,28.0,14.0,Normal
H005,D007,2025-06-20,28,4,24,15.0,7.0,23.0,5.0,Limited
H006,D004,2025-10-18,32,23,9,25.0,20.0,17.0,7.0,Normal
H005,D001,2025-11-25,37,8,29,26.0,1.0,18.0,12.0,Limited
H004,D007,2025-08-24,18,14,4,12.0,12.0,9.0,2.0,High Utilization
H001,D006,2025-03-28,41,1,40,20.0,12.0,13.0,11.0,Limited
H001,D002,2025-06-26,14,14,0,25.0,16.0,23.0,10.0,Critical
H005,D006,2025-07-31,21,14,7,27.0,14.0,20.0,14.0,Normal
H006,D002,2025-05-21,58,23,35,40.0,3.0,19.0,2.0,Normal
H003,D001,2025-09-12,36,13,23,25.0,13.0,26.0,16.0,Normal
H003,D008,2025-10-27,18,13,5,27.0,20.0,20.0,5.0,Normal
H001,D008,2025-01-15,35,29,6,16.0,16.0,14.0,6.0,High Utilization
H005,D006,2025-12-06,16,7,9,6.0,0.0,10.0,0.0,Normal
H003,D008,2025-09-28,55,13,42,15.0,15.0,25.0,13.0,Limited
H005,D004,2025-08-06,18,10,8,38.0,16.0,13.0,12.0,Normal
H003,D001,2025-11-05,58,11,47,21.0,4.0,23.0,18.0,Limited
H002,D009,2025-10-31,45,27,18,17.0,5.0,19.0,6.0,Normal
H002,D004,2025-07-21,38,10,28,26.0,1.0,19.0,7.0,Limited
H005,D010,2025-04-24,29,29,0,38.0,5.0,22.0,13.0,Critical
H002,D009,2025-03-07,40,27,13,22.0,4.0,15.0,2.0,Normal
H005,D008,2025-08-19,27,25,2,24.0,10.0,10.0,8.0,Critical
H004,D010,2025-01-22,34,14,20,13.0,5.0,28.0,21.0,Normal
H001,D005,2025-09-18,28,4,24,34.0,26.0,20.0,12.0,Limited
H002,D006,2025-11-05,21,9,12,22.0,3.0,22.0,19.0,Normal
H006,D002,2025-11-19,16,14,2,15.0,15.0,5.0,0.0,High Utilization
H007,D008,2025-08-21,38,31,7,39.0,31.0,11.0,1.0,High Utilization
H003,D006,2025-01-12,38,28,10,18.0,14.0,16.0,6.0,Normal
H004,D008,2025-10-02,46,40,6,35.0,12.0,25.0,0.0,High Utilization
H002,D009,2025-05-25,50,41,9,18.0,4.0,5.0,4.0,High Utilization
H006,D004,2025-10-09,20,12,8,8.0,6.0,24.0,4.0,Normal
H007,D003,2025-10-21,33,31,2,23.0,4.0,11.0,2.0,Critical
H004,D001,2025-10-04,42,32,10,37.0,28.0,5.0,2.0,High Utilization
H003,D009,2025-10-05,10,1,9,16.0,13.0,18.0,0.0,Limited
H002,D004,2025-11-04,31,19,12,5.0,4.0,25.0,22.0,Normal
